order_id,order_detail_id,fecha_id,fecha_entrega_id,cliente_id,empleado_id,producto_id,shipper_id,territorio_id,cantidad,unit_price,descuento,freight,subtotal,total_venta,costo_total,margen,margen_pct,order_date,required_date,shipped_date,dias_entrega,entrega_puntual
10248,10248-11,19960704,19960716,VINET,5,11,3,FRA-ST,12,14.0,0.0,32.38,168.0,168.0,151.2,16.8,10.0,1996-07-04,1996-08-01,1996-07-16,12,1
10248,10248-42,19960704,19960716,VINET,5,42,3,FRA-ST,10,9.8,0.0,32.38,98.0,98.0,84.0,14.0,14.29,1996-07-04,1996-08-01,1996-07-16,12,1
10248,10248-72,19960704,19960716,VINET,5,72,3,FRA-ST,5,34.8,0.0,32.38,174.0,174.0,104.4,69.6,40.0,1996-07-04,1996-08-01,1996-07-16,12,1
10249,10249-14,19960705,19960710,TOMSP,6,14,1,GER-BE,9,18.6,0.0,11.61,167.4,167.4,125.55,41.85,25.0,1996-07-05,1996-08-16,1996-07-10,5,1
10249,10249-51,19960705,19960710,TOMSP,6,51,1,GER-BE,40,42.4,0.0,11.61,1696.0,1696.0,1272.0,424.0,25.0,1996-07-05,1996-08-16,1996-07-10,5,1
10250,10250-41,19960708,19960712,HANAR,4,41,2,BRA-SA,10,7.7,0.0,65.83,77.0,77.0,57.9,19.1,24.81,1996-07-08,1996-08-05,1996-07-12,4,1
10250,10250-51,19960708,19960712,HANAR,4,51,2,BRA-SA,35,42.4,0.15,65.83,1484.0,1261.4,1113.0,148.4,11.76,1996-07-08,1996-08-05,1996-07-12,4,1
10250,10250-65,19960708,19960712,HANAR,4,65,2,BRA-SA,15,16.8,0.15,65.83,252.0,214.2,189.45,24.75,11.55,1996-07-08,1996-08-05,1996-07-12,4,1
10251,10251-22,19960708,19960715,VICTE,3,22,1,FRA-ST,6,16.8,0.05,41.34,100.8,95.76,75.6,20.16,21.05,1996-07-08,1996-08-05,1996-07-15,7,1
10251,10251-57,19960708,19960715,VICTE,3,57,1,FRA-ST,15,15.6,0.05,41.34,234.0,222.3,175.5,46.8,21.05,1996-07-08,1996-08-05,1996-07-15,7,1
10251,10251-65,19960708,19960715,VICTE,3,65,1,FRA-ST,20,16.8,0.0,41.34,336.0,336.0,252.6,83.4,24.82,1996-07-08,1996-08-05,1996-07-15,7,1
10252,10252-20,19960709,19960711,SUPRD,4,20,2,BEL-BR,40,64.8,0.05,51.3,2592.0,2462.4,1944.0,518.4,21.05,1996-07-09,1996-08-06,1996-07-11,2,1
10252,10252-33,19960709,19960711,SUPRD,4,33,2,BEL-BR,25,2.0,0.05,51.3,50.0,47.5,37.5,10.0,21.05,1996-07-09,1996-08-06,1996-07-11,2,1
10252,10252-60,19960709,19960711,SUPRD,4,60,2,BEL-BR,40,27.2,0.0,51.3,1088.0,1088.0,816.0,272.0,25.0,1996-07-09,1996-08-06,1996-07-11,2,1
10253,10253-31,19960710,19960716,HANAR,3,31,2,BRA-SA,20,10.0,0.0,58.17,200.0,200.0,150.0,50.0,25.0,1996-07-10,1996-07-24,1996-07-16,6,1
10253,10253-39,19960710,19960716,HANAR,3,39,2,BRA-SA,42,14.4,0.0,58.17,604.8,604.8,453.6,151.2,25.0,1996-07-10,1996-07-24,1996-07-16,6,1
10253,10253-49,19960710,19960716,HANAR,3,49,2,BRA-SA,40,16.0,0.0,58.17,640.0,640.0,480.0,160.0,25.0,1996-07-10,1996-07-24,1996-07-16,6,1
10254,10254-24,19960711,19960723,CHOPS,5,24,2,SWI-BE,15,3.6,0.15,22.98,54.0,45.9,40.5,5.4,11.76,1996-07-11,1996-08-08,1996-07-23,12,1
10254,10254-55,19960711,19960723,CHOPS,5,55,2,SWI-BE,21,19.2,0.15,22.98,403.2,342.72,302.4,40.32,11.76,1996-07-11,1996-08-08,1996-07-23,12,1
10254,10254-74,19960711,19960723,CHOPS,5,74,2,SWI-BE,21,8.0,0.0,22.98,168.0,168.0,126.0,42.0,25.0,1996-07-11,1996-08-08,1996-07-23,12,1
10255,10255-2,19960712,19960715,RICSU,9,2,3,SWI-BE,20,15.2,0.0,148.33,304.0,304.0,228.0,76.0,25.0,1996-07-12,1996-08-09,1996-07-15,3,1
10255,10255-16,19960712,19960715,RICSU,9,16,3,SWI-BE,35,13.9,0.0,148.33,486.5,486.5,366.45,120.05,24.68,1996-07-12,1996-08-09,1996-07-15,3,1
10255,10255-36,19960712,19960715,RICSU,9,36,3,SWI-BE,25,15.2,0.0,148.33,380.0,380.0,285.0,95.0,25.0,1996-07-12,1996-08-09,1996-07-15,3,1
10255,10255-59,19960712,19960715,RICSU,9,59,3,SWI-BE,30,44.0,0.0,148.33,1320.0,1320.0,990.0,330.0,25.0,1996-07-12,1996-08-09,1996-07-15,3,1
10256,10256-53,19960715,19960717,WELLI,3,53,2,BRA-SA,15,26.2,0.0,13.97,393.0,393.0,295.2,97.8,24.89,1996-07-15,1996-08-12,1996-07-17,2,1
10256,10256-77,19960715,19960717,WELLI,3,77,2,BRA-SA,12,10.4,0.0,13.97,124.8,124.8,93.6,31.2,25.0,1996-07-15,1996-08-12,1996-07-17,2,1
10257,10257-27,19960716,19960722,HILAA,4,27,3,VEN-CA,25,35.1,0.0,81.91,877.5,877.5,658.5,219.0,24.96,1996-07-16,1996-08-13,1996-07-22,6,1
10257,10257-39,19960716,19960722,HILAA,4,39,3,VEN-CA,6,14.4,0.0,81.91,86.4,86.4,64.8,21.6,25.0,1996-07-16,1996-08-13,1996-07-22,6,1
10257,10257-77,19960716,19960722,HILAA,4,77,3,VEN-CA,15,10.4,0.0,81.91,156.0,156.0,117.0,39.0,25.0,1996-07-16,1996-08-13,1996-07-22,6,1
10258,10258-2,19960717,19960723,ERNSH,1,2,1,AUS-GR,50,15.2,0.2,140.51,760.0,608.0,570.0,38.0,6.25,1996-07-17,1996-08-14,1996-07-23,6,1
10258,10258-5,19960717,19960723,ERNSH,1,5,1,AUS-GR,65,17.0,0.2,140.51,1105.0,884.0,832.65,51.35,5.81,1996-07-17,1996-08-14,1996-07-23,6,1
10258,10258-32,19960717,19960723,ERNSH,1,32,1,AUS-GR,6,25.6,0.2,140.51,153.6,122.88,115.2,7.68,6.25,1996-07-17,1996-08-14,1996-07-23,6,1
10259,10259-21,19960718,19960725,CENTC,4,21,3,MEX-MÉ,10,8.0,0.0,3.25,80.0,80.0,60.0,20.0,25.0,1996-07-18,1996-08-15,1996-07-25,7,1
10259,10259-37,19960718,19960725,CENTC,4,37,3,MEX-MÉ,1,20.8,0.0,3.25,20.8,20.8,15.6,5.2,25.0,1996-07-18,1996-08-15,1996-07-25,7,1
10260,10260-41,19960719,19960729,OTTIK,4,41,1,GER-BE,16,7.7,0.25,55.09,123.2,92.4,92.64,-0.24,-0.26,1996-07-19,1996-08-16,1996-07-29,10,1
10260,10260-57,19960719,19960729,OTTIK,4,57,1,GER-BE,50,15.6,0.0,55.09,780.0,780.0,585.0,195.0,25.0,1996-07-19,1996-08-16,1996-07-29,10,1
10260,10260-62,19960719,19960729,OTTIK,4,62,1,GER-BE,15,39.4,0.25,55.09,591.0,443.25,443.7,-0.45,-0.1,1996-07-19,1996-08-16,1996-07-29,10,1
10260,10260-70,19960719,19960729,OTTIK,4,70,1,GER-BE,21,12.0,0.25,55.09,252.0,189.0,189.0,0.0,0.0,1996-07-19,1996-08-16,1996-07-29,10,1
10261,10261-21,19960719,19960730,QUEDE,4,21,2,BRA-SA,20,8.0,0.0,3.05,160.0,160.0,120.0,40.0,25.0,1996-07-19,1996-08-16,1996-07-30,11,1
10261,10261-35,19960719,19960730,QUEDE,4,35,2,BRA-SA,20,14.4,0.0,3.05,288.0,288.0,216.0,72.0,25.0,1996-07-19,1996-08-16,1996-07-30,11,1
10262,10262-5,19960722,19960725,RATTC,8,5,3,USA-EU,12,17.0,0.2,48.29,204.0,163.2,153.72,9.48,5.81,1996-07-22,1996-08-19,1996-07-25,3,1
10262,10262-7,19960722,19960725,RATTC,8,7,3,USA-EU,15,24.0,0.0,48.29,360.0,360.0,270.0,90.0,25.0,1996-07-22,1996-08-19,1996-07-25,3,1
10262,10262-56,19960722,19960725,RATTC,8,56,3,USA-EU,2,30.4,0.0,48.29,60.8,60.8,45.6,15.2,25.0,1996-07-22,1996-08-19,1996-07-25,3,1
10263,10263-16,19960723,19960731,ERNSH,9,16,3,AUS-GR,60,13.9,0.25,146.06,834.0,625.5,628.2,-2.7,-0.43,1996-07-23,1996-08-20,1996-07-31,8,1
10263,10263-24,19960723,19960731,ERNSH,9,24,3,AUS-GR,28,3.6,0.0,146.06,100.8,100.8,75.6,25.2,25.0,1996-07-23,1996-08-20,1996-07-31,8,1
10263,10263-30,19960723,19960731,ERNSH,9,30,3,AUS-GR,60,20.7,0.25,146.06,1242.0,931.5,931.8,-0.3,-0.03,1996-07-23,1996-08-20,1996-07-31,8,1
10263,10263-74,19960723,19960731,ERNSH,9,74,3,AUS-GR,36,8.0,0.25,146.06,288.0,216.0,216.0,0.0,0.0,1996-07-23,1996-08-20,1996-07-31,8,1
10264,10264-2,19960724,19960823,FOLKO,6,2,3,SWE-LU,35,15.2,0.0,3.67,532.0,532.0,399.0,133.0,25.0,1996-07-24,1996-08-21,1996-08-23,30,0
10264,10264-41,19960724,19960823,FOLKO,6,41,3,SWE-LU,25,7.7,0.15,3.67,192.5,163.62,144.75,18.87,11.53,1996-07-24,1996-08-21,1996-08-23,30,0
10265,10265-17,19960725,19960812,BLONP,2,17,1,FRA-ST,30,31.2,0.0,55.28,936.0,936.0,702.0,234.0,25.0,1996-07-25,1996-08-22,1996-08-12,18,1
10265,10265-70,19960725,19960812,BLONP,2,70,1,FRA-ST,20,12.0,0.0,55.28,240.0,240.0,180.0,60.0,25.0,1996-07-25,1996-08-22,1996-08-12,18,1
10266,10266-12,19960726,19960731,WARTH,3,12,3,FIN-OU,12,30.4,0.05,25.73,364.8,346.56,273.6,72.96,21.05,1996-07-26,1996-09-06,1996-07-31,5,1
10267,10267-40,19960729,19960806,FRANK,4,40,1,GER-BE,50,14.7,0.0,208.58,735.0,735.0,552.0,183.0,24.9,1996-07-29,1996-08-26,1996-08-06,8,1
10267,10267-59,19960729,19960806,FRANK,4,59,1,GER-BE,70,44.0,0.15,208.58,3080.0,2618.0,2310.0,308.0,11.76,1996-07-29,1996-08-26,1996-08-06,8,1
10267,10267-76,19960729,19960806,FRANK,4,76,1,GER-BE,15,14.4,0.15,208.58,216.0,183.6,162.0,21.6,11.76,1996-07-29,1996-08-26,1996-08-06,8,1
10268,10268-29,19960730,19960802,GROSR,8,29,3,VEN-CA,10,99.0,0.0,66.29,990.0,990.0,742.7,247.3,24.98,1996-07-30,1996-08-27,1996-08-02,3,1
10268,10268-72,19960730,19960802,GROSR,8,72,3,VEN-CA,4,27.8,0.0,66.29,111.2,111.2,83.52,27.68,24.89,1996-07-30,1996-08-27,1996-08-02,3,1
10269,10269-33,19960731,19960809,WHITC,5,33,1,USA-EU,60,2.0,0.05,4.56,120.0,114.0,90.0,24.0,21.05,1996-07-31,1996-08-14,1996-08-09,9,1
10269,10269-72,19960731,19960809,WHITC,5,72,1,USA-EU,20,27.8,0.05,4.56,556.0,528.2,417.6,110.6,20.94,1996-07-31,1996-08-14,1996-08-09,9,1
10270,10270-36,19960801,19960802,WARTH,1,36,1,FIN-OU,30,15.2,0.0,136.54,456.0,456.0,342.0,114.0,25.0,1996-08-01,1996-08-29,1996-08-02,1,1
10270,10270-43,19960801,19960802,WARTH,1,43,1,FIN-OU,25,36.8,0.0,136.54,920.0,920.0,690.0,230.0,25.0,1996-08-01,1996-08-29,1996-08-02,1,1
10271,10271-33,19960801,19960830,SPLIR,6,33,2,USA-EU,24,2.0,0.0,4.54,48.0,48.0,36.0,12.0,25.0,1996-08-01,1996-08-29,1996-08-30,29,0
10272,10272-20,19960802,19960806,RATTC,6,20,2,USA-EU,6,64.8,0.0,98.03,388.8,388.8,291.6,97.2,25.0,1996-08-02,1996-08-30,1996-08-06,4,1
10272,10272-31,19960802,19960806,RATTC,6,31,2,USA-EU,40,10.0,0.0,98.03,400.0,400.0,300.0,100.0,25.0,1996-08-02,1996-08-30,1996-08-06,4,1
10272,10272-72,19960802,19960806,RATTC,6,72,2,USA-EU,24,27.8,0.0,98.03,667.2,667.2,501.12,166.08,24.89,1996-08-02,1996-08-30,1996-08-06,4,1
10273,10273-10,19960805,19960812,QUICK,3,10,3,GER-BE,24,24.8,0.05,76.07,595.2,565.44,446.4,119.04,21.05,1996-08-05,1996-09-02,1996-08-12,7,1
10273,10273-31,19960805,19960812,QUICK,3,31,3,GER-BE,15,10.0,0.05,76.07,150.0,142.5,112.5,30.0,21.05,1996-08-05,1996-09-02,1996-08-12,7,1
10273,10273-33,19960805,19960812,QUICK,3,33,3,GER-BE,20,2.0,0.0,76.07,40.0,40.0,30.0,10.0,25.0,1996-08-05,1996-09-02,1996-08-12,7,1
10273,10273-40,19960805,19960812,QUICK,3,40,3,GER-BE,60,14.7,0.05,76.07,882.0,837.9,662.4,175.5,20.95,1996-08-05,1996-09-02,1996-08-12,7,1
10273,10273-76,19960805,19960812,QUICK,3,76,3,GER-BE,33,14.4,0.05,76.07,475.2,451.44,356.4,95.04,21.05,1996-08-05,1996-09-02,1996-08-12,7,1
10274,10274-71,19960806,19960816,VINET,6,71,1,FRA-ST,20,17.2,0.0,6.01,344.0,344.0,258.0,86.0,25.0,1996-08-06,1996-09-03,1996-08-16,10,1
10274,10274-72,19960806,19960816,VINET,6,72,1,FRA-ST,7,27.8,0.0,6.01,194.6,194.6,146.16,48.44,24.89,1996-08-06,1996-09-03,1996-08-16,10,1
10275,10275-24,19960807,19960809,MAGAA,1,24,1,ITA-TO,12,3.6,0.05,26.93,43.2,41.04,32.4,8.64,21.05,1996-08-07,1996-09-04,1996-08-09,2,1
10275,10275-59,19960807,19960809,MAGAA,1,59,1,ITA-TO,6,44.0,0.05,26.93,264.0,250.8,198.0,52.8,21.05,1996-08-07,1996-09-04,1996-08-09,2,1
10276,10276-10,19960808,19960814,TORTU,8,10,3,MEX-MÉ,15,24.8,0.0,13.84,372.0,372.0,279.0,93.0,25.0,1996-08-08,1996-08-22,1996-08-14,6,1
10276,10276-13,19960808,19960814,TORTU,8,13,3,MEX-MÉ,10,4.8,0.0,13.84,48.0,48.0,36.0,12.0,25.0,1996-08-08,1996-08-22,1996-08-14,6,1
10277,10277-28,19960809,19960813,MORGK,2,28,3,GER-BE,20,36.4,0.0,125.77,728.0,728.0,547.2,180.8,24.84,1996-08-09,1996-09-06,1996-08-13,4,1
10277,10277-62,19960809,19960813,MORGK,2,62,3,GER-BE,12,39.4,0.0,125.77,472.8,472.8,354.96,117.84,24.92,1996-08-09,1996-09-06,1996-08-13,4,1
10278,10278-44,19960812,19960816,BERGS,8,44,2,SWE-LU,16,15.5,0.0,92.69,248.0,248.0,186.72,61.28,24.71,1996-08-12,1996-09-09,1996-08-16,4,1
10278,10278-59,19960812,19960816,BERGS,8,59,2,SWE-LU,15,44.0,0.0,92.69,660.0,660.0,495.0,165.0,25.0,1996-08-12,1996-09-09,1996-08-16,4,1
10278,10278-63,19960812,19960816,BERGS,8,63,2,SWE-LU,8,35.1,0.0,92.69,280.8,280.8,210.72,70.08,24.96,1996-08-12,1996-09-09,1996-08-16,4,1
10278,10278-73,19960812,19960816,BERGS,8,73,2,SWE-LU,25,12.0,0.0,92.69,300.0,300.0,225.0,75.0,25.0,1996-08-12,1996-09-09,1996-08-16,4,1
10279,10279-17,19960813,19960816,LEHMS,8,17,2,GER-BE,15,31.2,0.25,25.83,468.0,351.0,351.0,0.0,0.0,1996-08-13,1996-09-10,1996-08-16,3,1
10280,10280-24,19960814,19960912,BERGS,2,24,1,SWE-LU,12,3.6,0.0,8.98,43.2,43.2,32.4,10.8,25.0,1996-08-14,1996-09-11,1996-09-12,29,0
10280,10280-55,19960814,19960912,BERGS,2,55,1,SWE-LU,20,19.2,0.0,8.98,384.0,384.0,288.0,96.0,25.0,1996-08-14,1996-09-11,1996-09-12,29,0
10280,10280-75,19960814,19960912,BERGS,2,75,1,SWE-LU,30,6.2,0.0,8.98,186.0,186.0,139.5,46.5,25.0,1996-08-14,1996-09-11,1996-09-12,29,0
10281,10281-19,19960814,19960821,ROMEY,4,19,1,SPA-MA,1,7.3,0.0,2.94,7.3,7.3,5.52,1.78,24.38,1996-08-14,1996-08-28,1996-08-21,7,1
10281,10281-24,19960814,19960821,ROMEY,4,24,1,SPA-MA,6,3.6,0.0,2.94,21.6,21.6,16.2,5.4,25.0,1996-08-14,1996-08-28,1996-08-21,7,1
10281,10281-35,19960814,19960821,ROMEY,4,35,1,SPA-MA,4,14.4,0.0,2.94,57.6,57.6,43.2,14.4,25.0,1996-08-14,1996-08-28,1996-08-21,7,1
10282,10282-30,19960815,19960821,ROMEY,4,30,1,SPA-MA,6,20.7,0.0,12.69,124.2,124.2,93.18,31.02,24.98,1996-08-15,1996-09-12,1996-08-21,6,1
10282,10282-57,19960815,19960821,ROMEY,4,57,1,SPA-MA,2,15.6,0.0,12.69,31.2,31.2,23.4,7.8,25.0,1996-08-15,1996-09-12,1996-08-21,6,1
10283,10283-15,19960816,19960823,LILAS,3,15,3,VEN-CA,20,12.4,0.0,84.81,248.0,248.0,186.0,62.0,25.0,1996-08-16,1996-09-13,1996-08-23,7,1
10283,10283-19,19960816,19960823,LILAS,3,19,3,VEN-CA,18,7.3,0.0,84.81,131.4,131.4,99.36,32.04,24.38,1996-08-16,1996-09-13,1996-08-23,7,1
10283,10283-60,19960816,19960823,LILAS,3,60,3,VEN-CA,35,27.2,0.0,84.81,952.0,952.0,714.0,238.0,25.0,1996-08-16,1996-09-13,1996-08-23,7,1
10283,10283-72,19960816,19960823,LILAS,3,72,3,VEN-CA,3,27.8,0.0,84.81,83.4,83.4,62.64,20.76,24.89,1996-08-16,1996-09-13,1996-08-23,7,1
10284,10284-27,19960819,19960827,LEHMS,4,27,1,GER-BE,15,35.1,0.25,76.56,526.5,394.88,395.1,-0.22,-0.06,1996-08-19,1996-09-16,1996-08-27,8,1
10284,10284-44,19960819,19960827,LEHMS,4,44,1,GER-BE,21,15.5,0.0,76.56,325.5,325.5,245.07,80.43,24.71,1996-08-19,1996-09-16,1996-08-27,8,1
10284,10284-60,19960819,19960827,LEHMS,4,60,1,GER-BE,20,27.2,0.25,76.56,544.0,408.0,408.0,0.0,0.0,1996-08-19,1996-09-16,1996-08-27,8,1
10284,10284-67,19960819,19960827,LEHMS,4,67,1,GER-BE,5,11.2,0.25,76.56,56.0,42.0,42.0,0.0,0.0,1996-08-19,1996-09-16,1996-08-27,8,1
10285,10285-1,19960820,19960826,QUICK,1,1,2,GER-BE,45,14.4,0.2,76.83,648.0,518.4,486.0,32.4,6.25,1996-08-20,1996-09-17,1996-08-26,6,1
10285,10285-40,19960820,19960826,QUICK,1,40,2,GER-BE,40,14.7,0.2,76.83,588.0,470.4,441.6,28.8,6.12,1996-08-20,1996-09-17,1996-08-26,6,1
10285,10285-53,19960820,19960826,QUICK,1,53,2,GER-BE,36,26.2,0.2,76.83,943.2,754.56,708.48,46.08,6.11,1996-08-20,1996-09-17,1996-08-26,6,1
10286,10286-35,19960821,19960830,QUICK,8,35,3,GER-BE,100,14.4,0.0,229.24,1440.0,1440.0,1080.0,360.0,25.0,1996-08-21,1996-09-18,1996-08-30,9,1
10286,10286-62,19960821,19960830,QUICK,8,62,3,GER-BE,40,39.4,0.0,229.24,1576.0,1576.0,1183.2,392.8,24.92,1996-08-21,1996-09-18,1996-08-30,9,1
10287,10287-16,19960822,19960828,RICAR,8,16,3,BRA-SA,40,13.9,0.15,12.76,556.0,472.6,418.8,53.8,11.38,1996-08-22,1996-09-19,1996-08-28,6,1
10287,10287-34,19960822,19960828,RICAR,8,34,3,BRA-SA,20,11.2,0.0,12.76,224.0,224.0,168.0,56.0,25.0,1996-08-22,1996-09-19,1996-08-28,6,1
10287,10287-46,19960822,19960828,RICAR,8,46,3,BRA-SA,15,9.6,0.15,12.76,144.0,122.4,108.0,14.4,11.76,1996-08-22,1996-09-19,1996-08-28,6,1
10288,10288-54,19960823,19960903,REGGC,4,54,1,ITA-TO,10,5.9,0.1,7.45,59.0,53.1,44.7,8.4,15.82,1996-08-23,1996-09-20,1996-09-03,11,1
10288,10288-68,19960823,19960903,REGGC,4,68,1,ITA-TO,3,10.0,0.1,7.45,30.0,27.0,22.5,4.5,16.67,1996-08-23,1996-09-20,1996-09-03,11,1
10289,10289-3,19960826,19960828,BSBEV,7,3,3,UK-LO,30,8.0,0.0,22.77,240.0,240.0,180.0,60.0,25.0,1996-08-26,1996-09-23,1996-08-28,2,1
10289,10289-64,19960826,19960828,BSBEV,7,64,3,UK-LO,9,26.6,0.0,22.77,239.4,239.4,179.55,59.85,25.0,1996-08-26,1996-09-23,1996-08-28,2,1
10290,10290-5,19960827,19960903,COMMI,8,5,1,BRA-SA,20,17.0,0.0,79.7,340.0,340.0,256.2,83.8,24.65,1996-08-27,1996-09-24,1996-09-03,7,1
10290,10290-29,19960827,19960903,COMMI,8,29,1,BRA-SA,15,99.0,0.0,79.7,1485.0,1485.0,1114.05,370.95,24.98,1996-08-27,1996-09-24,1996-09-03,7,1
10290,10290-49,19960827,19960903,COMMI,8,49,1,BRA-SA,15,16.0,0.0,79.7,240.0,240.0,180.0,60.0,25.0,1996-08-27,1996-09-24,1996-09-03,7,1
10290,10290-77,19960827,19960903,COMMI,8,77,1,BRA-SA,10,10.4,0.0,79.7,104.0,104.0,78.0,26.0,25.0,1996-08-27,1996-09-24,1996-09-03,7,1
10291,10291-13,19960827,19960904,QUEDE,6,13,2,BRA-SA,20,4.8,0.1,6.4,96.0,86.4,72.0,14.4,16.67,1996-08-27,1996-09-24,1996-09-04,8,1
10291,10291-44,19960827,19960904,QUEDE,6,44,2,BRA-SA,24,15.5,0.1,6.4,372.0,334.8,280.08,54.72,16.34,1996-08-27,1996-09-24,1996-09-04,8,1
10291,10291-51,19960827,19960904,QUEDE,6,51,2,BRA-SA,2,42.4,0.1,6.4,84.8,76.32,63.6,12.72,16.67,1996-08-27,1996-09-24,1996-09-04,8,1
10292,10292-20,19960828,19960902,TRADH,1,20,2,BRA-SA,20,64.8,0.0,1.35,1296.0,1296.0,972.0,324.0,25.0,1996-08-28,1996-09-25,1996-09-02,5,1
10293,10293-18,19960829,19960911,TORTU,1,18,3,MEX-MÉ,12,50.0,0.0,21.18,600.0,600.0,450.0,150.0,25.0,1996-08-29,1996-09-26,1996-09-11,13,1
10293,10293-24,19960829,19960911,TORTU,1,24,3,MEX-MÉ,10,3.6,0.0,21.18,36.0,36.0,27.0,9.0,25.0,1996-08-29,1996-09-26,1996-09-11,13,1
10293,10293-63,19960829,19960911,TORTU,1,63,3,MEX-MÉ,5,35.1,0.0,21.18,175.5,175.5,131.7,43.8,24.96,1996-08-29,1996-09-26,1996-09-11,13,1
10293,10293-75,19960829,19960911,TORTU,1,75,3,MEX-MÉ,6,6.2,0.0,21.18,37.2,37.2,27.9,9.3,25.0,1996-08-29,1996-09-26,1996-09-11,13,1
10294,10294-1,19960830,19960905,RATTC,4,1,2,USA-EU,18,14.4,0.0,147.26,259.2,259.2,194.4,64.8,25.0,1996-08-30,1996-09-27,1996-09-05,6,1
10294,10294-17,19960830,19960905,RATTC,4,17,2,USA-EU,15,31.2,0.0,147.26,468.0,468.0,351.0,117.0,25.0,1996-08-30,1996-09-27,1996-09-05,6,1
10294,10294-43,19960830,19960905,RATTC,4,43,2,USA-EU,15,36.8,0.0,147.26,552.0,552.0,414.0,138.0,25.0,1996-08-30,1996-09-27,1996-09-05,6,1
10294,10294-60,19960830,19960905,RATTC,4,60,2,USA-EU,21,27.2,0.0,147.26,571.2,571.2,428.4,142.8,25.0,1996-08-30,1996-09-27,1996-09-05,6,1
10294,10294-75,19960830,19960905,RATTC,4,75,2,USA-EU,6,6.2,0.0,147.26,37.2,37.2,27.9,9.3,25.0,1996-08-30,1996-09-27,1996-09-05,6,1
10295,10295-56,19960902,19960910,VINET,2,56,2,FRA-ST,4,30.4,0.0,1.15,121.6,121.6,91.2,30.4,25.0,1996-09-02,1996-09-30,1996-09-10,8,1
10296,10296-11,19960903,19960911,LILAS,6,11,1,VEN-CA,12,16.8,0.0,0.12,201.6,201.6,151.2,50.4,25.0,1996-09-03,1996-10-01,1996-09-11,8,1
10296,10296-16,19960903,19960911,LILAS,6,16,1,VEN-CA,30,13.9,0.0,0.12,417.0,417.0,314.1,102.9,24.68,1996-09-03,1996-10-01,1996-09-11,8,1
10296,10296-69,19960903,19960911,LILAS,6,69,1,VEN-CA,15,28.8,0.0,0.12,432.0,432.0,324.0,108.0,25.0,1996-09-03,1996-10-01,1996-09-11,8,1
10297,10297-39,19960904,19960910,BLONP,5,39,2,FRA-ST,60,14.4,0.0,5.74,864.0,864.0,648.0,216.0,25.0,1996-09-04,1996-10-16,1996-09-10,6,1
10297,10297-72,19960904,19960910,BLONP,5,72,2,FRA-ST,20,27.8,0.0,5.74,556.0,556.0,417.6,138.4,24.89,1996-09-04,1996-10-16,1996-09-10,6,1
10298,10298-2,19960905,19960911,HUNGO,6,2,2,IRE-CO,40,15.2,0.0,168.22,608.0,608.0,456.0,152.0,25.0,1996-09-05,1996-10-03,1996-09-11,6,1
10298,10298-36,19960905,19960911,HUNGO,6,36,2,IRE-CO,40,15.2,0.25,168.22,608.0,456.0,456.0,0.0,0.0,1996-09-05,1996-10-03,1996-09-11,6,1
10298,10298-59,19960905,19960911,HUNGO,6,59,2,IRE-CO,30,44.0,0.25,168.22,1320.0,990.0,990.0,0.0,0.0,1996-09-05,1996-10-03,1996-09-11,6,1
10298,10298-62,19960905,19960911,HUNGO,6,62,2,IRE-CO,15,39.4,0.0,168.22,591.0,591.0,443.7,147.3,24.92,1996-09-05,1996-10-03,1996-09-11,6,1
10299,10299-19,19960906,19960913,RICAR,4,19,2,BRA-SA,15,7.3,0.0,29.76,109.5,109.5,82.8,26.7,24.38,1996-09-06,1996-10-04,1996-09-13,7,1
10299,10299-70,19960906,19960913,RICAR,4,70,2,BRA-SA,20,12.0,0.0,29.76,240.0,240.0,180.0,60.0,25.0,1996-09-06,1996-10-04,1996-09-13,7,1
10300,10300-66,19960909,19960918,MAGAA,2,66,2,ITA-TO,30,13.6,0.0,17.68,408.0,408.0,306.0,102.0,25.0,1996-09-09,1996-10-07,1996-09-18,9,1
10300,10300-68,19960909,19960918,MAGAA,2,68,2,ITA-TO,20,10.0,0.0,17.68,200.0,200.0,150.0,50.0,25.0,1996-09-09,1996-10-07,1996-09-18,9,1
10301,10301-40,19960909,19960917,WANDK,8,40,2,GER-BE,10,14.7,0.0,45.08,147.0,147.0,110.4,36.6,24.9,1996-09-09,1996-10-07,1996-09-17,8,1
10301,10301-56,19960909,19960917,WANDK,8,56,2,GER-BE,20,30.4,0.0,45.08,608.0,608.0,456.0,152.0,25.0,1996-09-09,1996-10-07,1996-09-17,8,1
10302,10302-17,19960910,19961009,SUPRD,4,17,2,BEL-BR,40,31.2,0.0,6.27,1248.0,1248.0,936.0,312.0,25.0,1996-09-10,1996-10-08,1996-10-09,29,0
10302,10302-28,19960910,19961009,SUPRD,4,28,2,BEL-BR,28,36.4,0.0,6.27,1019.2,1019.2,766.08,253.12,24.84,1996-09-10,1996-10-08,1996-10-09,29,0
10302,10302-43,19960910,19961009,SUPRD,4,43,2,BEL-BR,12,36.8,0.0,6.27,441.6,441.6,331.2,110.4,25.0,1996-09-10,1996-10-08,1996-10-09,29,0
10303,10303-40,19960911,19960918,GODOS,7,40,2,SPA-MA,40,14.7,0.1,107.83,588.0,529.2,441.6,87.6,16.55,1996-09-11,1996-10-09,1996-09-18,7,1
10303,10303-65,19960911,19960918,GODOS,7,65,2,SPA-MA,30,16.8,0.1,107.83,504.0,453.6,378.9,74.7,16.47,1996-09-11,1996-10-09,1996-09-18,7,1
10303,10303-68,19960911,19960918,GODOS,7,68,2,SPA-MA,15,10.0,0.1,107.83,150.0,135.0,112.5,22.5,16.67,1996-09-11,1996-10-09,1996-09-18,7,1
10304,10304-49,19960912,19960917,TORTU,1,49,2,MEX-MÉ,30,16.0,0.0,63.79,480.0,480.0,360.0,120.0,25.0,1996-09-12,1996-10-10,1996-09-17,5,1
10304,10304-59,19960912,19960917,TORTU,1,59,2,MEX-MÉ,10,44.0,0.0,63.79,440.0,440.0,330.0,110.0,25.0,1996-09-12,1996-10-10,1996-09-17,5,1
10304,10304-71,19960912,19960917,TORTU,1,71,2,MEX-MÉ,2,17.2,0.0,63.79,34.4,34.4,25.8,8.6,25.0,1996-09-12,1996-10-10,1996-09-17,5,1
10305,10305-18,19960913,19961009,OLDWO,8,18,3,USA-EU,25,50.0,0.1,257.62,1250.0,1125.0,937.5,187.5,16.67,1996-09-13,1996-10-11,1996-10-09,26,1
10305,10305-29,19960913,19961009,OLDWO,8,29,3,USA-EU,25,99.0,0.1,257.62,2475.0,2227.5,1856.75,370.75,16.64,1996-09-13,1996-10-11,1996-10-09,26,1
10305,10305-39,19960913,19961009,OLDWO,8,39,3,USA-EU,30,14.4,0.1,257.62,432.0,388.8,324.0,64.8,16.67,1996-09-13,1996-10-11,1996-10-09,26,1
10306,10306-30,19960916,19960923,ROMEY,1,30,3,SPA-MA,10,20.7,0.0,7.56,207.0,207.0,155.3,51.7,24.98,1996-09-16,1996-10-14,1996-09-23,7,1
10306,10306-53,19960916,19960923,ROMEY,1,53,3,SPA-MA,10,26.2,0.0,7.56,262.0,262.0,196.8,65.2,24.89,1996-09-16,1996-10-14,1996-09-23,7,1
10306,10306-54,19960916,19960923,ROMEY,1,54,3,SPA-MA,5,5.9,0.0,7.56,29.5,29.5,22.35,7.15,24.24,1996-09-16,1996-10-14,1996-09-23,7,1
10307,10307-62,19960917,19960925,LONEP,2,62,2,USA-EU,10,39.4,0.0,0.56,394.0,394.0,295.8,98.2,24.92,1996-09-17,1996-10-15,1996-09-25,8,1
10307,10307-68,19960917,19960925,LONEP,2,68,2,USA-EU,3,10.0,0.0,0.56,30.0,30.0,22.5,7.5,25.0,1996-09-17,1996-10-15,1996-09-25,8,1
10308,10308-69,19960918,19960924,ANATR,7,69,3,MEX-MÉ,1,28.8,0.0,1.61,28.8,28.8,21.6,7.2,25.0,1996-09-18,1996-10-16,1996-09-24,6,1
10308,10308-70,19960918,19960924,ANATR,7,70,3,MEX-MÉ,5,12.0,0.0,1.61,60.0,60.0,45.0,15.0,25.0,1996-09-18,1996-10-16,1996-09-24,6,1
10309,10309-4,19960919,19961023,HUNGO,3,4,1,IRE-CO,20,17.6,0.0,47.3,352.0,352.0,264.0,88.0,25.0,1996-09-19,1996-10-17,1996-10-23,34,0
10309,10309-6,19960919,19961023,HUNGO,3,6,1,IRE-CO,30,20.0,0.0,47.3,600.0,600.0,450.0,150.0,25.0,1996-09-19,1996-10-17,1996-10-23,34,0
10309,10309-42,19960919,19961023,HUNGO,3,42,1,IRE-CO,2,11.2,0.0,47.3,22.4,22.4,16.8,5.6,25.0,1996-09-19,1996-10-17,1996-10-23,34,0
10309,10309-43,19960919,19961023,HUNGO,3,43,1,IRE-CO,20,36.8,0.0,47.3,736.0,736.0,552.0,184.0,25.0,1996-09-19,1996-10-17,1996-10-23,34,0
10309,10309-71,19960919,19961023,HUNGO,3,71,1,IRE-CO,3,17.2,0.0,47.3,51.6,51.6,38.7,12.9,25.0,1996-09-19,1996-10-17,1996-10-23,34,0
10310,10310-16,19960920,19960927,THEBI,8,16,2,USA-EU,10,13.9,0.0,17.52,139.0,139.0,104.7,34.3,24.68,1996-09-20,1996-10-18,1996-09-27,7,1
10310,10310-62,19960920,19960927,THEBI,8,62,2,USA-EU,5,39.4,0.0,17.52,197.0,197.0,147.9,49.1,24.92,1996-09-20,1996-10-18,1996-09-27,7,1
10311,10311-42,19960920,19960926,DUMON,1,42,3,FRA-ST,6,11.2,0.0,24.69,67.2,67.2,50.4,16.8,25.0,1996-09-20,1996-10-04,1996-09-26,6,1
10311,10311-69,19960920,19960926,DUMON,1,69,3,FRA-ST,7,28.8,0.0,24.69,201.6,201.6,151.2,50.4,25.0,1996-09-20,1996-10-04,1996-09-26,6,1
10312,10312-28,19960923,19961003,WANDK,2,28,2,GER-BE,4,36.4,0.0,40.26,145.6,145.6,109.44,36.16,24.84,1996-09-23,1996-10-21,1996-10-03,10,1
10312,10312-43,19960923,19961003,WANDK,2,43,2,GER-BE,24,36.8,0.0,40.26,883.2,883.2,662.4,220.8,25.0,1996-09-23,1996-10-21,1996-10-03,10,1
10312,10312-53,19960923,19961003,WANDK,2,53,2,GER-BE,20,26.2,0.0,40.26,524.0,524.0,393.6,130.4,24.89,1996-09-23,1996-10-21,1996-10-03,10,1
10312,10312-75,19960923,19961003,WANDK,2,75,2,GER-BE,10,6.2,0.0,40.26,62.0,62.0,46.5,15.5,25.0,1996-09-23,1996-10-21,1996-10-03,10,1
10313,10313-36,19960924,19961004,QUICK,2,36,2,GER-BE,12,15.2,0.0,1.96,182.4,182.4,136.8,45.6,25.0,1996-09-24,1996-10-22,1996-10-04,10,1
10314,10314-32,19960925,19961004,RATTC,1,32,2,USA-EU,40,25.6,0.1,74.16,1024.0,921.6,768.0,153.6,16.67,1996-09-25,1996-10-23,1996-10-04,9,1
10314,10314-58,19960925,19961004,RATTC,1,58,2,USA-EU,30,10.6,0.1,74.16,318.0,286.2,238.5,47.7,16.67,1996-09-25,1996-10-23,1996-10-04,9,1
10314,10314-62,19960925,19961004,RATTC,1,62,2,USA-EU,25,39.4,0.1,74.16,985.0,886.5,739.5,147.0,16.58,1996-09-25,1996-10-23,1996-10-04,9,1
10315,10315-34,19960926,19961003,ISLAT,4,34,2,UK-LO,14,11.2,0.0,41.76,156.8,156.8,117.6,39.2,25.0,1996-09-26,1996-10-24,1996-10-03,7,1
10315,10315-70,19960926,19961003,ISLAT,4,70,2,UK-LO,30,12.0,0.0,41.76,360.0,360.0,270.0,90.0,25.0,1996-09-26,1996-10-24,1996-10-03,7,1
10316,10316-41,19960927,19961008,RATTC,1,41,3,USA-EU,10,7.7,0.0,150.15,77.0,77.0,57.9,19.1,24.81,1996-09-27,1996-10-25,1996-10-08,11,1
10316,10316-62,19960927,19961008,RATTC,1,62,3,USA-EU,70,39.4,0.0,150.15,2758.0,2758.0,2070.6,687.4,24.92,1996-09-27,1996-10-25,1996-10-08,11,1
10317,10317-1,19960930,19961010,LONEP,6,1,1,USA-EU,20,14.4,0.0,12.69,288.0,288.0,216.0,72.0,25.0,1996-09-30,1996-10-28,1996-10-10,10,1
10318,10318-41,19961001,19961004,ISLAT,8,41,2,UK-LO,20,7.7,0.0,4.73,154.0,154.0,115.8,38.2,24.81,1996-10-01,1996-10-29,1996-10-04,3,1
10318,10318-76,19961001,19961004,ISLAT,8,76,2,UK-LO,6,14.4,0.0,4.73,86.4,86.4,64.8,21.6,25.0,1996-10-01,1996-10-29,1996-10-04,3,1
10319,10319-17,19961002,19961011,TORTU,7,17,3,MEX-MÉ,8,31.2,0.0,64.5,249.6,249.6,187.2,62.4,25.0,1996-10-02,1996-10-30,1996-10-11,9,1
10319,10319-28,19961002,19961011,TORTU,7,28,3,MEX-MÉ,14,36.4,0.0,64.5,509.6,509.6,383.04,126.56,24.84,1996-10-02,1996-10-30,1996-10-11,9,1
10319,10319-76,19961002,19961011,TORTU,7,76,3,MEX-MÉ,30,14.4,0.0,64.5,432.0,432.0,324.0,108.0,25.0,1996-10-02,1996-10-30,1996-10-11,9,1
10320,10320-71,19961003,19961018,WARTH,5,71,3,FIN-OU,30,17.2,0.0,34.57,516.0,516.0,387.0,129.0,25.0,1996-10-03,1996-10-17,1996-10-18,15,0
10321,10321-35,19961003,19961011,ISLAT,3,35,2,UK-LO,10,14.4,0.0,3.43,144.0,144.0,108.0,36.0,25.0,1996-10-03,1996-10-31,1996-10-11,8,1
10322,10322-52,19961004,19961023,PERIC,7,52,3,MEX-MÉ,20,5.6,0.0,0.4,112.0,112.0,84.0,28.0,25.0,1996-10-04,1996-11-01,1996-10-23,19,1
10323,10323-15,19961007,19961014,KOENE,4,15,1,GER-BE,5,12.4,0.0,4.88,62.0,62.0,46.5,15.5,25.0,1996-10-07,1996-11-04,1996-10-14,7,1
10323,10323-25,19961007,19961014,KOENE,4,25,1,GER-BE,4,11.2,0.0,4.88,44.8,44.8,33.6,11.2,25.0,1996-10-07,1996-11-04,1996-10-14,7,1
10323,10323-39,19961007,19961014,KOENE,4,39,1,GER-BE,4,14.4,0.0,4.88,57.6,57.6,43.2,14.4,25.0,1996-10-07,1996-11-04,1996-10-14,7,1
10324,10324-16,19961008,19961010,SAVEA,9,16,1,USA-EU,21,13.9,0.15,214.27,291.9,248.11,219.87,28.24,11.38,1996-10-08,1996-11-05,1996-10-10,2,1
10324,10324-35,19961008,19961010,SAVEA,9,35,1,USA-EU,70,14.4,0.15,214.27,1008.0,856.8,756.0,100.8,11.76,1996-10-08,1996-11-05,1996-10-10,2,1
10324,10324-46,19961008,19961010,SAVEA,9,46,1,USA-EU,30,9.6,0.0,214.27,288.0,288.0,216.0,72.0,25.0,1996-10-08,1996-11-05,1996-10-10,2,1
10324,10324-59,19961008,19961010,SAVEA,9,59,1,USA-EU,40,44.0,0.15,214.27,1760.0,1496.0,1320.0,176.0,11.76,1996-10-08,1996-11-05,1996-10-10,2,1
10324,10324-63,19961008,19961010,SAVEA,9,63,1,USA-EU,80,35.1,0.15,214.27,2808.0,2386.8,2107.2,279.6,11.71,1996-10-08,1996-11-05,1996-10-10,2,1
10325,10325-6,19961009,19961014,KOENE,1,6,3,GER-BE,6,20.0,0.0,64.86,120.0,120.0,90.0,30.0,25.0,1996-10-09,1996-10-23,1996-10-14,5,1
10325,10325-13,19961009,19961014,KOENE,1,13,3,GER-BE,12,4.8,0.0,64.86,57.6,57.6,43.2,14.4,25.0,1996-10-09,1996-10-23,1996-10-14,5,1
10325,10325-14,19961009,19961014,KOENE,1,14,3,GER-BE,9,18.6,0.0,64.86,167.4,167.4,125.55,41.85,25.0,1996-10-09,1996-10-23,1996-10-14,5,1
10325,10325-31,19961009,19961014,KOENE,1,31,3,GER-BE,4,10.0,0.0,64.86,40.0,40.0,30.0,10.0,25.0,1996-10-09,1996-10-23,1996-10-14,5,1
10325,10325-72,19961009,19961014,KOENE,1,72,3,GER-BE,40,27.8,0.0,64.86,1112.0,1112.0,835.2,276.8,24.89,1996-10-09,1996-10-23,1996-10-14,5,1
10326,10326-4,19961010,19961014,BOLID,4,4,2,SPA-MA,24,17.6,0.0,77.92,422.4,422.4,316.8,105.6,25.0,1996-10-10,1996-11-07,1996-10-14,4,1
10326,10326-57,19961010,19961014,BOLID,4,57,2,SPA-MA,16,15.6,0.0,77.92,249.6,249.6,187.2,62.4,25.0,1996-10-10,1996-11-07,1996-10-14,4,1
10326,10326-75,19961010,19961014,BOLID,4,75,2,SPA-MA,50,6.2,0.0,77.92,310.0,310.0,232.5,77.5,25.0,1996-10-10,1996-11-07,1996-10-14,4,1
10327,10327-2,19961011,19961014,FOLKO,2,2,1,SWE-LU,25,15.2,0.2,63.36,380.0,304.0,285.0,19.0,6.25,1996-10-11,1996-11-08,1996-10-14,3,1
10327,10327-11,19961011,19961014,FOLKO,2,11,1,SWE-LU,50,16.8,0.2,63.36,840.0,672.0,630.0,42.0,6.25,1996-10-11,1996-11-08,1996-10-14,3,1
10327,10327-30,19961011,19961014,FOLKO,2,30,1,SWE-LU,35,20.7,0.2,63.36,724.5,579.6,543.55,36.05,6.22,1996-10-11,1996-11-08,1996-10-14,3,1
10327,10327-58,19961011,19961014,FOLKO,2,58,1,SWE-LU,30,10.6,0.2,63.36,318.0,254.4,238.5,15.9,6.25,1996-10-11,1996-11-08,1996-10-14,3,1
10328,10328-59,19961014,19961017,FURIB,4,59,3,POR-LI,9,44.0,0.0,87.03,396.0,396.0,297.0,99.0,25.0,1996-10-14,1996-11-11,1996-10-17,3,1
10328,10328-65,19961014,19961017,FURIB,4,65,3,POR-LI,40,16.8,0.0,87.03,672.0,672.0,505.2,166.8,24.82,1996-10-14,1996-11-11,1996-10-17,3,1
10328,10328-68,19961014,19961017,FURIB,4,68,3,POR-LI,10,10.0,0.0,87.03,100.0,100.0,75.0,25.0,25.0,1996-10-14,1996-11-11,1996-10-17,3,1
10329,10329-19,19961015,19961023,SPLIR,4,19,2,USA-EU,10,7.3,0.05,191.67,73.0,69.35,55.2,14.15,20.4,1996-10-15,1996-11-26,1996-10-23,8,1
10329,10329-30,19961015,19961023,SPLIR,4,30,2,USA-EU,8,20.7,0.05,191.67,165.6,157.32,124.24,33.08,21.03,1996-10-15,1996-11-26,1996-10-23,8,1
10329,10329-38,19961015,19961023,SPLIR,4,38,2,USA-EU,20,210.8,0.05,191.67,4216.0,4005.2,3162.0,843.2,21.05,1996-10-15,1996-11-26,1996-10-23,8,1
10329,10329-56,19961015,19961023,SPLIR,4,56,2,USA-EU,12,30.4,0.05,191.67,364.8,346.56,273.6,72.96,21.05,1996-10-15,1996-11-26,1996-10-23,8,1
10330,10330-26,19961016,19961028,LILAS,3,26,1,VEN-CA,50,24.9,0.15,12.75,1245.0,1058.25,937.0,121.25,11.46,1996-10-16,1996-11-13,1996-10-28,12,1
10330,10330-72,19961016,19961028,LILAS,3,72,1,VEN-CA,25,27.8,0.15,12.75,695.0,590.75,522.0,68.75,11.64,1996-10-16,1996-11-13,1996-10-28,12,1
10331,10331-54,19961016,19961021,BONAP,9,54,1,FRA-ST,15,5.9,0.0,10.19,88.5,88.5,67.05,21.45,24.24,1996-10-16,1996-11-27,1996-10-21,5,1
10332,10332-18,19961017,19961021,MEREP,3,18,2,CAN-TS,40,50.0,0.2,52.84,2000.0,1600.0,1500.0,100.0,6.25,1996-10-17,1996-11-28,1996-10-21,4,1
10332,10332-42,19961017,19961021,MEREP,3,42,2,CAN-TS,10,11.2,0.2,52.84,112.0,89.6,84.0,5.6,6.25,1996-10-17,1996-11-28,1996-10-21,4,1
10332,10332-47,19961017,19961021,MEREP,3,47,2,CAN-TS,16,7.6,0.2,52.84,121.6,97.28,91.2,6.08,6.25,1996-10-17,1996-11-28,1996-10-21,4,1
10333,10333-14,19961018,19961025,WARTH,5,14,3,FIN-OU,10,18.6,0.0,0.59,186.0,186.0,139.5,46.5,25.0,1996-10-18,1996-11-15,1996-10-25,7,1
10333,10333-21,19961018,19961025,WARTH,5,21,3,FIN-OU,10,8.0,0.1,0.59,80.0,72.0,60.0,12.0,16.67,1996-10-18,1996-11-15,1996-10-25,7,1
10333,10333-71,19961018,19961025,WARTH,5,71,3,FIN-OU,40,17.2,0.1,0.59,688.0,619.2,516.0,103.2,16.67,1996-10-18,1996-11-15,1996-10-25,7,1
10334,10334-52,19961021,19961028,VICTE,8,52,2,FRA-ST,8,5.6,0.0,8.56,44.8,44.8,33.6,11.2,25.0,1996-10-21,1996-11-18,1996-10-28,7,1
10334,10334-68,19961021,19961028,VICTE,8,68,2,FRA-ST,10,10.0,0.0,8.56,100.0,100.0,75.0,25.0,25.0,1996-10-21,1996-11-18,1996-10-28,7,1
10335,10335-2,19961022,19961024,HUNGO,7,2,2,IRE-CO,7,15.2,0.2,42.11,106.4,85.12,79.8,5.32,6.25,1996-10-22,1996-11-19,1996-10-24,2,1
10335,10335-31,19961022,19961024,HUNGO,7,31,2,IRE-CO,25,10.0,0.2,42.11,250.0,200.0,187.5,12.5,6.25,1996-10-22,1996-11-19,1996-10-24,2,1
10335,10335-32,19961022,19961024,HUNGO,7,32,2,IRE-CO,6,25.6,0.2,42.11,153.6,122.88,115.2,7.68,6.25,1996-10-22,1996-11-19,1996-10-24,2,1
10335,10335-51,19961022,19961024,HUNGO,7,51,2,IRE-CO,48,42.4,0.2,42.11,2035.2,1628.16,1526.4,101.76,6.25,1996-10-22,1996-11-19,1996-10-24,2,1
10336,10336-4,19961023,19961025,PRINI,7,4,2,POR-LI,18,17.6,0.1,15.51,316.8,285.12,237.6,47.52,16.67,1996-10-23,1996-11-20,1996-10-25,2,1
10337,10337-23,19961024,19961029,FRANK,4,23,3,GER-BE,40,7.2,0.0,108.26,288.0,288.0,216.0,72.0,25.0,1996-10-24,1996-11-21,1996-10-29,5,1
10337,10337-26,19961024,19961029,FRANK,4,26,3,GER-BE,24,24.9,0.0,108.26,597.6,597.6,449.76,147.84,24.74,1996-10-24,1996-11-21,1996-10-29,5,1
10337,10337-36,19961024,19961029,FRANK,4,36,3,GER-BE,20,15.2,0.0,108.26,304.0,304.0,228.0,76.0,25.0,1996-10-24,1996-11-21,1996-10-29,5,1
10337,10337-37,19961024,19961029,FRANK,4,37,3,GER-BE,28,20.8,0.0,108.26,582.4,582.4,436.8,145.6,25.0,1996-10-24,1996-11-21,1996-10-29,5,1
10337,10337-72,19961024,19961029,FRANK,4,72,3,GER-BE,25,27.8,0.0,108.26,695.0,695.0,522.0,173.0,24.89,1996-10-24,1996-11-21,1996-10-29,5,1
10338,10338-17,19961025,19961029,OLDWO,4,17,3,USA-EU,20,31.2,0.0,84.21,624.0,624.0,468.0,156.0,25.0,1996-10-25,1996-11-22,1996-10-29,4,1
10338,10338-30,19961025,19961029,OLDWO,4,30,3,USA-EU,15,20.7,0.0,84.21,310.5,310.5,232.95,77.55,24.98,1996-10-25,1996-11-22,1996-10-29,4,1
10339,10339-4,19961028,19961104,MEREP,2,4,2,CAN-TS,10,17.6,0.0,15.66,176.0,176.0,132.0,44.0,25.0,1996-10-28,1996-11-25,1996-11-04,7,1
10339,10339-17,19961028,19961104,MEREP,2,17,2,CAN-TS,70,31.2,0.05,15.66,2184.0,2074.8,1638.0,436.8,21.05,1996-10-28,1996-11-25,1996-11-04,7,1
10339,10339-62,19961028,19961104,MEREP,2,62,2,CAN-TS,28,39.4,0.0,15.66,1103.2,1103.2,828.24,274.96,24.92,1996-10-28,1996-11-25,1996-11-04,7,1
10340,10340-18,19961029,19961108,BONAP,1,18,3,FRA-ST,20,50.0,0.05,166.31,1000.0,950.0,750.0,200.0,21.05,1996-10-29,1996-11-26,1996-11-08,10,1
10340,10340-41,19961029,19961108,BONAP,1,41,3,FRA-ST,12,7.7,0.05,166.31,92.4,87.78,69.48,18.3,20.85,1996-10-29,1996-11-26,1996-11-08,10,1
10340,10340-43,19961029,19961108,BONAP,1,43,3,FRA-ST,40,36.8,0.05,166.31,1472.0,1398.4,1104.0,294.4,21.05,1996-10-29,1996-11-26,1996-11-08,10,1
10341,10341-33,19961029,19961105,SIMOB,7,33,3,DEN-KO,8,2.0,0.0,26.78,16.0,16.0,12.0,4.0,25.0,1996-10-29,1996-11-26,1996-11-05,7,1
10341,10341-59,19961029,19961105,SIMOB,7,59,3,DEN-KO,9,44.0,0.15,26.78,396.0,336.6,297.0,39.6,11.76,1996-10-29,1996-11-26,1996-11-05,7,1
10342,10342-2,19961030,19961104,FRANK,4,2,2,GER-BE,24,15.2,0.2,54.83,364.8,291.84,273.6,18.24,6.25,1996-10-30,1996-11-13,1996-11-04,5,1
10342,10342-31,19961030,19961104,FRANK,4,31,2,GER-BE,56,10.0,0.2,54.83,560.0,448.0,420.0,28.0,6.25,1996-10-30,1996-11-13,1996-11-04,5,1
10342,10342-36,19961030,19961104,FRANK,4,36,2,GER-BE,40,15.2,0.2,54.83,608.0,486.4,456.0,30.4,6.25,1996-10-30,1996-11-13,1996-11-04,5,1
10342,10342-55,19961030,19961104,FRANK,4,55,2,GER-BE,40,19.2,0.2,54.83,768.0,614.4,576.0,38.4,6.25,1996-10-30,1996-11-13,1996-11-04,5,1
10343,10343-64,19961031,19961106,LEHMS,4,64,1,GER-BE,50,26.6,0.0,110.37,1330.0,1330.0,997.5,332.5,25.0,1996-10-31,1996-11-28,1996-11-06,6,1
10343,10343-68,19961031,19961106,LEHMS,4,68,1,GER-BE,4,10.0,0.05,110.37,40.0,38.0,30.0,8.0,21.05,1996-10-31,1996-11-28,1996-11-06,6,1
10343,10343-76,19961031,19961106,LEHMS,4,76,1,GER-BE,15,14.4,0.0,110.37,216.0,216.0,162.0,54.0,25.0,1996-10-31,1996-11-28,1996-11-06,6,1
10344,10344-4,19961101,19961105,WHITC,4,4,2,USA-EU,35,17.6,0.0,23.29,616.0,616.0,462.0,154.0,25.0,1996-11-01,1996-11-29,1996-11-05,4,1
10344,10344-8,19961101,19961105,WHITC,4,8,2,USA-EU,70,32.0,0.25,23.29,2240.0,1680.0,1680.0,0.0,0.0,1996-11-01,1996-11-29,1996-11-05,4,1
10345,10345-8,19961104,19961111,QUICK,2,8,2,GER-BE,70,32.0,0.0,249.06,2240.0,2240.0,1680.0,560.0,25.0,1996-11-04,1996-12-02,1996-11-11,7,1
10345,10345-19,19961104,19961111,QUICK,2,19,2,GER-BE,80,7.3,0.0,249.06,584.0,584.0,441.6,142.4,24.38,1996-11-04,1996-12-02,1996-11-11,7,1
10345,10345-42,19961104,19961111,QUICK,2,42,2,GER-BE,9,11.2,0.0,249.06,100.8,100.8,75.6,25.2,25.0,1996-11-04,1996-12-02,1996-11-11,7,1
10346,10346-17,19961105,19961108,RATTC,3,17,3,USA-EU,36,31.2,0.1,142.08,1123.2,1010.88,842.4,168.48,16.67,1996-11-05,1996-12-17,1996-11-08,3,1
10346,10346-56,19961105,19961108,RATTC,3,56,3,USA-EU,20,30.4,0.0,142.08,608.0,608.0,456.0,152.0,25.0,1996-11-05,1996-12-17,1996-11-08,3,1
10347,10347-25,19961106,19961108,FAMIA,4,25,3,BRA-SA,10,11.2,0.0,3.1,112.0,112.0,84.0,28.0,25.0,1996-11-06,1996-12-04,1996-11-08,2,1
10347,10347-39,19961106,19961108,FAMIA,4,39,3,BRA-SA,50,14.4,0.15,3.1,720.0,612.0,540.0,72.0,11.76,1996-11-06,1996-12-04,1996-11-08,2,1
10347,10347-40,19961106,19961108,FAMIA,4,40,3,BRA-SA,4,14.7,0.0,3.1,58.8,58.8,44.16,14.64,24.9,1996-11-06,1996-12-04,1996-11-08,2,1
10347,10347-75,19961106,19961108,FAMIA,4,75,3,BRA-SA,6,6.2,0.15,3.1,37.2,31.62,27.9,3.72,11.76,1996-11-06,1996-12-04,1996-11-08,2,1
10348,10348-1,19961107,19961115,WANDK,4,1,2,GER-BE,15,14.4,0.15,0.78,216.0,183.6,162.0,21.6,11.76,1996-11-07,1996-12-05,1996-11-15,8,1
10348,10348-23,19961107,19961115,WANDK,4,23,2,GER-BE,25,7.2,0.0,0.78,180.0,180.0,135.0,45.0,25.0,1996-11-07,1996-12-05,1996-11-15,8,1
10349,10349-54,19961108,19961115,SPLIR,7,54,1,USA-EU,24,5.9,0.0,8.63,141.6,141.6,107.28,34.32,24.24,1996-11-08,1996-12-06,1996-11-15,7,1
10350,10350-50,19961111,19961203,LAMAI,6,50,2,FRA-ST,15,13.0,0.1,64.19,195.0,175.5,146.25,29.25,16.67,1996-11-11,1996-12-09,1996-12-03,22,1
10350,10350-69,19961111,19961203,LAMAI,6,69,2,FRA-ST,18,28.8,0.1,64.19,518.4,466.56,388.8,77.76,16.67,1996-11-11,1996-12-09,1996-12-03,22,1
10351,10351-38,19961111,19961120,ERNSH,1,38,1,AUS-GR,20,210.8,0.05,162.33,4216.0,4005.2,3162.0,843.2,21.05,1996-11-11,1996-12-09,1996-11-20,9,1
10351,10351-41,19961111,19961120,ERNSH,1,41,1,AUS-GR,13,7.7,0.0,162.33,100.1,100.1,75.27,24.83,24.81,1996-11-11,1996-12-09,1996-11-20,9,1
10351,10351-44,19961111,19961120,ERNSH,1,44,1,AUS-GR,77,15.5,0.05,162.33,1193.5,1133.83,898.59,235.24,20.75,1996-11-11,1996-12-09,1996-11-20,9,1
10351,10351-65,19961111,19961120,ERNSH,1,65,1,AUS-GR,10,16.8,0.05,162.33,168.0,159.6,126.3,33.3,20.86,1996-11-11,1996-12-09,1996-11-20,9,1
10352,10352-24,19961112,19961118,FURIB,3,24,3,POR-LI,10,3.6,0.0,1.3,36.0,36.0,27.0,9.0,25.0,1996-11-12,1996-11-26,1996-11-18,6,1
10352,10352-54,19961112,19961118,FURIB,3,54,3,POR-LI,20,5.9,0.15,1.3,118.0,100.3,89.4,10.9,10.87,1996-11-12,1996-11-26,1996-11-18,6,1
10353,10353-11,19961113,19961125,PICCO,7,11,3,AUS-GR,12,16.8,0.2,360.63,201.6,161.28,151.2,10.08,6.25,1996-11-13,1996-12-11,1996-11-25,12,1
10353,10353-38,19961113,19961125,PICCO,7,38,3,AUS-GR,50,210.8,0.2,360.63,10540.0,8432.0,7905.0,527.0,6.25,1996-11-13,1996-12-11,1996-11-25,12,1
10354,10354-1,19961114,19961120,PERIC,8,1,3,MEX-MÉ,12,14.4,0.0,53.8,172.8,172.8,129.6,43.2,25.0,1996-11-14,1996-12-12,1996-11-20,6,1
10354,10354-29,19961114,19961120,PERIC,8,29,3,MEX-MÉ,4,99.0,0.0,53.8,396.0,396.0,297.08,98.92,24.98,1996-11-14,1996-12-12,1996-11-20,6,1
10355,10355-24,19961115,19961120,AROUT,6,24,1,UK-LO,25,3.6,0.0,41.95,90.0,90.0,67.5,22.5,25.0,1996-11-15,1996-12-13,1996-11-20,5,1
10355,10355-57,19961115,19961120,AROUT,6,57,1,UK-LO,25,15.6,0.0,41.95,390.0,390.0,292.5,97.5,25.0,1996-11-15,1996-12-13,1996-11-20,5,1
10356,10356-31,19961118,19961127,WANDK,6,31,2,GER-BE,30,10.0,0.0,36.71,300.0,300.0,225.0,75.0,25.0,1996-11-18,1996-12-16,1996-11-27,9,1
10356,10356-55,19961118,19961127,WANDK,6,55,2,GER-BE,12,19.2,0.0,36.71,230.4,230.4,172.8,57.6,25.0,1996-11-18,1996-12-16,1996-11-27,9,1
10356,10356-69,19961118,19961127,WANDK,6,69,2,GER-BE,20,28.8,0.0,36.71,576.0,576.0,432.0,144.0,25.0,1996-11-18,1996-12-16,1996-11-27,9,1
10357,10357-10,19961119,19961202,LILAS,1,10,3,VEN-CA,30,24.8,0.2,34.88,744.0,595.2,558.0,37.2,6.25,1996-11-19,1996-12-17,1996-12-02,13,1
10357,10357-26,19961119,19961202,LILAS,1,26,3,VEN-CA,16,24.9,0.0,34.88,398.4,398.4,299.84,98.56,24.74,1996-11-19,1996-12-17,1996-12-02,13,1
10357,10357-60,19961119,19961202,LILAS,1,60,3,VEN-CA,8,27.2,0.2,34.88,217.6,174.08,163.2,10.88,6.25,1996-11-19,1996-12-17,1996-12-02,13,1
10358,10358-24,19961120,19961127,LAMAI,5,24,1,FRA-ST,10,3.6,0.05,19.64,36.0,34.2,27.0,7.2,21.05,1996-11-20,1996-12-18,1996-11-27,7,1
10358,10358-34,19961120,19961127,LAMAI,5,34,1,FRA-ST,10,11.2,0.05,19.64,112.0,106.4,84.0,22.4,21.05,1996-11-20,1996-12-18,1996-11-27,7,1
10358,10358-36,19961120,19961127,LAMAI,5,36,1,FRA-ST,20,15.2,0.05,19.64,304.0,288.8,228.0,60.8,21.05,1996-11-20,1996-12-18,1996-11-27,7,1
10359,10359-16,19961121,19961126,SEVES,5,16,3,UK-LO,56,13.9,0.05,288.43,778.4,739.48,586.32,153.16,20.71,1996-11-21,1996-12-19,1996-11-26,5,1
10359,10359-31,19961121,19961126,SEVES,5,31,3,UK-LO,70,10.0,0.05,288.43,700.0,665.0,525.0,140.0,21.05,1996-11-21,1996-12-19,1996-11-26,5,1
10359,10359-60,19961121,19961126,SEVES,5,60,3,UK-LO,80,27.2,0.05,288.43,2176.0,2067.2,1632.0,435.2,21.05,1996-11-21,1996-12-19,1996-11-26,5,1
10360,10360-28,19961122,19961202,BLONP,4,28,3,FRA-ST,30,36.4,0.0,131.7,1092.0,1092.0,820.8,271.2,24.84,1996-11-22,1996-12-20,1996-12-02,10,1
10360,10360-29,19961122,19961202,BLONP,4,29,3,FRA-ST,35,99.0,0.0,131.7,3465.0,3465.0,2599.45,865.55,24.98,1996-11-22,1996-12-20,1996-12-02,10,1
10360,10360-38,19961122,19961202,BLONP,4,38,3,FRA-ST,10,210.8,0.0,131.7,2108.0,2108.0,1581.0,527.0,25.0,1996-11-22,1996-12-20,1996-12-02,10,1
10360,10360-49,19961122,19961202,BLONP,4,49,3,FRA-ST,35,16.0,0.0,131.7,560.0,560.0,420.0,140.0,25.0,1996-11-22,1996-12-20,1996-12-02,10,1
10360,10360-54,19961122,19961202,BLONP,4,54,3,FRA-ST,28,5.9,0.0,131.7,165.2,165.2,125.16,40.04,24.24,1996-11-22,1996-12-20,1996-12-02,10,1
10361,10361-39,19961122,19961203,QUICK,1,39,2,GER-BE,54,14.4,0.1,183.17,777.6,699.84,583.2,116.64,16.67,1996-11-22,1996-12-20,1996-12-03,11,1
10361,10361-60,19961122,19961203,QUICK,1,60,2,GER-BE,55,27.2,0.1,183.17,1496.0,1346.4,1122.0,224.4,16.67,1996-11-22,1996-12-20,1996-12-03,11,1
10362,10362-25,19961125,19961128,BONAP,3,25,1,FRA-ST,50,11.2,0.0,96.04,560.0,560.0,420.0,140.0,25.0,1996-11-25,1996-12-23,1996-11-28,3,1
10362,10362-51,19961125,19961128,BONAP,3,51,1,FRA-ST,20,42.4,0.0,96.04,848.0,848.0,636.0,212.0,25.0,1996-11-25,1996-12-23,1996-11-28,3,1
10362,10362-54,19961125,19961128,BONAP,3,54,1,FRA-ST,24,5.9,0.0,96.04,141.6,141.6,107.28,34.32,24.24,1996-11-25,1996-12-23,1996-11-28,3,1
10363,10363-31,19961126,19961204,DRACD,4,31,3,GER-BE,20,10.0,0.0,30.54,200.0,200.0,150.0,50.0,25.0,1996-11-26,1996-12-24,1996-12-04,8,1
10363,10363-75,19961126,19961204,DRACD,4,75,3,GER-BE,12,6.2,0.0,30.54,74.4,74.4,55.8,18.6,25.0,1996-11-26,1996-12-24,1996-12-04,8,1
10363,10363-76,19961126,19961204,DRACD,4,76,3,GER-BE,12,14.4,0.0,30.54,172.8,172.8,129.6,43.2,25.0,1996-11-26,1996-12-24,1996-12-04,8,1
10364,10364-69,19961126,19961204,EASTC,1,69,1,UK-LO,30,28.8,0.0,71.97,864.0,864.0,648.0,216.0,25.0,1996-11-26,1997-01-07,1996-12-04,8,1
10364,10364-71,19961126,19961204,EASTC,1,71,1,UK-LO,5,17.2,0.0,71.97,86.0,86.0,64.5,21.5,25.0,1996-11-26,1997-01-07,1996-12-04,8,1
10365,10365-11,19961127,19961202,ANTON,3,11,2,MEX-MÉ,24,16.8,0.0,22.0,403.2,403.2,302.4,100.8,25.0,1996-11-27,1996-12-25,1996-12-02,5,1
10366,10366-65,19961128,19961230,GALED,8,65,2,SPA-MA,5,16.8,0.0,10.14,84.0,84.0,63.15,20.85,24.82,1996-11-28,1997-01-09,1996-12-30,32,1
10366,10366-77,19961128,19961230,GALED,8,77,2,SPA-MA,5,10.4,0.0,10.14,52.0,52.0,39.0,13.0,25.0,1996-11-28,1997-01-09,1996-12-30,32,1
10367,10367-34,19961128,19961202,VAFFE,7,34,3,DEN-KO,36,11.2,0.0,13.55,403.2,403.2,302.4,100.8,25.0,1996-11-28,1996-12-26,1996-12-02,4,1
10367,10367-54,19961128,19961202,VAFFE,7,54,3,DEN-KO,18,5.9,0.0,13.55,106.2,106.2,80.46,25.74,24.24,1996-11-28,1996-12-26,1996-12-02,4,1
10367,10367-65,19961128,19961202,VAFFE,7,65,3,DEN-KO,15,16.8,0.0,13.55,252.0,252.0,189.45,62.55,24.82,1996-11-28,1996-12-26,1996-12-02,4,1
10367,10367-77,19961128,19961202,VAFFE,7,77,3,DEN-KO,7,10.4,0.0,13.55,72.8,72.8,54.6,18.2,25.0,1996-11-28,1996-12-26,1996-12-02,4,1
10368,10368-21,19961129,19961202,ERNSH,2,21,2,AUS-GR,5,8.0,0.1,101.95,40.0,36.0,30.0,6.0,16.67,1996-11-29,1996-12-27,1996-12-02,3,1
10368,10368-28,19961129,19961202,ERNSH,2,28,2,AUS-GR,13,36.4,0.1,101.95,473.2,425.88,355.68,70.2,16.48,1996-11-29,1996-12-27,1996-12-02,3,1
10368,10368-57,19961129,19961202,ERNSH,2,57,2,AUS-GR,25,15.6,0.0,101.95,390.0,390.0,292.5,97.5,25.0,1996-11-29,1996-12-27,1996-12-02,3,1
10368,10368-64,19961129,19961202,ERNSH,2,64,2,AUS-GR,35,26.6,0.1,101.95,931.0,837.9,698.25,139.65,16.67,1996-11-29,1996-12-27,1996-12-02,3,1
10369,10369-29,19961202,19961209,SPLIR,8,29,2,USA-EU,20,99.0,0.0,195.68,1980.0,1980.0,1485.4,494.6,24.98,1996-12-02,1996-12-30,1996-12-09,7,1
10369,10369-56,19961202,19961209,SPLIR,8,56,2,USA-EU,18,30.4,0.25,195.68,547.2,410.4,410.4,0.0,0.0,1996-12-02,1996-12-30,1996-12-09,7,1
10370,10370-1,19961203,19961227,CHOPS,6,1,2,SWI-BE,15,14.4,0.15,1.17,216.0,183.6,162.0,21.6,11.76,1996-12-03,1996-12-31,1996-12-27,24,1
10370,10370-64,19961203,19961227,CHOPS,6,64,2,SWI-BE,30,26.6,0.0,1.17,798.0,798.0,598.5,199.5,25.0,1996-12-03,1996-12-31,1996-12-27,24,1
10370,10370-74,19961203,19961227,CHOPS,6,74,2,SWI-BE,20,8.0,0.15,1.17,160.0,136.0,120.0,16.0,11.76,1996-12-03,1996-12-31,1996-12-27,24,1
10371,10371-36,19961203,19961224,LAMAI,1,36,1,FRA-ST,6,15.2,0.2,0.45,91.2,72.96,68.4,4.56,6.25,1996-12-03,1996-12-31,1996-12-24,21,1
10372,10372-20,19961204,19961209,QUEEN,5,20,2,BRA-SA,12,64.8,0.25,890.78,777.6,583.2,583.2,0.0,0.0,1996-12-04,1997-01-01,1996-12-09,5,1
10372,10372-38,19961204,19961209,QUEEN,5,38,2,BRA-SA,40,210.8,0.25,890.78,8432.0,6324.0,6324.0,0.0,0.0,1996-12-04,1997-01-01,1996-12-09,5,1
10372,10372-60,19961204,19961209,QUEEN,5,60,2,BRA-SA,70,27.2,0.25,890.78,1904.0,1428.0,1428.0,0.0,0.0,1996-12-04,1997-01-01,1996-12-09,5,1
10372,10372-72,19961204,19961209,QUEEN,5,72,2,BRA-SA,42,27.8,0.25,890.78,1167.6,875.7,876.96,-1.26,-0.14,1996-12-04,1997-01-01,1996-12-09,5,1
10373,10373-58,19961205,19961211,HUNGO,4,58,3,IRE-CO,80,10.6,0.2,124.12,848.0,678.4,636.0,42.4,6.25,1996-12-05,1997-01-02,1996-12-11,6,1
10373,10373-71,19961205,19961211,HUNGO,4,71,3,IRE-CO,50,17.2,0.2,124.12,860.0,688.0,645.0,43.0,6.25,1996-12-05,1997-01-02,1996-12-11,6,1
10374,10374-31,19961205,19961209,WOLZA,1,31,3,POL-WA,30,10.0,0.0,3.94,300.0,300.0,225.0,75.0,25.0,1996-12-05,1997-01-02,1996-12-09,4,1
10374,10374-58,19961205,19961209,WOLZA,1,58,3,POL-WA,15,10.6,0.0,3.94,159.0,159.0,119.25,39.75,25.0,1996-12-05,1997-01-02,1996-12-09,4,1
10375,10375-14,19961206,19961209,HUNGC,3,14,2,USA-EU,15,18.6,0.0,20.12,279.0,279.0,209.25,69.75,25.0,1996-12-06,1997-01-03,1996-12-09,3,1
10375,10375-54,19961206,19961209,HUNGC,3,54,2,USA-EU,10,5.9,0.0,20.12,59.0,59.0,44.7,14.3,24.24,1996-12-06,1997-01-03,1996-12-09,3,1
10376,10376-31,19961209,19961213,MEREP,1,31,2,CAN-TS,42,10.0,0.05,20.39,420.0,399.0,315.0,84.0,21.05,1996-12-09,1997-01-06,1996-12-13,4,1
10377,10377-28,19961209,19961213,SEVES,1,28,3,UK-LO,20,36.4,0.15,22.21,728.0,618.8,547.2,71.6,11.57,1996-12-09,1997-01-06,1996-12-13,4,1
10377,10377-39,19961209,19961213,SEVES,1,39,3,UK-LO,20,14.4,0.15,22.21,288.0,244.8,216.0,28.8,11.76,1996-12-09,1997-01-06,1996-12-13,4,1
10378,10378-71,19961210,19961219,FOLKO,5,71,3,SWE-LU,6,17.2,0.0,5.44,103.2,103.2,77.4,25.8,25.0,1996-12-10,1997-01-07,1996-12-19,9,1
10379,10379-41,19961211,19961213,QUEDE,2,41,1,BRA-SA,8,7.7,0.1,45.03,61.6,55.44,46.32,9.12,16.45,1996-12-11,1997-01-08,1996-12-13,2,1
10379,10379-63,19961211,19961213,QUEDE,2,63,1,BRA-SA,16,35.1,0.1,45.03,561.6,505.44,421.44,84.0,16.62,1996-12-11,1997-01-08,1996-12-13,2,1
10379,10379-65,19961211,19961213,QUEDE,2,65,1,BRA-SA,20,16.8,0.1,45.03,336.0,302.4,252.6,49.8,16.47,1996-12-11,1997-01-08,1996-12-13,2,1
10380,10380-30,19961212,19970116,HUNGO,8,30,3,IRE-CO,18,20.7,0.1,35.03,372.6,335.34,279.54,55.8,16.64,1996-12-12,1997-01-09,1997-01-16,35,0
10380,10380-53,19961212,19970116,HUNGO,8,53,3,IRE-CO,20,26.2,0.1,35.03,524.0,471.6,393.6,78.0,16.54,1996-12-12,1997-01-09,1997-01-16,35,0
10380,10380-60,19961212,19970116,HUNGO,8,60,3,IRE-CO,6,27.2,0.1,35.03,163.2,146.88,122.4,24.48,16.67,1996-12-12,1997-01-09,1997-01-16,35,0
10380,10380-70,19961212,19970116,HUNGO,8,70,3,IRE-CO,30,12.0,0.0,35.03,360.0,360.0,270.0,90.0,25.0,1996-12-12,1997-01-09,1997-01-16,35,0
10381,10381-74,19961212,19961213,LILAS,3,74,3,VEN-CA,14,8.0,0.0,7.99,112.0,112.0,84.0,28.0,25.0,1996-12-12,1997-01-09,1996-12-13,1,1
10382,10382-5,19961213,19961216,ERNSH,4,5,1,AUS-GR,32,17.0,0.0,94.77,544.0,544.0,409.92,134.08,24.65,1996-12-13,1997-01-10,1996-12-16,3,1
10382,10382-18,19961213,19961216,ERNSH,4,18,1,AUS-GR,9,50.0,0.0,94.77,450.0,450.0,337.5,112.5,25.0,1996-12-13,1997-01-10,1996-12-16,3,1
10382,10382-29,19961213,19961216,ERNSH,4,29,1,AUS-GR,14,99.0,0.0,94.77,1386.0,1386.0,1039.78,346.22,24.98,1996-12-13,1997-01-10,1996-12-16,3,1
10382,10382-33,19961213,19961216,ERNSH,4,33,1,AUS-GR,60,2.0,0.0,94.77,120.0,120.0,90.0,30.0,25.0,1996-12-13,1997-01-10,1996-12-16,3,1
10382,10382-74,19961213,19961216,ERNSH,4,74,1,AUS-GR,50,8.0,0.0,94.77,400.0,400.0,300.0,100.0,25.0,1996-12-13,1997-01-10,1996-12-16,3,1
10383,10383-13,19961216,19961218,AROUT,8,13,3,UK-LO,20,4.8,0.0,34.24,96.0,96.0,72.0,24.0,25.0,1996-12-16,1997-01-13,1996-12-18,2,1
10383,10383-50,19961216,19961218,AROUT,8,50,3,UK-LO,15,13.0,0.0,34.24,195.0,195.0,146.25,48.75,25.0,1996-12-16,1997-01-13,1996-12-18,2,1
10383,10383-56,19961216,19961218,AROUT,8,56,3,UK-LO,20,30.4,0.0,34.24,608.0,608.0,456.0,152.0,25.0,1996-12-16,1997-01-13,1996-12-18,2,1
10384,10384-20,19961216,19961220,BERGS,3,20,3,SWE-LU,28,64.8,0.0,168.64,1814.4,1814.4,1360.8,453.6,25.0,1996-12-16,1997-01-13,1996-12-20,4,1
10384,10384-60,19961216,19961220,BERGS,3,60,3,SWE-LU,15,27.2,0.0,168.64,408.0,408.0,306.0,102.0,25.0,1996-12-16,1997-01-13,1996-12-20,4,1
10385,10385-7,19961217,19961223,SPLIR,1,7,2,USA-EU,10,24.0,0.2,30.96,240.0,192.0,180.0,12.0,6.25,1996-12-17,1997-01-14,1996-12-23,6,1
10385,10385-60,19961217,19961223,SPLIR,1,60,2,USA-EU,20,27.2,0.2,30.96,544.0,435.2,408.0,27.2,6.25,1996-12-17,1997-01-14,1996-12-23,6,1
10385,10385-68,19961217,19961223,SPLIR,1,68,2,USA-EU,8,10.0,0.2,30.96,80.0,64.0,60.0,4.0,6.25,1996-12-17,1997-01-14,1996-12-23,6,1
10386,10386-24,19961218,19961225,FAMIA,9,24,3,BRA-SA,15,3.6,0.0,13.99,54.0,54.0,40.5,13.5,25.0,1996-12-18,1997-01-01,1996-12-25,7,1
10386,10386-34,19961218,19961225,FAMIA,9,34,3,BRA-SA,10,11.2,0.0,13.99,112.0,112.0,84.0,28.0,25.0,1996-12-18,1997-01-01,1996-12-25,7,1
10387,10387-24,19961218,19961220,SANTG,1,24,2,NOR-ST,15,3.6,0.0,93.63,54.0,54.0,40.5,13.5,25.0,1996-12-18,1997-01-15,1996-12-20,2,1
10387,10387-28,19961218,19961220,SANTG,1,28,2,NOR-ST,6,36.4,0.0,93.63,218.4,218.4,164.16,54.24,24.84,1996-12-18,1997-01-15,1996-12-20,2,1
10387,10387-59,19961218,19961220,SANTG,1,59,2,NOR-ST,12,44.0,0.0,93.63,528.0,528.0,396.0,132.0,25.0,1996-12-18,1997-01-15,1996-12-20,2,1
10387,10387-71,19961218,19961220,SANTG,1,71,2,NOR-ST,15,17.2,0.0,93.63,258.0,258.0,193.5,64.5,25.0,1996-12-18,1997-01-15,1996-12-20,2,1
10388,10388-45,19961219,19961220,SEVES,2,45,1,UK-LO,15,7.6,0.2,34.86,114.0,91.2,85.5,5.7,6.25,1996-12-19,1997-01-16,1996-12-20,1,1
10388,10388-52,19961219,19961220,SEVES,2,52,1,UK-LO,20,5.6,0.2,34.86,112.0,89.6,84.0,5.6,6.25,1996-12-19,1997-01-16,1996-12-20,1,1
10388,10388-53,19961219,19961220,SEVES,2,53,1,UK-LO,40,26.2,0.0,34.86,1048.0,1048.0,787.2,260.8,24.89,1996-12-19,1997-01-16,1996-12-20,1,1
10389,10389-10,19961220,19961224,BOTTM,4,10,2,CAN-TS,16,24.8,0.0,47.42,396.8,396.8,297.6,99.2,25.0,1996-12-20,1997-01-17,1996-12-24,4,1
10389,10389-55,19961220,19961224,BOTTM,4,55,2,CAN-TS,15,19.2,0.0,47.42,288.0,288.0,216.0,72.0,25.0,1996-12-20,1997-01-17,1996-12-24,4,1
10389,10389-62,19961220,19961224,BOTTM,4,62,2,CAN-TS,20,39.4,0.0,47.42,788.0,788.0,591.6,196.4,24.92,1996-12-20,1997-01-17,1996-12-24,4,1
10389,10389-70,19961220,19961224,BOTTM,4,70,2,CAN-TS,30,12.0,0.0,47.42,360.0,360.0,270.0,90.0,25.0,1996-12-20,1997-01-17,1996-12-24,4,1
10390,10390-31,19961223,19961226,ERNSH,6,31,1,AUS-GR,60,10.0,0.1,126.38,600.0,540.0,450.0,90.0,16.67,1996-12-23,1997-01-20,1996-12-26,3,1
10390,10390-35,19961223,19961226,ERNSH,6,35,1,AUS-GR,40,14.4,0.1,126.38,576.0,518.4,432.0,86.4,16.67,1996-12-23,1997-01-20,1996-12-26,3,1
10390,10390-46,19961223,19961226,ERNSH,6,46,1,AUS-GR,45,9.6,0.0,126.38,432.0,432.0,324.0,108.0,25.0,1996-12-23,1997-01-20,1996-12-26,3,1
10390,10390-72,19961223,19961226,ERNSH,6,72,1,AUS-GR,24,27.8,0.1,126.38,667.2,600.48,501.12,99.36,16.55,1996-12-23,1997-01-20,1996-12-26,3,1
10391,10391-13,19961223,19961231,DRACD,3,13,3,GER-BE,18,4.8,0.0,5.45,86.4,86.4,64.8,21.6,25.0,1996-12-23,1997-01-20,1996-12-31,8,1
10392,10392-69,19961224,19970101,PICCO,2,69,3,AUS-GR,50,28.8,0.0,122.46,1440.0,1440.0,1080.0,360.0,25.0,1996-12-24,1997-01-21,1997-01-01,8,1
10393,10393-2,19961225,19970103,SAVEA,1,2,3,USA-EU,25,15.2,0.25,126.56,380.0,285.0,285.0,0.0,0.0,1996-12-25,1997-01-22,1997-01-03,9,1
10393,10393-14,19961225,19970103,SAVEA,1,14,3,USA-EU,42,18.6,0.25,126.56,781.2,585.9,585.9,0.0,0.0,1996-12-25,1997-01-22,1997-01-03,9,1
10393,10393-25,19961225,19970103,SAVEA,1,25,3,USA-EU,7,11.2,0.25,126.56,78.4,58.8,58.8,0.0,0.0,1996-12-25,1997-01-22,1997-01-03,9,1
10393,10393-26,19961225,19970103,SAVEA,1,26,3,USA-EU,70,24.9,0.25,126.56,1743.0,1307.25,1311.8,-4.55,-0.35,1996-12-25,1997-01-22,1997-01-03,9,1
10393,10393-31,19961225,19970103,SAVEA,1,31,3,USA-EU,32,10.0,0.0,126.56,320.0,320.0,240.0,80.0,25.0,1996-12-25,1997-01-22,1997-01-03,9,1
10394,10394-13,19961225,19970103,HUNGC,1,13,3,USA-EU,10,4.8,0.0,30.34,48.0,48.0,36.0,12.0,25.0,1996-12-25,1997-01-22,1997-01-03,9,1
10394,10394-62,19961225,19970103,HUNGC,1,62,3,USA-EU,10,39.4,0.0,30.34,394.0,394.0,295.8,98.2,24.92,1996-12-25,1997-01-22,1997-01-03,9,1
10395,10395-46,19961226,19970103,HILAA,6,46,1,VEN-CA,28,9.6,0.1,184.41,268.8,241.92,201.6,40.32,16.67,1996-12-26,1997-01-23,1997-01-03,8,1
10395,10395-53,19961226,19970103,HILAA,6,53,1,VEN-CA,70,26.2,0.1,184.41,1834.0,1650.6,1377.6,273.0,16.54,1996-12-26,1997-01-23,1997-01-03,8,1
10395,10395-69,19961226,19970103,HILAA,6,69,1,VEN-CA,8,28.8,0.0,184.41,230.4,230.4,172.8,57.6,25.0,1996-12-26,1997-01-23,1997-01-03,8,1
10396,10396-23,19961227,19970106,FRANK,1,23,3,GER-BE,40,7.2,0.0,135.35,288.0,288.0,216.0,72.0,25.0,1996-12-27,1997-01-10,1997-01-06,10,1
10396,10396-71,19961227,19970106,FRANK,1,71,3,GER-BE,60,17.2,0.0,135.35,1032.0,1032.0,774.0,258.0,25.0,1996-12-27,1997-01-10,1997-01-06,10,1
10396,10396-72,19961227,19970106,FRANK,1,72,3,GER-BE,21,27.8,0.0,135.35,583.8,583.8,438.48,145.32,24.89,1996-12-27,1997-01-10,1997-01-06,10,1
10397,10397-21,19961227,19970102,PRINI,5,21,1,POR-LI,10,8.0,0.15,60.26,80.0,68.0,60.0,8.0,11.76,1996-12-27,1997-01-24,1997-01-02,6,1
10397,10397-51,19961227,19970102,PRINI,5,51,1,POR-LI,18,42.4,0.15,60.26,763.2,648.72,572.4,76.32,11.76,1996-12-27,1997-01-24,1997-01-02,6,1
10398,10398-35,19961230,19970109,SAVEA,2,35,3,USA-EU,30,14.4,0.0,89.16,432.0,432.0,324.0,108.0,25.0,1996-12-30,1997-01-27,1997-01-09,10,1
10398,10398-55,19961230,19970109,SAVEA,2,55,3,USA-EU,120,19.2,0.1,89.16,2304.0,2073.6,1728.0,345.6,16.67,1996-12-30,1997-01-27,1997-01-09,10,1
10399,10399-68,19961231,19970108,VAFFE,8,68,3,DEN-KO,60,10.0,0.0,27.36,600.0,600.0,450.0,150.0,25.0,1996-12-31,1997-01-14,1997-01-08,8,1
10399,10399-71,19961231,19970108,VAFFE,8,71,3,DEN-KO,30,17.2,0.0,27.36,516.0,516.0,387.0,129.0,25.0,1996-12-31,1997-01-14,1997-01-08,8,1
10399,10399-76,19961231,19970108,VAFFE,8,76,3,DEN-KO,35,14.4,0.0,27.36,504.0,504.0,378.0,126.0,25.0,1996-12-31,1997-01-14,1997-01-08,8,1
10399,10399-77,19961231,19970108,VAFFE,8,77,3,DEN-KO,14,10.4,0.0,27.36,145.6,145.6,109.2,36.4,25.0,1996-12-31,1997-01-14,1997-01-08,8,1
10400,10400-29,19970101,19970116,EASTC,1,29,3,UK-LO,21,99.0,0.0,83.93,2079.0,2079.0,1559.67,519.33,24.98,1997-01-01,1997-01-29,1997-01-16,15,1
10400,10400-35,19970101,19970116,EASTC,1,35,3,UK-LO,35,14.4,0.0,83.93,504.0,504.0,378.0,126.0,25.0,1997-01-01,1997-01-29,1997-01-16,15,1
10400,10400-49,19970101,19970116,EASTC,1,49,3,UK-LO,30,16.0,0.0,83.93,480.0,480.0,360.0,120.0,25.0,1997-01-01,1997-01-29,1997-01-16,15,1
10401,10401-30,19970101,19970110,RATTC,1,30,1,USA-EU,18,20.7,0.0,12.51,372.6,372.6,279.54,93.06,24.98,1997-01-01,1997-01-29,1997-01-10,9,1
10401,10401-56,19970101,19970110,RATTC,1,56,1,USA-EU,70,30.4,0.0,12.51,2128.0,2128.0,1596.0,532.0,25.0,1997-01-01,1997-01-29,1997-01-10,9,1
10401,10401-65,19970101,19970110,RATTC,1,65,1,USA-EU,20,16.8,0.0,12.51,336.0,336.0,252.6,83.4,24.82,1997-01-01,1997-01-29,1997-01-10,9,1
10401,10401-71,19970101,19970110,RATTC,1,71,1,USA-EU,60,17.2,0.0,12.51,1032.0,1032.0,774.0,258.0,25.0,1997-01-01,1997-01-29,1997-01-10,9,1
10402,10402-23,19970102,19970110,ERNSH,8,23,2,AUS-GR,60,7.2,0.0,67.88,432.0,432.0,324.0,108.0,25.0,1997-01-02,1997-02-13,1997-01-10,8,1
10402,10402-63,19970102,19970110,ERNSH,8,63,2,AUS-GR,65,35.1,0.0,67.88,2281.5,2281.5,1712.1,569.4,24.96,1997-01-02,1997-02-13,1997-01-10,8,1
10403,10403-16,19970103,19970109,ERNSH,4,16,3,AUS-GR,21,13.9,0.15,73.79,291.9,248.11,219.87,28.24,11.38,1997-01-03,1997-01-31,1997-01-09,6,1
10403,10403-48,19970103,19970109,ERNSH,4,48,3,AUS-GR,70,10.2,0.15,73.79,714.0,606.9,535.5,71.4,11.76,1997-01-03,1997-01-31,1997-01-09,6,1
10404,10404-26,19970103,19970108,MAGAA,2,26,1,ITA-TO,30,24.9,0.05,155.97,747.0,709.65,562.2,147.45,20.78,1997-01-03,1997-01-31,1997-01-08,5,1
10404,10404-42,19970103,19970108,MAGAA,2,42,1,ITA-TO,40,11.2,0.05,155.97,448.0,425.6,336.0,89.6,21.05,1997-01-03,1997-01-31,1997-01-08,5,1
10404,10404-49,19970103,19970108,MAGAA,2,49,1,ITA-TO,30,16.0,0.05,155.97,480.0,456.0,360.0,96.0,21.05,1997-01-03,1997-01-31,1997-01-08,5,1
10405,10405-3,19970106,19970122,LINOD,1,3,1,VEN-CA,50,8.0,0.0,34.82,400.0,400.0,300.0,100.0,25.0,1997-01-06,1997-02-03,1997-01-22,16,1
10406,10406-1,19970107,19970113,QUEEN,7,1,1,BRA-SA,10,14.4,0.0,108.04,144.0,144.0,108.0,36.0,25.0,1997-01-07,1997-02-18,1997-01-13,6,1
10406,10406-21,19970107,19970113,QUEEN,7,21,1,BRA-SA,30,8.0,0.1,108.04,240.0,216.0,180.0,36.0,16.67,1997-01-07,1997-02-18,1997-01-13,6,1
10406,10406-28,19970107,19970113,QUEEN,7,28,1,BRA-SA,42,36.4,0.1,108.04,1528.8,1375.92,1149.12,226.8,16.48,1997-01-07,1997-02-18,1997-01-13,6,1
10406,10406-36,19970107,19970113,QUEEN,7,36,1,BRA-SA,5,15.2,0.1,108.04,76.0,68.4,57.0,11.4,16.67,1997-01-07,1997-02-18,1997-01-13,6,1
10406,10406-40,19970107,19970113,QUEEN,7,40,1,BRA-SA,2,14.7,0.1,108.04,29.4,26.46,22.08,4.38,16.55,1997-01-07,1997-02-18,1997-01-13,6,1
10407,10407-11,19970107,19970130,OTTIK,2,11,2,GER-BE,30,16.8,0.0,91.48,504.0,504.0,378.0,126.0,25.0,1997-01-07,1997-02-04,1997-01-30,23,1
10407,10407-69,19970107,19970130,OTTIK,2,69,2,GER-BE,15,28.8,0.0,91.48,432.0,432.0,324.0,108.0,25.0,1997-01-07,1997-02-04,1997-01-30,23,1
10407,10407-71,19970107,19970130,OTTIK,2,71,2,GER-BE,15,17.2,0.0,91.48,258.0,258.0,193.5,64.5,25.0,1997-01-07,1997-02-04,1997-01-30,23,1
10408,10408-37,19970108,19970114,FOLIG,8,37,1,FRA-ST,10,20.8,0.0,11.26,208.0,208.0,156.0,52.0,25.0,1997-01-08,1997-02-05,1997-01-14,6,1
10408,10408-54,19970108,19970114,FOLIG,8,54,1,FRA-ST,6,5.9,0.0,11.26,35.4,35.4,26.82,8.58,24.24,1997-01-08,1997-02-05,1997-01-14,6,1
10408,10408-62,19970108,19970114,FOLIG,8,62,1,FRA-ST,35,39.4,0.0,11.26,1379.0,1379.0,1035.3,343.7,24.92,1997-01-08,1997-02-05,1997-01-14,6,1
10409,10409-14,19970109,19970114,OCEAN,3,14,1,ARG-BU,12,18.6,0.0,29.83,223.2,223.2,167.4,55.8,25.0,1997-01-09,1997-02-06,1997-01-14,5,1
10409,10409-21,19970109,19970114,OCEAN,3,21,1,ARG-BU,12,8.0,0.0,29.83,96.0,96.0,72.0,24.0,25.0,1997-01-09,1997-02-06,1997-01-14,5,1
10410,10410-33,19970110,19970115,BOTTM,3,33,3,CAN-TS,49,2.0,0.0,2.4,98.0,98.0,73.5,24.5,25.0,1997-01-10,1997-02-07,1997-01-15,5,1
10410,10410-59,19970110,19970115,BOTTM,3,59,3,CAN-TS,16,44.0,0.0,2.4,704.0,704.0,528.0,176.0,25.0,1997-01-10,1997-02-07,1997-01-15,5,1
10411,10411-41,19970110,19970121,BOTTM,9,41,3,CAN-TS,25,7.7,0.2,23.65,192.5,154.0,144.75,9.25,6.01,1997-01-10,1997-02-07,1997-01-21,11,1
10411,10411-44,19970110,19970121,BOTTM,9,44,3,CAN-TS,40,15.5,0.2,23.65,620.0,496.0,466.8,29.2,5.89,1997-01-10,1997-02-07,1997-01-21,11,1
10411,10411-59,19970110,19970121,BOTTM,9,59,3,CAN-TS,9,44.0,0.2,23.65,396.0,316.8,297.0,19.8,6.25,1997-01-10,1997-02-07,1997-01-21,11,1
10412,10412-14,19970113,19970115,WARTH,8,14,2,FIN-OU,20,18.6,0.1,3.77,372.0,334.8,279.0,55.8,16.67,1997-01-13,1997-02-10,1997-01-15,2,1
10413,10413-1,19970114,19970116,LAMAI,3,1,2,FRA-ST,24,14.4,0.0,95.66,345.6,345.6,259.2,86.4,25.0,1997-01-14,1997-02-11,1997-01-16,2,1
10413,10413-62,19970114,19970116,LAMAI,3,62,2,FRA-ST,40,39.4,0.0,95.66,1576.0,1576.0,1183.2,392.8,24.92,1997-01-14,1997-02-11,1997-01-16,2,1
10413,10413-76,19970114,19970116,LAMAI,3,76,2,FRA-ST,14,14.4,0.0,95.66,201.6,201.6,151.2,50.4,25.0,1997-01-14,1997-02-11,1997-01-16,2,1
10414,10414-19,19970114,19970117,FAMIA,2,19,3,BRA-SA,18,7.3,0.05,21.48,131.4,124.83,99.36,25.47,20.4,1997-01-14,1997-02-11,1997-01-17,3,1
10414,10414-33,19970114,19970117,FAMIA,2,33,3,BRA-SA,50,2.0,0.0,21.48,100.0,100.0,75.0,25.0,25.0,1997-01-14,1997-02-11,1997-01-17,3,1
10415,10415-17,19970115,19970124,HUNGC,3,17,1,USA-EU,2,31.2,0.0,0.2,62.4,62.4,46.8,15.6,25.0,1997-01-15,1997-02-12,1997-01-24,9,1
10415,10415-33,19970115,19970124,HUNGC,3,33,1,USA-EU,20,2.0,0.0,0.2,40.0,40.0,30.0,10.0,25.0,1997-01-15,1997-02-12,1997-01-24,9,1
10416,10416-19,19970116,19970127,WARTH,8,19,3,FIN-OU,20,7.3,0.0,22.72,146.0,146.0,110.4,35.6,24.38,1997-01-16,1997-02-13,1997-01-27,11,1
10416,10416-53,19970116,19970127,WARTH,8,53,3,FIN-OU,10,26.2,0.0,22.72,262.0,262.0,196.8,65.2,24.89,1997-01-16,1997-02-13,1997-01-27,11,1
10416,10416-57,19970116,19970127,WARTH,8,57,3,FIN-OU,20,15.6,0.0,22.72,312.0,312.0,234.0,78.0,25.0,1997-01-16,1997-02-13,1997-01-27,11,1
10417,10417-38,19970116,19970128,SIMOB,4,38,3,DEN-KO,50,210.8,0.0,70.29,10540.0,10540.0,7905.0,2635.0,25.0,1997-01-16,1997-02-13,1997-01-28,12,1
10417,10417-46,19970116,19970128,SIMOB,4,46,3,DEN-KO,2,9.6,0.25,70.29,19.2,14.4,14.4,0.0,0.0,1997-01-16,1997-02-13,1997-01-28,12,1
10417,10417-68,19970116,19970128,SIMOB,4,68,3,DEN-KO,36,10.0,0.25,70.29,360.0,270.0,270.0,0.0,0.0,1997-01-16,1997-02-13,1997-01-28,12,1
10417,10417-77,19970116,19970128,SIMOB,4,77,3,DEN-KO,35,10.4,0.0,70.29,364.0,364.0,273.0,91.0,25.0,1997-01-16,1997-02-13,1997-01-28,12,1
10418,10418-2,19970117,19970124,QUICK,4,2,1,GER-BE,60,15.2,0.0,17.55,912.0,912.0,684.0,228.0,25.0,1997-01-17,1997-02-14,1997-01-24,7,1
10418,10418-47,19970117,19970124,QUICK,4,47,1,GER-BE,55,7.6,0.0,17.55,418.0,418.0,313.5,104.5,25.0,1997-01-17,1997-02-14,1997-01-24,7,1
10418,10418-61,19970117,19970124,QUICK,4,61,1,GER-BE,16,22.8,0.0,17.55,364.8,364.8,273.6,91.2,25.0,1997-01-17,1997-02-14,1997-01-24,7,1
10418,10418-74,19970117,19970124,QUICK,4,74,1,GER-BE,15,8.0,0.0,17.55,120.0,120.0,90.0,30.0,25.0,1997-01-17,1997-02-14,1997-01-24,7,1
10419,10419-60,19970120,19970130,RICSU,4,60,2,SWI-BE,60,27.2,0.05,137.35,1632.0,1550.4,1224.0,326.4,21.05,1997-01-20,1997-02-17,1997-01-30,10,1
10419,10419-69,19970120,19970130,RICSU,4,69,2,SWI-BE,20,28.8,0.05,137.35,576.0,547.2,432.0,115.2,21.05,1997-01-20,1997-02-17,1997-01-30,10,1
10420,10420-9,19970121,19970127,WELLI,3,9,1,BRA-SA,20,77.6,0.1,44.12,1552.0,1396.8,1164.0,232.8,16.67,1997-01-21,1997-02-18,1997-01-27,6,1
10420,10420-13,19970121,19970127,WELLI,3,13,1,BRA-SA,2,4.8,0.1,44.12,9.6,8.64,7.2,1.44,16.67,1997-01-21,1997-02-18,1997-01-27,6,1
10420,10420-70,19970121,19970127,WELLI,3,70,1,BRA-SA,8,12.0,0.1,44.12,96.0,86.4,72.0,14.4,16.67,1997-01-21,1997-02-18,1997-01-27,6,1
10420,10420-73,19970121,19970127,WELLI,3,73,1,BRA-SA,20,12.0,0.1,44.12,240.0,216.0,180.0,36.0,16.67,1997-01-21,1997-02-18,1997-01-27,6,1
10421,10421-19,19970121,19970127,QUEDE,8,19,1,BRA-SA,4,7.3,0.15,99.23,29.2,24.82,22.08,2.74,11.04,1997-01-21,1997-03-04,1997-01-27,6,1
10421,10421-26,19970121,19970127,QUEDE,8,26,1,BRA-SA,30,24.9,0.0,99.23,747.0,747.0,562.2,184.8,24.74,1997-01-21,1997-03-04,1997-01-27,6,1
10421,10421-53,19970121,19970127,QUEDE,8,53,1,BRA-SA,15,26.2,0.15,99.23,393.0,334.05,295.2,38.85,11.63,1997-01-21,1997-03-04,1997-01-27,6,1
10421,10421-77,19970121,19970127,QUEDE,8,77,1,BRA-SA,10,10.4,0.15,99.23,104.0,88.4,78.0,10.4,11.76,1997-01-21,1997-03-04,1997-01-27,6,1
10422,10422-26,19970122,19970131,FRANS,2,26,1,ITA-TO,2,24.9,0.0,3.02,49.8,49.8,37.48,12.32,24.74,1997-01-22,1997-02-19,1997-01-31,9,1
10423,10423-31,19970123,19970224,GOURL,6,31,3,BRA-SA,14,10.0,0.0,24.5,140.0,140.0,105.0,35.0,25.0,1997-01-23,1997-02-06,1997-02-24,32,0
10423,10423-59,19970123,19970224,GOURL,6,59,3,BRA-SA,20,44.0,0.0,24.5,880.0,880.0,660.0,220.0,25.0,1997-01-23,1997-02-06,1997-02-24,32,0
10424,10424-35,19970123,19970127,MEREP,7,35,2,CAN-TS,60,14.4,0.2,370.61,864.0,691.2,648.0,43.2,6.25,1997-01-23,1997-02-20,1997-01-27,4,1
10424,10424-38,19970123,19970127,MEREP,7,38,2,CAN-TS,49,210.8,0.2,370.61,10329.2,8263.36,7746.9,516.46,6.25,1997-01-23,1997-02-20,1997-01-27,4,1
10424,10424-68,19970123,19970127,MEREP,7,68,2,CAN-TS,30,10.0,0.2,370.61,300.0,240.0,225.0,15.0,6.25,1997-01-23,1997-02-20,1997-01-27,4,1
10425,10425-55,19970124,19970214,LAMAI,6,55,2,FRA-ST,10,19.2,0.25,7.93,192.0,144.0,144.0,0.0,0.0,1997-01-24,1997-02-21,1997-02-14,21,1
10425,10425-76,19970124,19970214,LAMAI,6,76,2,FRA-ST,20,14.4,0.25,7.93,288.0,216.0,216.0,0.0,0.0,1997-01-24,1997-02-21,1997-02-14,21,1
10426,10426-56,19970127,19970206,GALED,4,56,1,SPA-MA,5,30.4,0.0,18.69,152.0,152.0,114.0,38.0,25.0,1997-01-27,1997-02-24,1997-02-06,10,1
10426,10426-64,19970127,19970206,GALED,4,64,1,SPA-MA,7,26.6,0.0,18.69,186.2,186.2,139.65,46.55,25.0,1997-01-27,1997-02-24,1997-02-06,10,1
10427,10427-14,19970127,19970303,PICCO,4,14,2,AUS-GR,35,18.6,0.0,31.29,651.0,651.0,488.25,162.75,25.0,1997-01-27,1997-02-24,1997-03-03,35,0
10428,10428-46,19970128,19970204,REGGC,7,46,1,ITA-TO,20,9.6,0.0,11.09,192.0,192.0,144.0,48.0,25.0,1997-01-28,1997-02-25,1997-02-04,7,1
10429,10429-50,19970129,19970207,HUNGO,3,50,2,IRE-CO,40,13.0,0.0,56.63,520.0,520.0,390.0,130.0,25.0,1997-01-29,1997-03-12,1997-02-07,9,1
10429,10429-63,19970129,19970207,HUNGO,3,63,2,IRE-CO,35,35.1,0.25,56.63,1228.5,921.38,921.9,-0.52,-0.06,1997-01-29,1997-03-12,1997-02-07,9,1
10430,10430-17,19970130,19970203,ERNSH,4,17,1,AUS-GR,45,31.2,0.2,458.78,1404.0,1123.2,1053.0,70.2,6.25,1997-01-30,1997-02-13,1997-02-03,4,1
10430,10430-21,19970130,19970203,ERNSH,4,21,1,AUS-GR,50,8.0,0.0,458.78,400.0,400.0,300.0,100.0,25.0,1997-01-30,1997-02-13,1997-02-03,4,1
10430,10430-56,19970130,19970203,ERNSH,4,56,1,AUS-GR,30,30.4,0.0,458.78,912.0,912.0,684.0,228.0,25.0,1997-01-30,1997-02-13,1997-02-03,4,1
10430,10430-59,19970130,19970203,ERNSH,4,59,1,AUS-GR,70,44.0,0.2,458.78,3080.0,2464.0,2310.0,154.0,6.25,1997-01-30,1997-02-13,1997-02-03,4,1
10431,10431-17,19970130,19970207,BOTTM,4,17,2,CAN-TS,50,31.2,0.25,44.17,1560.0,1170.0,1170.0,0.0,0.0,1997-01-30,1997-02-13,1997-02-07,8,1
10431,10431-40,19970130,19970207,BOTTM,4,40,2,CAN-TS,50,14.7,0.25,44.17,735.0,551.25,552.0,-0.75,-0.14,1997-01-30,1997-02-13,1997-02-07,8,1
10431,10431-47,19970130,19970207,BOTTM,4,47,2,CAN-TS,30,7.6,0.25,44.17,228.0,171.0,171.0,0.0,0.0,1997-01-30,1997-02-13,1997-02-07,8,1
10432,10432-26,19970131,19970207,SPLIR,3,26,2,USA-EU,10,24.9,0.0,4.34,249.0,249.0,187.4,61.6,24.74,1997-01-31,1997-02-14,1997-02-07,7,1
10432,10432-54,19970131,19970207,SPLIR,3,54,2,USA-EU,40,5.9,0.0,4.34,236.0,236.0,178.8,57.2,24.24,1997-01-31,1997-02-14,1997-02-07,7,1
10433,10433-56,19970203,19970304,PRINI,3,56,3,POR-LI,28,30.4,0.0,73.83,851.2,851.2,638.4,212.8,25.0,1997-02-03,1997-03-03,1997-03-04,29,0
10434,10434-11,19970203,19970213,FOLKO,3,11,2,SWE-LU,6,16.8,0.0,17.92,100.8,100.8,75.6,25.2,25.0,1997-02-03,1997-03-03,1997-02-13,10,1
10434,10434-76,19970203,19970213,FOLKO,3,76,2,SWE-LU,18,14.4,0.15,17.92,259.2,220.32,194.4,25.92,11.76,1997-02-03,1997-03-03,1997-02-13,10,1
10435,10435-2,19970204,19970207,CONSH,8,2,2,UK-LO,10,15.2,0.0,9.21,152.0,152.0,114.0,38.0,25.0,1997-02-04,1997-03-18,1997-02-07,3,1
10435,10435-22,19970204,19970207,CONSH,8,22,2,UK-LO,12,16.8,0.0,9.21,201.6,201.6,151.2,50.4,25.0,1997-02-04,1997-03-18,1997-02-07,3,1
10435,10435-72,19970204,19970207,CONSH,8,72,2,UK-LO,10,27.8,0.0,9.21,278.0,278.0,208.8,69.2,24.89,1997-02-04,1997-03-18,1997-02-07,3,1
10436,10436-46,19970205,19970211,BLONP,3,46,2,FRA-ST,5,9.6,0.0,156.66,48.0,48.0,36.0,12.0,25.0,1997-02-05,1997-03-05,1997-02-11,6,1
10436,10436-56,19970205,19970211,BLONP,3,56,2,FRA-ST,40,30.4,0.1,156.66,1216.0,1094.4,912.0,182.4,16.67,1997-02-05,1997-03-05,1997-02-11,6,1
10436,10436-64,19970205,19970211,BLONP,3,64,2,FRA-ST,30,26.6,0.1,156.66,798.0,718.2,598.5,119.7,16.67,1997-02-05,1997-03-05,1997-02-11,6,1
10436,10436-75,19970205,19970211,BLONP,3,75,2,FRA-ST,24,6.2,0.1,156.66,148.8,133.92,111.6,22.32,16.67,1997-02-05,1997-03-05,1997-02-11,6,1
10437,10437-53,19970205,19970212,WARTH,8,53,1,FIN-OU,15,26.2,0.0,19.97,393.0,393.0,295.2,97.8,24.89,1997-02-05,1997-03-05,1997-02-12,7,1
10438,10438-19,19970206,19970214,TOMSP,3,19,2,GER-BE,15,7.3,0.2,8.24,109.5,87.6,82.8,4.8,5.48,1997-02-06,1997-03-06,1997-02-14,8,1
10438,10438-34,19970206,19970214,TOMSP,3,34,2,GER-BE,20,11.2,0.2,8.24,224.0,179.2,168.0,11.2,6.25,1997-02-06,1997-03-06,1997-02-14,8,1
10438,10438-57,19970206,19970214,TOMSP,3,57,2,GER-BE,15,15.6,0.2,8.24,234.0,187.2,175.5,11.7,6.25,1997-02-06,1997-03-06,1997-02-14,8,1
10439,10439-12,19970207,19970210,MEREP,6,12,3,CAN-TS,15,30.4,0.0,4.07,456.0,456.0,342.0,114.0,25.0,1997-02-07,1997-03-07,1997-02-10,3,1
10439,10439-16,19970207,19970210,MEREP,6,16,3,CAN-TS,16,13.9,0.0,4.07,222.4,222.4,167.52,54.88,24.68,1997-02-07,1997-03-07,1997-02-10,3,1
10439,10439-64,19970207,19970210,MEREP,6,64,3,CAN-TS,6,26.6,0.0,4.07,159.6,159.6,119.7,39.9,25.0,1997-02-07,1997-03-07,1997-02-10,3,1
10439,10439-74,19970207,19970210,MEREP,6,74,3,CAN-TS,30,8.0,0.0,4.07,240.0,240.0,180.0,60.0,25.0,1997-02-07,1997-03-07,1997-02-10,3,1
10440,10440-2,19970210,19970228,SAVEA,4,2,2,USA-EU,45,15.2,0.15,86.53,684.0,581.4,513.0,68.4,11.76,1997-02-10,1997-03-10,1997-02-28,18,1
10440,10440-16,19970210,19970228,SAVEA,4,16,2,USA-EU,49,13.9,0.15,86.53,681.1,578.94,513.03,65.91,11.38,1997-02-10,1997-03-10,1997-02-28,18,1
10440,10440-29,19970210,19970228,SAVEA,4,29,2,USA-EU,24,99.0,0.15,86.53,2376.0,2019.6,1782.48,237.12,11.74,1997-02-10,1997-03-10,1997-02-28,18,1
10440,10440-61,19970210,19970228,SAVEA,4,61,2,USA-EU,90,22.8,0.15,86.53,2052.0,1744.2,1539.0,205.2,11.76,1997-02-10,1997-03-10,1997-02-28,18,1
10441,10441-27,19970210,19970314,OLDWO,3,27,2,USA-EU,50,35.1,0.0,73.02,1755.0,1755.0,1317.0,438.0,24.96,1997-02-10,1997-03-24,1997-03-14,32,1
10442,10442-11,19970211,19970218,ERNSH,3,11,2,AUS-GR,30,16.8,0.0,47.94,504.0,504.0,378.0,126.0,25.0,1997-02-11,1997-03-11,1997-02-18,7,1
10442,10442-54,19970211,19970218,ERNSH,3,54,2,AUS-GR,80,5.9,0.0,47.94,472.0,472.0,357.6,114.4,24.24,1997-02-11,1997-03-11,1997-02-18,7,1
10442,10442-66,19970211,19970218,ERNSH,3,66,2,AUS-GR,60,13.6,0.0,47.94,816.0,816.0,612.0,204.0,25.0,1997-02-11,1997-03-11,1997-02-18,7,1
10443,10443-11,19970212,19970214,REGGC,8,11,1,ITA-TO,6,16.8,0.2,13.95,100.8,80.64,75.6,5.04,6.25,1997-02-12,1997-03-12,1997-02-14,2,1
10443,10443-28,19970212,19970214,REGGC,8,28,1,ITA-TO,12,36.4,0.0,13.95,436.8,436.8,328.32,108.48,24.84,1997-02-12,1997-03-12,1997-02-14,2,1
10444,10444-17,19970212,19970221,BERGS,3,17,3,SWE-LU,10,31.2,0.0,3.5,312.0,312.0,234.0,78.0,25.0,1997-02-12,1997-03-12,1997-02-21,9,1
10444,10444-26,19970212,19970221,BERGS,3,26,3,SWE-LU,15,24.9,0.0,3.5,373.5,373.5,281.1,92.4,24.74,1997-02-12,1997-03-12,1997-02-21,9,1
10444,10444-35,19970212,19970221,BERGS,3,35,3,SWE-LU,8,14.4,0.0,3.5,115.2,115.2,86.4,28.8,25.0,1997-02-12,1997-03-12,1997-02-21,9,1
10444,10444-41,19970212,19970221,BERGS,3,41,3,SWE-LU,30,7.7,0.0,3.5,231.0,231.0,173.7,57.3,24.81,1997-02-12,1997-03-12,1997-02-21,9,1
10445,10445-39,19970213,19970220,BERGS,3,39,1,SWE-LU,6,14.4,0.0,9.3,86.4,86.4,64.8,21.6,25.0,1997-02-13,1997-03-13,1997-02-20,7,1
10445,10445-54,19970213,19970220,BERGS,3,54,1,SWE-LU,15,5.9,0.0,9.3,88.5,88.5,67.05,21.45,24.24,1997-02-13,1997-03-13,1997-02-20,7,1
10446,10446-19,19970214,19970219,TOMSP,6,19,1,GER-BE,12,7.3,0.1,14.68,87.6,78.84,66.24,12.6,15.98,1997-02-14,1997-03-14,1997-02-19,5,1
10446,10446-24,19970214,19970219,TOMSP,6,24,1,GER-BE,20,3.6,0.1,14.68,72.0,64.8,54.0,10.8,16.67,1997-02-14,1997-03-14,1997-02-19,5,1
10446,10446-31,19970214,19970219,TOMSP,6,31,1,GER-BE,3,10.0,0.1,14.68,30.0,27.0,22.5,4.5,16.67,1997-02-14,1997-03-14,1997-02-19,5,1
10446,10446-52,19970214,19970219,TOMSP,6,52,1,GER-BE,15,5.6,0.1,14.68,84.0,75.6,63.0,12.6,16.67,1997-02-14,1997-03-14,1997-02-19,5,1
10447,10447-19,19970214,19970307,RICAR,4,19,2,BRA-SA,40,7.3,0.0,68.66,292.0,292.0,220.8,71.2,24.38,1997-02-14,1997-03-14,1997-03-07,21,1
10447,10447-65,19970214,19970307,RICAR,4,65,2,BRA-SA,35,16.8,0.0,68.66,588.0,588.0,442.05,145.95,24.82,1997-02-14,1997-03-14,1997-03-07,21,1
10447,10447-71,19970214,19970307,RICAR,4,71,2,BRA-SA,2,17.2,0.0,68.66,34.4,34.4,25.8,8.6,25.0,1997-02-14,1997-03-14,1997-03-07,21,1
10448,10448-26,19970217,19970224,RANCH,4,26,2,ARG-BU,6,24.9,0.0,38.82,149.4,149.4,112.44,36.96,24.74,1997-02-17,1997-03-17,1997-02-24,7,1
10448,10448-40,19970217,19970224,RANCH,4,40,2,ARG-BU,20,14.7,0.0,38.82,294.0,294.0,220.8,73.2,24.9,1997-02-17,1997-03-17,1997-02-24,7,1
10449,10449-10,19970218,19970227,BLONP,3,10,2,FRA-ST,14,24.8,0.0,53.3,347.2,347.2,260.4,86.8,25.0,1997-02-18,1997-03-18,1997-02-27,9,1
10449,10449-52,19970218,19970227,BLONP,3,52,2,FRA-ST,20,5.6,0.0,53.3,112.0,112.0,84.0,28.0,25.0,1997-02-18,1997-03-18,1997-02-27,9,1
10449,10449-62,19970218,19970227,BLONP,3,62,2,FRA-ST,35,39.4,0.0,53.3,1379.0,1379.0,1035.3,343.7,24.92,1997-02-18,1997-03-18,1997-02-27,9,1
10450,10450-10,19970219,19970311,VICTE,8,10,2,FRA-ST,20,24.8,0.2,7.23,496.0,396.8,372.0,24.8,6.25,1997-02-19,1997-03-19,1997-03-11,20,1
10450,10450-54,19970219,19970311,VICTE,8,54,2,FRA-ST,6,5.9,0.2,7.23,35.4,28.32,26.82,1.5,5.3,1997-02-19,1997-03-19,1997-03-11,20,1
10451,10451-55,19970219,19970312,QUICK,4,55,3,GER-BE,120,19.2,0.1,189.09,2304.0,2073.6,1728.0,345.6,16.67,1997-02-19,1997-03-05,1997-03-12,21,0
10451,10451-64,19970219,19970312,QUICK,4,64,3,GER-BE,35,26.6,0.1,189.09,931.0,837.9,698.25,139.65,16.67,1997-02-19,1997-03-05,1997-03-12,21,0
10451,10451-65,19970219,19970312,QUICK,4,65,3,GER-BE,28,16.8,0.1,189.09,470.4,423.36,353.64,69.72,16.47,1997-02-19,1997-03-05,1997-03-12,21,0
10451,10451-77,19970219,19970312,QUICK,4,77,3,GER-BE,55,10.4,0.1,189.09,572.0,514.8,429.0,85.8,16.67,1997-02-19,1997-03-05,1997-03-12,21,0
10452,10452-28,19970220,19970226,SAVEA,8,28,1,USA-EU,15,36.4,0.0,140.26,546.0,546.0,410.4,135.6,24.84,1997-02-20,1997-03-20,1997-02-26,6,1
10452,10452-44,19970220,19970226,SAVEA,8,44,1,USA-EU,100,15.5,0.05,140.26,1550.0,1472.5,1167.0,305.5,20.75,1997-02-20,1997-03-20,1997-02-26,6,1
10453,10453-48,19970221,19970226,AROUT,1,48,2,UK-LO,15,10.2,0.1,25.36,153.0,137.7,114.75,22.95,16.67,1997-02-21,1997-03-21,1997-02-26,5,1
10453,10453-70,19970221,19970226,AROUT,1,70,2,UK-LO,25,12.0,0.1,25.36,300.0,270.0,225.0,45.0,16.67,1997-02-21,1997-03-21,1997-02-26,5,1
10454,10454-16,19970221,19970225,LAMAI,4,16,3,FRA-ST,20,13.9,0.2,2.74,278.0,222.4,209.4,13.0,5.85,1997-02-21,1997-03-21,1997-02-25,4,1
10454,10454-33,19970221,19970225,LAMAI,4,33,3,FRA-ST,20,2.0,0.2,2.74,40.0,32.0,30.0,2.0,6.25,1997-02-21,1997-03-21,1997-02-25,4,1
10454,10454-46,19970221,19970225,LAMAI,4,46,3,FRA-ST,10,9.6,0.2,2.74,96.0,76.8,72.0,4.8,6.25,1997-02-21,1997-03-21,1997-02-25,4,1
10455,10455-39,19970224,19970303,WARTH,8,39,2,FIN-OU,20,14.4,0.0,180.45,288.0,288.0,216.0,72.0,25.0,1997-02-24,1997-04-07,1997-03-03,7,1
10455,10455-53,19970224,19970303,WARTH,8,53,2,FIN-OU,50,26.2,0.0,180.45,1310.0,1310.0,984.0,326.0,24.89,1997-02-24,1997-04-07,1997-03-03,7,1
10455,10455-61,19970224,19970303,WARTH,8,61,2,FIN-OU,25,22.8,0.0,180.45,570.0,570.0,427.5,142.5,25.0,1997-02-24,1997-04-07,1997-03-03,7,1
10455,10455-71,19970224,19970303,WARTH,8,71,2,FIN-OU,30,17.2,0.0,180.45,516.0,516.0,387.0,129.0,25.0,1997-02-24,1997-04-07,1997-03-03,7,1
10456,10456-21,19970225,19970228,KOENE,8,21,2,GER-BE,40,8.0,0.15,8.12,320.0,272.0,240.0,32.0,11.76,1997-02-25,1997-04-08,1997-02-28,3,1
10456,10456-49,19970225,19970228,KOENE,8,49,2,GER-BE,21,16.0,0.15,8.12,336.0,285.6,252.0,33.6,11.76,1997-02-25,1997-04-08,1997-02-28,3,1
10457,10457-59,19970225,19970303,KOENE,2,59,1,GER-BE,36,44.0,0.0,11.57,1584.0,1584.0,1188.0,396.0,25.0,1997-02-25,1997-03-25,1997-03-03,6,1
10458,10458-26,19970226,19970304,SUPRD,7,26,3,BEL-BR,30,24.9,0.0,147.06,747.0,747.0,562.2,184.8,24.74,1997-02-26,1997-03-26,1997-03-04,6,1
10458,10458-28,19970226,19970304,SUPRD,7,28,3,BEL-BR,30,36.4,0.0,147.06,1092.0,1092.0,820.8,271.2,24.84,1997-02-26,1997-03-26,1997-03-04,6,1
10458,10458-43,19970226,19970304,SUPRD,7,43,3,BEL-BR,20,36.8,0.0,147.06,736.0,736.0,552.0,184.0,25.0,1997-02-26,1997-03-26,1997-03-04,6,1
10458,10458-56,19970226,19970304,SUPRD,7,56,3,BEL-BR,15,30.4,0.0,147.06,456.0,456.0,342.0,114.0,25.0,1997-02-26,1997-03-26,1997-03-04,6,1
10458,10458-71,19970226,19970304,SUPRD,7,71,3,BEL-BR,50,17.2,0.0,147.06,860.0,860.0,645.0,215.0,25.0,1997-02-26,1997-03-26,1997-03-04,6,1
10459,10459-7,19970227,19970228,VICTE,4,7,2,FRA-ST,16,24.0,0.05,25.09,384.0,364.8,288.0,76.8,21.05,1997-02-27,1997-03-27,1997-02-28,1,1
10459,10459-46,19970227,19970228,VICTE,4,46,2,FRA-ST,20,9.6,0.05,25.09,192.0,182.4,144.0,38.4,21.05,1997-02-27,1997-03-27,1997-02-28,1,1
10459,10459-72,19970227,19970228,VICTE,4,72,2,FRA-ST,40,27.8,0.0,25.09,1112.0,1112.0,835.2,276.8,24.89,1997-02-27,1997-03-27,1997-02-28,1,1
10460,10460-68,19970228,19970303,FOLKO,8,68,1,SWE-LU,21,10.0,0.25,16.27,210.0,157.5,157.5,0.0,0.0,1997-02-28,1997-03-28,1997-03-03,3,1
10460,10460-75,19970228,19970303,FOLKO,8,75,1,SWE-LU,4,6.2,0.25,16.27,24.8,18.6,18.6,0.0,0.0,1997-02-28,1997-03-28,1997-03-03,3,1
10461,10461-21,19970228,19970305,LILAS,1,21,3,VEN-CA,40,8.0,0.25,148.61,320.0,240.0,240.0,0.0,0.0,1997-02-28,1997-03-28,1997-03-05,5,1
10461,10461-30,19970228,19970305,LILAS,1,30,3,VEN-CA,28,20.7,0.25,148.61,579.6,434.7,434.84,-0.14,-0.03,1997-02-28,1997-03-28,1997-03-05,5,1
10461,10461-55,19970228,19970305,LILAS,1,55,3,VEN-CA,60,19.2,0.25,148.61,1152.0,864.0,864.0,0.0,0.0,1997-02-28,1997-03-28,1997-03-05,5,1
10462,10462-13,19970303,19970318,CONSH,2,13,1,UK-LO,1,4.8,0.0,6.17,4.8,4.8,3.6,1.2,25.0,1997-03-03,1997-03-31,1997-03-18,15,1
10462,10462-23,19970303,19970318,CONSH,2,23,1,UK-LO,21,7.2,0.0,6.17,151.2,151.2,113.4,37.8,25.0,1997-03-03,1997-03-31,1997-03-18,15,1
10463,10463-19,19970304,19970306,SUPRD,5,19,3,BEL-BR,21,7.3,0.0,14.78,153.3,153.3,115.92,37.38,24.38,1997-03-04,1997-04-01,1997-03-06,2,1
10463,10463-42,19970304,19970306,SUPRD,5,42,3,BEL-BR,50,11.2,0.0,14.78,560.0,560.0,420.0,140.0,25.0,1997-03-04,1997-04-01,1997-03-06,2,1
10464,10464-4,19970304,19970314,FURIB,4,4,2,POR-LI,16,17.6,0.2,89.0,281.6,225.28,211.2,14.08,6.25,1997-03-04,1997-04-01,1997-03-14,10,1
10464,10464-43,19970304,19970314,FURIB,4,43,2,POR-LI,3,36.8,0.0,89.0,110.4,110.4,82.8,27.6,25.0,1997-03-04,1997-04-01,1997-03-14,10,1
10464,10464-56,19970304,19970314,FURIB,4,56,2,POR-LI,30,30.4,0.2,89.0,912.0,729.6,684.0,45.6,6.25,1997-03-04,1997-04-01,1997-03-14,10,1
10464,10464-60,19970304,19970314,FURIB,4,60,2,POR-LI,20,27.2,0.0,89.0,544.0,544.0,408.0,136.0,25.0,1997-03-04,1997-04-01,1997-03-14,10,1
10465,10465-24,19970305,19970314,VAFFE,1,24,3,DEN-KO,25,3.6,0.0,145.04,90.0,90.0,67.5,22.5,25.0,1997-03-05,1997-04-02,1997-03-14,9,1
10465,10465-29,19970305,19970314,VAFFE,1,29,3,DEN-KO,18,99.0,0.1,145.04,1782.0,1603.8,1336.86,266.94,16.64,1997-03-05,1997-04-02,1997-03-14,9,1
10465,10465-40,19970305,19970314,VAFFE,1,40,3,DEN-KO,20,14.7,0.0,145.04,294.0,294.0,220.8,73.2,24.9,1997-03-05,1997-04-02,1997-03-14,9,1
10465,10465-45,19970305,19970314,VAFFE,1,45,3,DEN-KO,30,7.6,0.1,145.04,228.0,205.2,171.0,34.2,16.67,1997-03-05,1997-04-02,1997-03-14,9,1
10465,10465-50,19970305,19970314,VAFFE,1,50,3,DEN-KO,25,13.0,0.0,145.04,325.0,325.0,243.75,81.25,25.0,1997-03-05,1997-04-02,1997-03-14,9,1
10466,10466-11,19970306,19970313,COMMI,4,11,1,BRA-SA,10,16.8,0.0,11.93,168.0,168.0,126.0,42.0,25.0,1997-03-06,1997-04-03,1997-03-13,7,1
10466,10466-46,19970306,19970313,COMMI,4,46,1,BRA-SA,5,9.6,0.0,11.93,48.0,48.0,36.0,12.0,25.0,1997-03-06,1997-04-03,1997-03-13,7,1
10467,10467-24,19970306,19970311,MAGAA,8,24,2,ITA-TO,28,3.6,0.0,4.93,100.8,100.8,75.6,25.2,25.0,1997-03-06,1997-04-03,1997-03-11,5,1
10467,10467-25,19970306,19970311,MAGAA,8,25,2,ITA-TO,12,11.2,0.0,4.93,134.4,134.4,100.8,33.6,25.0,1997-03-06,1997-04-03,1997-03-11,5,1
10468,10468-30,19970307,19970312,KOENE,3,30,3,GER-BE,8,20.7,0.0,44.12,165.6,165.6,124.24,41.36,24.98,1997-03-07,1997-04-04,1997-03-12,5,1
10468,10468-43,19970307,19970312,KOENE,3,43,3,GER-BE,15,36.8,0.0,44.12,552.0,552.0,414.0,138.0,25.0,1997-03-07,1997-04-04,1997-03-12,5,1
10469,10469-2,19970310,19970314,WHITC,1,2,1,USA-EU,40,15.2,0.15,60.18,608.0,516.8,456.0,60.8,11.76,1997-03-10,1997-04-07,1997-03-14,4,1
10469,10469-16,19970310,19970314,WHITC,1,16,1,USA-EU,35,13.9,0.15,60.18,486.5,413.52,366.45,47.07,11.38,1997-03-10,1997-04-07,1997-03-14,4,1
10469,10469-44,19970310,19970314,WHITC,1,44,1,USA-EU,2,15.5,0.15,60.18,31.0,26.35,23.34,3.01,11.42,1997-03-10,1997-04-07,1997-03-14,4,1
10470,10470-18,19970311,19970314,BONAP,4,18,2,FRA-ST,30,50.0,0.0,64.56,1500.0,1500.0,1125.0,375.0,25.0,1997-03-11,1997-04-08,1997-03-14,3,1
10470,10470-23,19970311,19970314,BONAP,4,23,2,FRA-ST,15,7.2,0.0,64.56,108.0,108.0,81.0,27.0,25.0,1997-03-11,1997-04-08,1997-03-14,3,1
10470,10470-64,19970311,19970314,BONAP,4,64,2,FRA-ST,8,26.6,0.0,64.56,212.8,212.8,159.6,53.2,25.0,1997-03-11,1997-04-08,1997-03-14,3,1
10471,10471-7,19970311,19970318,BSBEV,2,7,3,UK-LO,30,24.0,0.0,45.59,720.0,720.0,540.0,180.0,25.0,1997-03-11,1997-04-08,1997-03-18,7,1
10471,10471-56,19970311,19970318,BSBEV,2,56,3,UK-LO,20,30.4,0.0,45.59,608.0,608.0,456.0,152.0,25.0,1997-03-11,1997-04-08,1997-03-18,7,1
10472,10472-24,19970312,19970319,SEVES,8,24,1,UK-LO,80,3.6,0.05,4.2,288.0,273.6,216.0,57.6,21.05,1997-03-12,1997-04-09,1997-03-19,7,1
10472,10472-51,19970312,19970319,SEVES,8,51,1,UK-LO,18,42.4,0.0,4.2,763.2,763.2,572.4,190.8,25.0,1997-03-12,1997-04-09,1997-03-19,7,1
10473,10473-33,19970313,19970321,ISLAT,1,33,3,UK-LO,12,2.0,0.0,16.37,24.0,24.0,18.0,6.0,25.0,1997-03-13,1997-03-27,1997-03-21,8,1
10473,10473-71,19970313,19970321,ISLAT,1,71,3,UK-LO,12,17.2,0.0,16.37,206.4,206.4,154.8,51.6,25.0,1997-03-13,1997-03-27,1997-03-21,8,1
10474,10474-14,19970313,19970321,PERIC,5,14,2,MEX-MÉ,12,18.6,0.0,83.49,223.2,223.2,167.4,55.8,25.0,1997-03-13,1997-04-10,1997-03-21,8,1
10474,10474-28,19970313,19970321,PERIC,5,28,2,MEX-MÉ,18,36.4,0.0,83.49,655.2,655.2,492.48,162.72,24.84,1997-03-13,1997-04-10,1997-03-21,8,1
10474,10474-40,19970313,19970321,PERIC,5,40,2,MEX-MÉ,21,14.7,0.0,83.49,308.7,308.7,231.84,76.86,24.9,1997-03-13,1997-04-10,1997-03-21,8,1
10474,10474-75,19970313,19970321,PERIC,5,75,2,MEX-MÉ,10,6.2,0.0,83.49,62.0,62.0,46.5,15.5,25.0,1997-03-13,1997-04-10,1997-03-21,8,1
10475,10475-31,19970314,19970404,SUPRD,9,31,1,BEL-BR,35,10.0,0.15,68.52,350.0,297.5,262.5,35.0,11.76,1997-03-14,1997-04-11,1997-04-04,21,1
10475,10475-66,19970314,19970404,SUPRD,9,66,1,BEL-BR,60,13.6,0.15,68.52,816.0,693.6,612.0,81.6,11.76,1997-03-14,1997-04-11,1997-04-04,21,1
10475,10475-76,19970314,19970404,SUPRD,9,76,1,BEL-BR,42,14.4,0.15,68.52,604.8,514.08,453.6,60.48,11.76,1997-03-14,1997-04-11,1997-04-04,21,1
10476,10476-55,19970317,19970324,HILAA,8,55,3,VEN-CA,2,19.2,0.05,4.41,38.4,36.48,28.8,7.68,21.05,1997-03-17,1997-04-14,1997-03-24,7,1
10476,10476-70,19970317,19970324,HILAA,8,70,3,VEN-CA,12,12.0,0.0,4.41,144.0,144.0,108.0,36.0,25.0,1997-03-17,1997-04-14,1997-03-24,7,1
10477,10477-1,19970317,19970325,PRINI,5,1,2,POR-LI,15,14.4,0.0,13.02,216.0,216.0,162.0,54.0,25.0,1997-03-17,1997-04-14,1997-03-25,8,1
10477,10477-21,19970317,19970325,PRINI,5,21,2,POR-LI,21,8.0,0.25,13.02,168.0,126.0,126.0,0.0,0.0,1997-03-17,1997-04-14,1997-03-25,8,1
10477,10477-39,19970317,19970325,PRINI,5,39,2,POR-LI,20,14.4,0.25,13.02,288.0,216.0,216.0,0.0,0.0,1997-03-17,1997-04-14,1997-03-25,8,1
10478,10478-10,19970318,19970326,VICTE,2,10,3,FRA-ST,20,24.8,0.05,4.81,496.0,471.2,372.0,99.2,21.05,1997-03-18,1997-04-01,1997-03-26,8,1
10479,10479-38,19970319,19970321,RATTC,3,38,3,USA-EU,30,210.8,0.0,708.95,6324.0,6324.0,4743.0,1581.0,25.0,1997-03-19,1997-04-16,1997-03-21,2,1
10479,10479-53,19970319,19970321,RATTC,3,53,3,USA-EU,28,26.2,0.0,708.95,733.6,733.6,551.04,182.56,24.89,1997-03-19,1997-04-16,1997-03-21,2,1
10479,10479-59,19970319,19970321,RATTC,3,59,3,USA-EU,60,44.0,0.0,708.95,2640.0,2640.0,1980.0,660.0,25.0,1997-03-19,1997-04-16,1997-03-21,2,1
10479,10479-64,19970319,19970321,RATTC,3,64,3,USA-EU,30,26.6,0.0,708.95,798.0,798.0,598.5,199.5,25.0,1997-03-19,1997-04-16,1997-03-21,2,1
10480,10480-47,19970320,19970324,FOLIG,6,47,2,FRA-ST,30,7.6,0.0,1.35,228.0,228.0,171.0,57.0,25.0,1997-03-20,1997-04-17,1997-03-24,4,1
10480,10480-59,19970320,19970324,FOLIG,6,59,2,FRA-ST,12,44.0,0.0,1.35,528.0,528.0,396.0,132.0,25.0,1997-03-20,1997-04-17,1997-03-24,4,1
10481,10481-49,19970320,19970325,RICAR,8,49,2,BRA-SA,24,16.0,0.0,64.33,384.0,384.0,288.0,96.0,25.0,1997-03-20,1997-04-17,1997-03-25,5,1
10481,10481-60,19970320,19970325,RICAR,8,60,2,BRA-SA,40,27.2,0.0,64.33,1088.0,1088.0,816.0,272.0,25.0,1997-03-20,1997-04-17,1997-03-25,5,1
10482,10482-40,19970321,19970410,LAZYK,1,40,3,USA-EU,10,14.7,0.0,7.48,147.0,147.0,110.4,36.6,24.9,1997-03-21,1997-04-18,1997-04-10,20,1
10483,10483-34,19970324,19970425,WHITC,7,34,2,USA-EU,35,11.2,0.05,15.28,392.0,372.4,294.0,78.4,21.05,1997-03-24,1997-04-21,1997-04-25,32,0
10483,10483-77,19970324,19970425,WHITC,7,77,2,USA-EU,30,10.4,0.05,15.28,312.0,296.4,234.0,62.4,21.05,1997-03-24,1997-04-21,1997-04-25,32,0
10484,10484-21,19970324,19970401,BSBEV,3,21,3,UK-LO,14,8.0,0.0,6.88,112.0,112.0,84.0,28.0,25.0,1997-03-24,1997-04-21,1997-04-01,8,1
10484,10484-40,19970324,19970401,BSBEV,3,40,3,UK-LO,10,14.7,0.0,6.88,147.0,147.0,110.4,36.6,24.9,1997-03-24,1997-04-21,1997-04-01,8,1
10484,10484-51,19970324,19970401,BSBEV,3,51,3,UK-LO,3,42.4,0.0,6.88,127.2,127.2,95.4,31.8,25.0,1997-03-24,1997-04-21,1997-04-01,8,1
10485,10485-2,19970325,19970331,LINOD,4,2,2,VEN-CA,20,15.2,0.1,64.45,304.0,273.6,228.0,45.6,16.67,1997-03-25,1997-04-08,1997-03-31,6,1
10485,10485-3,19970325,19970331,LINOD,4,3,2,VEN-CA,20,8.0,0.1,64.45,160.0,144.0,120.0,24.0,16.67,1997-03-25,1997-04-08,1997-03-31,6,1
10485,10485-55,19970325,19970331,LINOD,4,55,2,VEN-CA,30,19.2,0.1,64.45,576.0,518.4,432.0,86.4,16.67,1997-03-25,1997-04-08,1997-03-31,6,1
10485,10485-70,19970325,19970331,LINOD,4,70,2,VEN-CA,60,12.0,0.1,64.45,720.0,648.0,540.0,108.0,16.67,1997-03-25,1997-04-08,1997-03-31,6,1
10486,10486-11,19970326,19970402,HILAA,1,11,2,VEN-CA,5,16.8,0.0,30.53,84.0,84.0,63.0,21.0,25.0,1997-03-26,1997-04-23,1997-04-02,7,1
10486,10486-51,19970326,19970402,HILAA,1,51,2,VEN-CA,25,42.4,0.0,30.53,1060.0,1060.0,795.0,265.0,25.0,1997-03-26,1997-04-23,1997-04-02,7,1
10486,10486-74,19970326,19970402,HILAA,1,74,2,VEN-CA,16,8.0,0.0,30.53,128.0,128.0,96.0,32.0,25.0,1997-03-26,1997-04-23,1997-04-02,7,1
10487,10487-19,19970326,19970328,QUEEN,2,19,2,BRA-SA,5,7.3,0.0,71.07,36.5,36.5,27.6,8.9,24.38,1997-03-26,1997-04-23,1997-03-28,2,1
10487,10487-26,19970326,19970328,QUEEN,2,26,2,BRA-SA,30,24.9,0.0,71.07,747.0,747.0,562.2,184.8,24.74,1997-03-26,1997-04-23,1997-03-28,2,1
10487,10487-54,19970326,19970328,QUEEN,2,54,2,BRA-SA,24,5.9,0.25,71.07,141.6,106.2,107.28,-1.08,-1.02,1997-03-26,1997-04-23,1997-03-28,2,1
10488,10488-59,19970327,19970402,FRANK,8,59,2,GER-BE,30,44.0,0.0,4.93,1320.0,1320.0,990.0,330.0,25.0,1997-03-27,1997-04-24,1997-04-02,6,1
10488,10488-73,19970327,19970402,FRANK,8,73,2,GER-BE,20,12.0,0.2,4.93,240.0,192.0,180.0,12.0,6.25,1997-03-27,1997-04-24,1997-04-02,6,1
10489,10489-11,19970328,19970409,PICCO,6,11,2,AUS-GR,15,16.8,0.25,5.29,252.0,189.0,189.0,0.0,0.0,1997-03-28,1997-04-25,1997-04-09,12,1
10489,10489-16,19970328,19970409,PICCO,6,16,2,AUS-GR,18,13.9,0.0,5.29,250.2,250.2,188.46,61.74,24.68,1997-03-28,1997-04-25,1997-04-09,12,1
10490,10490-59,19970331,19970403,HILAA,7,59,2,VEN-CA,60,44.0,0.0,210.19,2640.0,2640.0,1980.0,660.0,25.0,1997-03-31,1997-04-28,1997-04-03,3,1
10490,10490-68,19970331,19970403,HILAA,7,68,2,VEN-CA,30,10.0,0.0,210.19,300.0,300.0,225.0,75.0,25.0,1997-03-31,1997-04-28,1997-04-03,3,1
10490,10490-75,19970331,19970403,HILAA,7,75,2,VEN-CA,36,6.2,0.0,210.19,223.2,223.2,167.4,55.8,25.0,1997-03-31,1997-04-28,1997-04-03,3,1
10491,10491-44,19970331,19970408,FURIB,8,44,3,POR-LI,15,15.5,0.15,16.96,232.5,197.62,175.05,22.57,11.42,1997-03-31,1997-04-28,1997-04-08,8,1
10491,10491-77,19970331,19970408,FURIB,8,77,3,POR-LI,7,10.4,0.15,16.96,72.8,61.88,54.6,7.28,11.76,1997-03-31,1997-04-28,1997-04-08,8,1
10492,10492-25,19970401,19970411,BOTTM,3,25,1,CAN-TS,60,11.2,0.05,62.89,672.0,638.4,504.0,134.4,21.05,1997-04-01,1997-04-29,1997-04-11,10,1
10492,10492-42,19970401,19970411,BOTTM,3,42,1,CAN-TS,20,11.2,0.05,62.89,224.0,212.8,168.0,44.8,21.05,1997-04-01,1997-04-29,1997-04-11,10,1
10493,10493-65,19970402,19970410,LAMAI,4,65,3,FRA-ST,15,16.8,0.1,10.64,252.0,226.8,189.45,37.35,16.47,1997-04-02,1997-04-30,1997-04-10,8,1
10493,10493-66,19970402,19970410,LAMAI,4,66,3,FRA-ST,10,13.6,0.1,10.64,136.0,122.4,102.0,20.4,16.67,1997-04-02,1997-04-30,1997-04-10,8,1
10493,10493-69,19970402,19970410,LAMAI,4,69,3,FRA-ST,10,28.8,0.1,10.64,288.0,259.2,216.0,43.2,16.67,1997-04-02,1997-04-30,1997-04-10,8,1
10494,10494-56,19970402,19970409,COMMI,4,56,2,BRA-SA,30,30.4,0.0,65.99,912.0,912.0,684.0,228.0,25.0,1997-04-02,1997-04-30,1997-04-09,7,1
10495,10495-23,19970403,19970411,LAUGB,3,23,3,CAN-TS,10,7.2,0.0,4.65,72.0,72.0,54.0,18.0,25.0,1997-04-03,1997-05-01,1997-04-11,8,1
10495,10495-41,19970403,19970411,LAUGB,3,41,3,CAN-TS,20,7.7,0.0,4.65,154.0,154.0,115.8,38.2,24.81,1997-04-03,1997-05-01,1997-04-11,8,1
10495,10495-77,19970403,19970411,LAUGB,3,77,3,CAN-TS,5,10.4,0.0,4.65,52.0,52.0,39.0,13.0,25.0,1997-04-03,1997-05-01,1997-04-11,8,1
10496,10496-31,19970404,19970407,TRADH,7,31,2,BRA-SA,20,10.0,0.05,46.77,200.0,190.0,150.0,40.0,21.05,1997-04-04,1997-05-02,1997-04-07,3,1
10497,10497-56,19970404,19970407,LEHMS,7,56,1,GER-BE,14,30.4,0.0,36.21,425.6,425.6,319.2,106.4,25.0,1997-04-04,1997-05-02,1997-04-07,3,1
10497,10497-72,19970404,19970407,LEHMS,7,72,1,GER-BE,25,27.8,0.0,36.21,695.0,695.0,522.0,173.0,24.89,1997-04-04,1997-05-02,1997-04-07,3,1
10497,10497-77,19970404,19970407,LEHMS,7,77,1,GER-BE,25,10.4,0.0,36.21,260.0,260.0,195.0,65.0,25.0,1997-04-04,1997-05-02,1997-04-07,3,1
10498,10498-24,19970407,19970411,HILAA,8,24,2,VEN-CA,14,4.5,0.0,29.75,63.0,63.0,37.8,25.2,40.0,1997-04-07,1997-05-05,1997-04-11,4,1
10498,10498-40,19970407,19970411,HILAA,8,40,2,VEN-CA,5,18.4,0.0,29.75,92.0,92.0,55.2,36.8,40.0,1997-04-07,1997-05-05,1997-04-11,4,1
10498,10498-42,19970407,19970411,HILAA,8,42,2,VEN-CA,30,14.0,0.0,29.75,420.0,420.0,252.0,168.0,40.0,1997-04-07,1997-05-05,1997-04-11,4,1
10499,10499-28,19970408,19970416,LILAS,4,28,2,VEN-CA,20,45.6,0.0,102.02,912.0,912.0,547.2,364.8,40.0,1997-04-08,1997-05-06,1997-04-16,8,1
10499,10499-49,19970408,19970416,LILAS,4,49,2,VEN-CA,25,20.0,0.0,102.02,500.0,500.0,300.0,200.0,40.0,1997-04-08,1997-05-06,1997-04-16,8,1
10500,10500-15,19970409,19970417,LAMAI,6,15,1,FRA-ST,12,15.5,0.05,42.68,186.0,176.7,111.6,65.1,36.84,1997-04-09,1997-05-07,1997-04-17,8,1
10500,10500-28,19970409,19970417,LAMAI,6,28,1,FRA-ST,8,45.6,0.05,42.68,364.8,346.56,218.88,127.68,36.84,1997-04-09,1997-05-07,1997-04-17,8,1
10501,10501-54,19970409,19970416,BLAUS,9,54,3,GER-BE,20,7.45,0.0,8.85,149.0,149.0,89.4,59.6,40.0,1997-04-09,1997-05-07,1997-04-16,7,1
10502,10502-45,19970410,19970429,PERIC,2,45,1,MEX-MÉ,21,9.5,0.0,69.32,199.5,199.5,119.7,79.8,40.0,1997-04-10,1997-05-08,1997-04-29,19,1
10502,10502-53,19970410,19970429,PERIC,2,53,1,MEX-MÉ,6,32.8,0.0,69.32,196.8,196.8,118.08,78.72,40.0,1997-04-10,1997-05-08,1997-04-29,19,1
10502,10502-67,19970410,19970429,PERIC,2,67,1,MEX-MÉ,30,14.0,0.0,69.32,420.0,420.0,252.0,168.0,40.0,1997-04-10,1997-05-08,1997-04-29,19,1
10503,10503-14,19970411,19970416,HUNGO,6,14,2,IRE-CO,70,23.25,0.0,16.74,1627.5,1627.5,976.5,651.0,40.0,1997-04-11,1997-05-09,1997-04-16,5,1
10503,10503-65,19970411,19970416,HUNGO,6,65,2,IRE-CO,20,21.05,0.0,16.74,421.0,421.0,252.6,168.4,40.0,1997-04-11,1997-05-09,1997-04-16,5,1
10504,10504-2,19970411,19970418,WHITC,4,2,3,USA-EU,12,19.0,0.0,59.13,228.0,228.0,136.8,91.2,40.0,1997-04-11,1997-05-09,1997-04-18,7,1
10504,10504-21,19970411,19970418,WHITC,4,21,3,USA-EU,12,10.0,0.0,59.13,120.0,120.0,72.0,48.0,40.0,1997-04-11,1997-05-09,1997-04-18,7,1
10504,10504-53,19970411,19970418,WHITC,4,53,3,USA-EU,10,32.8,0.0,59.13,328.0,328.0,196.8,131.2,40.0,1997-04-11,1997-05-09,1997-04-18,7,1
10504,10504-61,19970411,19970418,WHITC,4,61,3,USA-EU,25,28.5,0.0,59.13,712.5,712.5,427.5,285.0,40.0,1997-04-11,1997-05-09,1997-04-18,7,1
10505,10505-62,19970414,19970421,MEREP,3,62,3,CAN-TS,3,49.3,0.0,7.13,147.9,147.9,88.74,59.16,40.0,1997-04-14,1997-05-12,1997-04-21,7,1
10506,10506-25,19970415,19970502,KOENE,9,25,2,GER-BE,18,14.0,0.1,21.19,252.0,226.8,151.2,75.6,33.33,1997-04-15,1997-05-13,1997-05-02,17,1
10506,10506-70,19970415,19970502,KOENE,9,70,2,GER-BE,14,15.0,0.1,21.19,210.0,189.0,126.0,63.0,33.33,1997-04-15,1997-05-13,1997-05-02,17,1
10507,10507-43,19970415,19970422,ANTON,7,43,1,MEX-MÉ,15,46.0,0.15,47.45,690.0,586.5,414.0,172.5,29.41,1997-04-15,1997-05-13,1997-04-22,7,1
10507,10507-48,19970415,19970422,ANTON,7,48,1,MEX-MÉ,15,12.75,0.15,47.45,191.25,162.56,114.75,47.81,29.41,1997-04-15,1997-05-13,1997-04-22,7,1
10508,10508-13,19970416,19970513,OTTIK,1,13,2,GER-BE,10,6.0,0.0,4.99,60.0,60.0,36.0,24.0,40.0,1997-04-16,1997-05-14,1997-05-13,27,1
10508,10508-39,19970416,19970513,OTTIK,1,39,2,GER-BE,10,18.0,0.0,4.99,180.0,180.0,108.0,72.0,40.0,1997-04-16,1997-05-14,1997-05-13,27,1
10509,10509-28,19970417,19970429,BLAUS,4,28,1,GER-BE,3,45.6,0.0,0.15,136.8,136.8,82.08,54.72,40.0,1997-04-17,1997-05-15,1997-04-29,12,1
10510,10510-29,19970418,19970428,SAVEA,6,29,3,USA-EU,36,123.79,0.0,367.63,4456.44,4456.44,2673.72,1782.72,40.0,1997-04-18,1997-05-16,1997-04-28,10,1
10510,10510-75,19970418,19970428,SAVEA,6,75,3,USA-EU,36,7.75,0.1,367.63,279.0,251.1,167.4,83.7,33.33,1997-04-18,1997-05-16,1997-04-28,10,1
10511,10511-4,19970418,19970421,BONAP,4,4,3,FRA-ST,50,22.0,0.15,350.64,1100.0,935.0,660.0,275.0,29.41,1997-04-18,1997-05-16,1997-04-21,3,1
10511,10511-7,19970418,19970421,BONAP,4,7,3,FRA-ST,50,30.0,0.15,350.64,1500.0,1275.0,900.0,375.0,29.41,1997-04-18,1997-05-16,1997-04-21,3,1
10511,10511-8,19970418,19970421,BONAP,4,8,3,FRA-ST,10,40.0,0.15,350.64,400.0,340.0,240.0,100.0,29.41,1997-04-18,1997-05-16,1997-04-21,3,1
10512,10512-24,19970421,19970424,FAMIA,7,24,2,BRA-SA,10,4.5,0.15,3.53,45.0,38.25,27.0,11.25,29.41,1997-04-21,1997-05-19,1997-04-24,3,1
10512,10512-46,19970421,19970424,FAMIA,7,46,2,BRA-SA,9,12.0,0.15,3.53,108.0,91.8,64.8,27.0,29.41,1997-04-21,1997-05-19,1997-04-24,3,1
10512,10512-47,19970421,19970424,FAMIA,7,47,2,BRA-SA,6,9.5,0.15,3.53,57.0,48.45,34.2,14.25,29.41,1997-04-21,1997-05-19,1997-04-24,3,1
10512,10512-60,19970421,19970424,FAMIA,7,60,2,BRA-SA,12,34.0,0.15,3.53,408.0,346.8,244.8,102.0,29.41,1997-04-21,1997-05-19,1997-04-24,3,1
10513,10513-21,19970422,19970428,WANDK,7,21,1,GER-BE,40,10.0,0.2,105.65,400.0,320.0,240.0,80.0,25.0,1997-04-22,1997-06-03,1997-04-28,6,1
10513,10513-32,19970422,19970428,WANDK,7,32,1,GER-BE,50,32.0,0.2,105.65,1600.0,1280.0,960.0,320.0,25.0,1997-04-22,1997-06-03,1997-04-28,6,1
10513,10513-61,19970422,19970428,WANDK,7,61,1,GER-BE,15,28.5,0.2,105.65,427.5,342.0,256.5,85.5,25.0,1997-04-22,1997-06-03,1997-04-28,6,1
10514,10514-20,19970422,19970516,ERNSH,3,20,2,AUS-GR,39,81.0,0.0,789.95,3159.0,3159.0,1895.4,1263.6,40.0,1997-04-22,1997-05-20,1997-05-16,24,1
10514,10514-28,19970422,19970516,ERNSH,3,28,2,AUS-GR,35,45.6,0.0,789.95,1596.0,1596.0,957.6,638.4,40.0,1997-04-22,1997-05-20,1997-05-16,24,1
10514,10514-56,19970422,19970516,ERNSH,3,56,2,AUS-GR,70,38.0,0.0,789.95,2660.0,2660.0,1596.0,1064.0,40.0,1997-04-22,1997-05-20,1997-05-16,24,1
10514,10514-65,19970422,19970516,ERNSH,3,65,2,AUS-GR,39,21.05,0.0,789.95,820.95,820.95,492.57,328.38,40.0,1997-04-22,1997-05-20,1997-05-16,24,1
10514,10514-75,19970422,19970516,ERNSH,3,75,2,AUS-GR,50,7.75,0.0,789.95,387.5,387.5,232.5,155.0,40.0,1997-04-22,1997-05-20,1997-05-16,24,1
10515,10515-9,19970423,19970523,QUICK,2,9,1,GER-BE,16,97.0,0.15,204.47,1552.0,1319.2,931.2,388.0,29.41,1997-04-23,1997-05-07,1997-05-23,30,0
10515,10515-16,19970423,19970523,QUICK,2,16,1,GER-BE,50,17.45,0.0,204.47,872.5,872.5,523.5,349.0,40.0,1997-04-23,1997-05-07,1997-05-23,30,0
10515,10515-27,19970423,19970523,QUICK,2,27,1,GER-BE,120,43.9,0.0,204.47,5268.0,5268.0,3160.8,2107.2,40.0,1997-04-23,1997-05-07,1997-05-23,30,0
10515,10515-33,19970423,19970523,QUICK,2,33,1,GER-BE,16,2.5,0.15,204.47,40.0,34.0,24.0,10.0,29.41,1997-04-23,1997-05-07,1997-05-23,30,0
10515,10515-60,19970423,19970523,QUICK,2,60,1,GER-BE,84,34.0,0.15,204.47,2856.0,2427.6,1713.6,714.0,29.41,1997-04-23,1997-05-07,1997-05-23,30,0
10516,10516-18,19970424,19970501,HUNGO,2,18,3,IRE-CO,25,62.5,0.1,62.78,1562.5,1406.25,937.5,468.75,33.33,1997-04-24,1997-05-22,1997-05-01,7,1
10516,10516-41,19970424,19970501,HUNGO,2,41,3,IRE-CO,80,9.65,0.1,62.78,772.0,694.8,463.2,231.6,33.33,1997-04-24,1997-05-22,1997-05-01,7,1
10516,10516-42,19970424,19970501,HUNGO,2,42,3,IRE-CO,20,14.0,0.0,62.78,280.0,280.0,168.0,112.0,40.0,1997-04-24,1997-05-22,1997-05-01,7,1
10517,10517-52,19970424,19970429,NORTS,3,52,3,UK-LO,6,7.0,0.0,32.07,42.0,42.0,25.2,16.8,40.0,1997-04-24,1997-05-22,1997-04-29,5,1
10517,10517-59,19970424,19970429,NORTS,3,59,3,UK-LO,4,55.0,0.0,32.07,220.0,220.0,132.0,88.0,40.0,1997-04-24,1997-05-22,1997-04-29,5,1
10517,10517-70,19970424,19970429,NORTS,3,70,3,UK-LO,6,15.0,0.0,32.07,90.0,90.0,54.0,36.0,40.0,1997-04-24,1997-05-22,1997-04-29,5,1
10518,10518-24,19970425,19970505,TORTU,4,24,2,MEX-MÉ,5,4.5,0.0,218.15,22.5,22.5,13.5,9.0,40.0,1997-04-25,1997-05-09,1997-05-05,10,1
10518,10518-38,19970425,19970505,TORTU,4,38,2,MEX-MÉ,15,263.5,0.0,218.15,3952.5,3952.5,2371.5,1581.0,40.0,1997-04-25,1997-05-09,1997-05-05,10,1
10518,10518-44,19970425,19970505,TORTU,4,44,2,MEX-MÉ,9,19.45,0.0,218.15,175.05,175.05,105.03,70.02,40.0,1997-04-25,1997-05-09,1997-05-05,10,1
10519,10519-10,19970428,19970501,CHOPS,6,10,3,SWI-BE,16,31.0,0.05,91.76,496.0,471.2,297.6,173.6,36.84,1997-04-28,1997-05-26,1997-05-01,3,1
10519,10519-56,19970428,19970501,CHOPS,6,56,3,SWI-BE,40,38.0,0.0,91.76,1520.0,1520.0,912.0,608.0,40.0,1997-04-28,1997-05-26,1997-05-01,3,1
10519,10519-60,19970428,19970501,CHOPS,6,60,3,SWI-BE,10,34.0,0.05,91.76,340.0,323.0,204.0,119.0,36.84,1997-04-28,1997-05-26,1997-05-01,3,1
10520,10520-24,19970429,19970501,SANTG,7,24,1,NOR-ST,8,4.5,0.0,13.37,36.0,36.0,21.6,14.4,40.0,1997-04-29,1997-05-27,1997-05-01,2,1
10520,10520-53,19970429,19970501,SANTG,7,53,1,NOR-ST,5,32.8,0.0,13.37,164.0,164.0,98.4,65.6,40.0,1997-04-29,1997-05-27,1997-05-01,2,1
10521,10521-35,19970429,19970502,CACTU,8,35,2,ARG-BU,3,18.0,0.0,17.22,54.0,54.0,32.4,21.6,40.0,1997-04-29,1997-05-27,1997-05-02,3,1
10521,10521-41,19970429,19970502,CACTU,8,41,2,ARG-BU,10,9.65,0.0,17.22,96.5,96.5,57.9,38.6,40.0,1997-04-29,1997-05-27,1997-05-02,3,1
10521,10521-68,19970429,19970502,CACTU,8,68,2,ARG-BU,6,12.5,0.0,17.22,75.0,75.0,45.0,30.0,40.0,1997-04-29,1997-05-27,1997-05-02,3,1
10522,10522-1,19970430,19970506,LEHMS,4,1,1,GER-BE,40,18.0,0.2,45.33,720.0,576.0,432.0,144.0,25.0,1997-04-30,1997-05-28,1997-05-06,6,1
10522,10522-8,19970430,19970506,LEHMS,4,8,1,GER-BE,24,40.0,0.0,45.33,960.0,960.0,576.0,384.0,40.0,1997-04-30,1997-05-28,1997-05-06,6,1
10522,10522-30,19970430,19970506,LEHMS,4,30,1,GER-BE,20,25.89,0.2,45.33,517.8,414.24,310.6,103.64,25.02,1997-04-30,1997-05-28,1997-05-06,6,1
10522,10522-40,19970430,19970506,LEHMS,4,40,1,GER-BE,25,18.4,0.2,45.33,460.0,368.0,276.0,92.0,25.0,1997-04-30,1997-05-28,1997-05-06,6,1
10523,10523-17,19970501,19970530,SEVES,7,17,2,UK-LO,25,39.0,0.1,77.63,975.0,877.5,585.0,292.5,33.33,1997-05-01,1997-05-29,1997-05-30,29,0
10523,10523-20,19970501,19970530,SEVES,7,20,2,UK-LO,15,81.0,0.1,77.63,1215.0,1093.5,729.0,364.5,33.33,1997-05-01,1997-05-29,1997-05-30,29,0
10523,10523-37,19970501,19970530,SEVES,7,37,2,UK-LO,18,26.0,0.1,77.63,468.0,421.2,280.8,140.4,33.33,1997-05-01,1997-05-29,1997-05-30,29,0
10523,10523-41,19970501,19970530,SEVES,7,41,2,UK-LO,6,9.65,0.1,77.63,57.9,52.11,34.74,17.37,33.33,1997-05-01,1997-05-29,1997-05-30,29,0
10524,10524-10,19970501,19970507,BERGS,1,10,2,SWE-LU,2,31.0,0.0,244.79,62.0,62.0,37.2,24.8,40.0,1997-05-01,1997-05-29,1997-05-07,6,1
10524,10524-30,19970501,19970507,BERGS,1,30,2,SWE-LU,10,25.89,0.0,244.79,258.9,258.9,155.3,103.6,40.02,1997-05-01,1997-05-29,1997-05-07,6,1
10524,10524-43,19970501,19970507,BERGS,1,43,2,SWE-LU,60,46.0,0.0,244.79,2760.0,2760.0,1656.0,1104.0,40.0,1997-05-01,1997-05-29,1997-05-07,6,1
10524,10524-54,19970501,19970507,BERGS,1,54,2,SWE-LU,15,7.45,0.0,244.79,111.75,111.75,67.05,44.7,40.0,1997-05-01,1997-05-29,1997-05-07,6,1
10525,10525-36,19970502,19970523,BONAP,1,36,2,FRA-ST,30,19.0,0.0,11.06,570.0,570.0,342.0,228.0,40.0,1997-05-02,1997-05-30,1997-05-23,21,1
10525,10525-40,19970502,19970523,BONAP,1,40,2,FRA-ST,15,18.4,0.1,11.06,276.0,248.4,165.6,82.8,33.33,1997-05-02,1997-05-30,1997-05-23,21,1
10526,10526-1,19970505,19970515,WARTH,4,1,2,FIN-OU,8,18.0,0.15,58.59,144.0,122.4,86.4,36.0,29.41,1997-05-05,1997-06-02,1997-05-15,10,1
10526,10526-13,19970505,19970515,WARTH,4,13,2,FIN-OU,10,6.0,0.0,58.59,60.0,60.0,36.0,24.0,40.0,1997-05-05,1997-06-02,1997-05-15,10,1
10526,10526-56,19970505,19970515,WARTH,4,56,2,FIN-OU,30,38.0,0.15,58.59,1140.0,969.0,684.0,285.0,29.41,1997-05-05,1997-06-02,1997-05-15,10,1
10527,10527-4,19970505,19970507,QUICK,7,4,1,GER-BE,50,22.0,0.1,41.9,1100.0,990.0,660.0,330.0,33.33,1997-05-05,1997-06-02,1997-05-07,2,1
10527,10527-36,19970505,19970507,QUICK,7,36,1,GER-BE,30,19.0,0.1,41.9,570.0,513.0,342.0,171.0,33.33,1997-05-05,1997-06-02,1997-05-07,2,1
10528,10528-11,19970506,19970509,GREAL,6,11,2,USA-EU,3,21.0,0.0,3.35,63.0,63.0,37.8,25.2,40.0,1997-05-06,1997-05-20,1997-05-09,3,1
10528,10528-33,19970506,19970509,GREAL,6,33,2,USA-EU,8,2.5,0.2,3.35,20.0,16.0,12.0,4.0,25.0,1997-05-06,1997-05-20,1997-05-09,3,1
10528,10528-72,19970506,19970509,GREAL,6,72,2,USA-EU,9,34.8,0.0,3.35,313.2,313.2,187.92,125.28,40.0,1997-05-06,1997-05-20,1997-05-09,3,1
10529,10529-55,19970507,19970509,MAISD,5,55,2,BEL-BR,14,24.0,0.0,66.69,336.0,336.0,201.6,134.4,40.0,1997-05-07,1997-06-04,1997-05-09,2,1
10529,10529-68,19970507,19970509,MAISD,5,68,2,BEL-BR,20,12.5,0.0,66.69,250.0,250.0,150.0,100.0,40.0,1997-05-07,1997-06-04,1997-05-09,2,1
10529,10529-69,19970507,19970509,MAISD,5,69,2,BEL-BR,10,36.0,0.0,66.69,360.0,360.0,216.0,144.0,40.0,1997-05-07,1997-06-04,1997-05-09,2,1
10530,10530-17,19970508,19970512,PICCO,3,17,2,AUS-GR,40,39.0,0.0,339.22,1560.0,1560.0,936.0,624.0,40.0,1997-05-08,1997-06-05,1997-05-12,4,1
10530,10530-43,19970508,19970512,PICCO,3,43,2,AUS-GR,25,46.0,0.0,339.22,1150.0,1150.0,690.0,460.0,40.0,1997-05-08,1997-06-05,1997-05-12,4,1
10530,10530-61,19970508,19970512,PICCO,3,61,2,AUS-GR,20,28.5,0.0,339.22,570.0,570.0,342.0,228.0,40.0,1997-05-08,1997-06-05,1997-05-12,4,1
10530,10530-76,19970508,19970512,PICCO,3,76,2,AUS-GR,50,18.0,0.0,339.22,900.0,900.0,540.0,360.0,40.0,1997-05-08,1997-06-05,1997-05-12,4,1
10531,10531-59,19970508,19970519,OCEAN,7,59,1,ARG-BU,2,55.0,0.0,8.12,110.0,110.0,66.0,44.0,40.0,1997-05-08,1997-06-05,1997-05-19,11,1
10532,10532-30,19970509,19970512,EASTC,7,30,3,UK-LO,15,25.89,0.0,74.46,388.35,388.35,232.95,155.4,40.02,1997-05-09,1997-06-06,1997-05-12,3,1
10532,10532-66,19970509,19970512,EASTC,7,66,3,UK-LO,24,17.0,0.0,74.46,408.0,408.0,244.8,163.2,40.0,1997-05-09,1997-06-06,1997-05-12,3,1
10533,10533-4,19970512,19970522,FOLKO,8,4,1,SWE-LU,50,22.0,0.05,188.04,1100.0,1045.0,660.0,385.0,36.84,1997-05-12,1997-06-09,1997-05-22,10,1
10533,10533-72,19970512,19970522,FOLKO,8,72,1,SWE-LU,24,34.8,0.0,188.04,835.2,835.2,501.12,334.08,40.0,1997-05-12,1997-06-09,1997-05-22,10,1
10533,10533-73,19970512,19970522,FOLKO,8,73,1,SWE-LU,24,15.0,0.05,188.04,360.0,342.0,216.0,126.0,36.84,1997-05-12,1997-06-09,1997-05-22,10,1
10534,10534-30,19970512,19970514,LEHMS,8,30,2,GER-BE,10,25.89,0.0,27.94,258.9,258.9,155.3,103.6,40.02,1997-05-12,1997-06-09,1997-05-14,2,1
10534,10534-40,19970512,19970514,LEHMS,8,40,2,GER-BE,10,18.4,0.2,27.94,184.0,147.2,110.4,36.8,25.0,1997-05-12,1997-06-09,1997-05-14,2,1
10534,10534-54,19970512,19970514,LEHMS,8,54,2,GER-BE,10,7.45,0.2,27.94,74.5,59.6,44.7,14.9,25.0,1997-05-12,1997-06-09,1997-05-14,2,1
10535,10535-11,19970513,19970521,ANTON,4,11,1,MEX-MÉ,50,21.0,0.1,15.64,1050.0,945.0,630.0,315.0,33.33,1997-05-13,1997-06-10,1997-05-21,8,1
10535,10535-40,19970513,19970521,ANTON,4,40,1,MEX-MÉ,10,18.4,0.1,15.64,184.0,165.6,110.4,55.2,33.33,1997-05-13,1997-06-10,1997-05-21,8,1
10535,10535-57,19970513,19970521,ANTON,4,57,1,MEX-MÉ,5,19.5,0.1,15.64,97.5,87.75,58.5,29.25,33.33,1997-05-13,1997-06-10,1997-05-21,8,1
10535,10535-59,19970513,19970521,ANTON,4,59,1,MEX-MÉ,15,55.0,0.1,15.64,825.0,742.5,495.0,247.5,33.33,1997-05-13,1997-06-10,1997-05-21,8,1
10536,10536-12,19970514,19970606,LEHMS,3,12,2,GER-BE,15,38.0,0.25,58.88,570.0,427.5,342.0,85.5,20.0,1997-05-14,1997-06-11,1997-06-06,23,1
10536,10536-31,19970514,19970606,LEHMS,3,31,2,GER-BE,20,12.5,0.0,58.88,250.0,250.0,150.0,100.0,40.0,1997-05-14,1997-06-11,1997-06-06,23,1
10536,10536-33,19970514,19970606,LEHMS,3,33,2,GER-BE,30,2.5,0.0,58.88,75.0,75.0,45.0,30.0,40.0,1997-05-14,1997-06-11,1997-06-06,23,1
10536,10536-60,19970514,19970606,LEHMS,3,60,2,GER-BE,35,34.0,0.25,58.88,1190.0,892.5,714.0,178.5,20.0,1997-05-14,1997-06-11,1997-06-06,23,1
10537,10537-31,19970514,19970519,RICSU,1,31,1,SWI-BE,30,12.5,0.0,78.85,375.0,375.0,225.0,150.0,40.0,1997-05-14,1997-05-28,1997-05-19,5,1
10537,10537-51,19970514,19970519,RICSU,1,51,1,SWI-BE,6,53.0,0.0,78.85,318.0,318.0,190.8,127.2,40.0,1997-05-14,1997-05-28,1997-05-19,5,1
10537,10537-58,19970514,19970519,RICSU,1,58,1,SWI-BE,20,13.25,0.0,78.85,265.0,265.0,159.0,106.0,40.0,1997-05-14,1997-05-28,1997-05-19,5,1
10537,10537-72,19970514,19970519,RICSU,1,72,1,SWI-BE,21,34.8,0.0,78.85,730.8,730.8,438.48,292.32,40.0,1997-05-14,1997-05-28,1997-05-19,5,1
10537,10537-73,19970514,19970519,RICSU,1,73,1,SWI-BE,9,15.0,0.0,78.85,135.0,135.0,81.0,54.0,40.0,1997-05-14,1997-05-28,1997-05-19,5,1
10538,10538-70,19970515,19970516,BSBEV,9,70,3,UK-LO,7,15.0,0.0,4.87,105.0,105.0,63.0,42.0,40.0,1997-05-15,1997-06-12,1997-05-16,1,1
10538,10538-72,19970515,19970516,BSBEV,9,72,3,UK-LO,1,34.8,0.0,4.87,34.8,34.8,20.88,13.92,40.0,1997-05-15,1997-06-12,1997-05-16,1,1
10539,10539-13,19970516,19970523,BSBEV,6,13,3,UK-LO,8,6.0,0.0,12.36,48.0,48.0,28.8,19.2,40.0,1997-05-16,1997-06-13,1997-05-23,7,1
10539,10539-21,19970516,19970523,BSBEV,6,21,3,UK-LO,15,10.0,0.0,12.36,150.0,150.0,90.0,60.0,40.0,1997-05-16,1997-06-13,1997-05-23,7,1
10539,10539-33,19970516,19970523,BSBEV,6,33,3,UK-LO,15,2.5,0.0,12.36,37.5,37.5,22.5,15.0,40.0,1997-05-16,1997-06-13,1997-05-23,7,1
10539,10539-49,19970516,19970523,BSBEV,6,49,3,UK-LO,6,20.0,0.0,12.36,120.0,120.0,72.0,48.0,40.0,1997-05-16,1997-06-13,1997-05-23,7,1
10540,10540-3,19970519,19970613,QUICK,3,3,3,GER-BE,60,10.0,0.0,1007.64,600.0,600.0,360.0,240.0,40.0,1997-05-19,1997-06-16,1997-06-13,25,1
10540,10540-26,19970519,19970613,QUICK,3,26,3,GER-BE,40,31.23,0.0,1007.64,1249.2,1249.2,749.6,499.6,39.99,1997-05-19,1997-06-16,1997-06-13,25,1
10540,10540-38,19970519,19970613,QUICK,3,38,3,GER-BE,30,263.5,0.0,1007.64,7905.0,7905.0,4743.0,3162.0,40.0,1997-05-19,1997-06-16,1997-06-13,25,1
10540,10540-68,19970519,19970613,QUICK,3,68,3,GER-BE,35,12.5,0.0,1007.64,437.5,437.5,262.5,175.0,40.0,1997-05-19,1997-06-16,1997-06-13,25,1
10541,10541-24,19970519,19970529,HANAR,2,24,1,BRA-SA,35,4.5,0.1,68.65,157.5,141.75,94.5,47.25,33.33,1997-05-19,1997-06-16,1997-05-29,10,1
10541,10541-38,19970519,19970529,HANAR,2,38,1,BRA-SA,4,263.5,0.1,68.65,1054.0,948.6,632.4,316.2,33.33,1997-05-19,1997-06-16,1997-05-29,10,1
10541,10541-65,19970519,19970529,HANAR,2,65,1,BRA-SA,36,21.05,0.1,68.65,757.8,682.02,454.68,227.34,33.33,1997-05-19,1997-06-16,1997-05-29,10,1
10541,10541-71,19970519,19970529,HANAR,2,71,1,BRA-SA,9,21.5,0.1,68.65,193.5,174.15,116.1,58.05,33.33,1997-05-19,1997-06-16,1997-05-29,10,1
10542,10542-11,19970520,19970526,KOENE,1,11,3,GER-BE,15,21.0,0.05,10.95,315.0,299.25,189.0,110.25,36.84,1997-05-20,1997-06-17,1997-05-26,6,1
10542,10542-54,19970520,19970526,KOENE,1,54,3,GER-BE,24,7.45,0.05,10.95,178.8,169.86,107.28,62.58,36.84,1997-05-20,1997-06-17,1997-05-26,6,1
10543,10543-12,19970521,19970523,LILAS,8,12,2,VEN-CA,30,38.0,0.15,48.17,1140.0,969.0,684.0,285.0,29.41,1997-05-21,1997-06-18,1997-05-23,2,1
10543,10543-23,19970521,19970523,LILAS,8,23,2,VEN-CA,70,9.0,0.15,48.17,630.0,535.5,378.0,157.5,29.41,1997-05-21,1997-06-18,1997-05-23,2,1
10544,10544-28,19970521,19970530,LONEP,4,28,1,USA-EU,7,45.6,0.0,24.91,319.2,319.2,191.52,127.68,40.0,1997-05-21,1997-06-18,1997-05-30,9,1
10544,10544-67,19970521,19970530,LONEP,4,67,1,USA-EU,7,14.0,0.0,24.91,98.0,98.0,58.8,39.2,40.0,1997-05-21,1997-06-18,1997-05-30,9,1
10545,10545-11,19970522,19970626,LAZYK,8,11,2,USA-EU,10,21.0,0.0,11.92,210.0,210.0,126.0,84.0,40.0,1997-05-22,1997-06-19,1997-06-26,35,0
10546,10546-7,19970523,19970527,VICTE,1,7,3,FRA-ST,10,30.0,0.0,194.72,300.0,300.0,180.0,120.0,40.0,1997-05-23,1997-06-20,1997-05-27,4,1
10546,10546-35,19970523,19970527,VICTE,1,35,3,FRA-ST,30,18.0,0.0,194.72,540.0,540.0,324.0,216.0,40.0,1997-05-23,1997-06-20,1997-05-27,4,1
10546,10546-62,19970523,19970527,VICTE,1,62,3,FRA-ST,40,49.3,0.0,194.72,1972.0,1972.0,1183.2,788.8,40.0,1997-05-23,1997-06-20,1997-05-27,4,1
10547,10547-32,19970523,19970602,SEVES,3,32,2,UK-LO,24,32.0,0.15,178.43,768.0,652.8,460.8,192.0,29.41,1997-05-23,1997-06-20,1997-06-02,10,1
10547,10547-36,19970523,19970602,SEVES,3,36,2,UK-LO,60,19.0,0.0,178.43,1140.0,1140.0,684.0,456.0,40.0,1997-05-23,1997-06-20,1997-06-02,10,1
10548,10548-34,19970526,19970602,TOMSP,3,34,2,GER-BE,10,14.0,0.25,1.43,140.0,105.0,84.0,21.0,20.0,1997-05-26,1997-06-23,1997-06-02,7,1
10548,10548-41,19970526,19970602,TOMSP,3,41,2,GER-BE,14,9.65,0.0,1.43,135.1,135.1,81.06,54.04,40.0,1997-05-26,1997-06-23,1997-06-02,7,1
10549,10549-31,19970527,19970530,QUICK,5,31,1,GER-BE,55,12.5,0.15,171.24,687.5,584.38,412.5,171.88,29.41,1997-05-27,1997-06-10,1997-05-30,3,1
10549,10549-45,19970527,19970530,QUICK,5,45,1,GER-BE,100,9.5,0.15,171.24,950.0,807.5,570.0,237.5,29.41,1997-05-27,1997-06-10,1997-05-30,3,1
10549,10549-51,19970527,19970530,QUICK,5,51,1,GER-BE,48,53.0,0.15,171.24,2544.0,2162.4,1526.4,636.0,29.41,1997-05-27,1997-06-10,1997-05-30,3,1
10550,10550-17,19970528,19970606,GODOS,7,17,3,SPA-MA,8,39.0,0.1,4.32,312.0,280.8,187.2,93.6,33.33,1997-05-28,1997-06-25,1997-06-06,9,1
10550,10550-19,19970528,19970606,GODOS,7,19,3,SPA-MA,10,9.2,0.0,4.32,92.0,92.0,55.2,36.8,40.0,1997-05-28,1997-06-25,1997-06-06,9,1
10550,10550-21,19970528,19970606,GODOS,7,21,3,SPA-MA,6,10.0,0.1,4.32,60.0,54.0,36.0,18.0,33.33,1997-05-28,1997-06-25,1997-06-06,9,1
10550,10550-61,19970528,19970606,GODOS,7,61,3,SPA-MA,10,28.5,0.1,4.32,285.0,256.5,171.0,85.5,33.33,1997-05-28,1997-06-25,1997-06-06,9,1
10551,10551-16,19970528,19970606,FURIB,4,16,3,POR-LI,40,17.45,0.15,72.95,698.0,593.3,418.8,174.5,29.41,1997-05-28,1997-07-09,1997-06-06,9,1
10551,10551-35,19970528,19970606,FURIB,4,35,3,POR-LI,20,18.0,0.15,72.95,360.0,306.0,216.0,90.0,29.41,1997-05-28,1997-07-09,1997-06-06,9,1
10551,10551-44,19970528,19970606,FURIB,4,44,3,POR-LI,40,19.45,0.0,72.95,778.0,778.0,466.8,311.2,40.0,1997-05-28,1997-07-09,1997-06-06,9,1
10552,10552-69,19970529,19970605,HILAA,2,69,1,VEN-CA,18,36.0,0.0,83.22,648.0,648.0,388.8,259.2,40.0,1997-05-29,1997-06-26,1997-06-05,7,1
10552,10552-75,19970529,19970605,HILAA,2,75,1,VEN-CA,30,7.75,0.0,83.22,232.5,232.5,139.5,93.0,40.0,1997-05-29,1997-06-26,1997-06-05,7,1
10553,10553-11,19970530,19970603,WARTH,2,11,2,FIN-OU,15,21.0,0.0,149.49,315.0,315.0,189.0,126.0,40.0,1997-05-30,1997-06-27,1997-06-03,4,1
10553,10553-16,19970530,19970603,WARTH,2,16,2,FIN-OU,14,17.45,0.0,149.49,244.3,244.3,146.58,97.72,40.0,1997-05-30,1997-06-27,1997-06-03,4,1
10553,10553-22,19970530,19970603,WARTH,2,22,2,FIN-OU,24,21.0,0.0,149.49,504.0,504.0,302.4,201.6,40.0,1997-05-30,1997-06-27,1997-06-03,4,1
10553,10553-31,19970530,19970603,WARTH,2,31,2,FIN-OU,30,12.5,0.0,149.49,375.0,375.0,225.0,150.0,40.0,1997-05-30,1997-06-27,1997-06-03,4,1
10553,10553-35,19970530,19970603,WARTH,2,35,2,FIN-OU,6,18.0,0.0,149.49,108.0,108.0,64.8,43.2,40.0,1997-05-30,1997-06-27,1997-06-03,4,1
10554,10554-16,19970530,19970605,OTTIK,4,16,3,GER-BE,30,17.45,0.05,120.97,523.5,497.32,314.1,183.22,36.84,1997-05-30,1997-06-27,1997-06-05,6,1
10554,10554-23,19970530,19970605,OTTIK,4,23,3,GER-BE,20,9.0,0.05,120.97,180.0,171.0,108.0,63.0,36.84,1997-05-30,1997-06-27,1997-06-05,6,1
10554,10554-62,19970530,19970605,OTTIK,4,62,3,GER-BE,20,49.3,0.05,120.97,986.0,936.7,591.6,345.1,36.84,1997-05-30,1997-06-27,1997-06-05,6,1
10554,10554-77,19970530,19970605,OTTIK,4,77,3,GER-BE,10,13.0,0.05,120.97,130.0,123.5,78.0,45.5,36.84,1997-05-30,1997-06-27,1997-06-05,6,1
10555,10555-14,19970602,19970604,SAVEA,6,14,3,USA-EU,30,23.25,0.2,252.49,697.5,558.0,418.5,139.5,25.0,1997-06-02,1997-06-30,1997-06-04,2,1
10555,10555-19,19970602,19970604,SAVEA,6,19,3,USA-EU,35,9.2,0.2,252.49,322.0,257.6,193.2,64.4,25.0,1997-06-02,1997-06-30,1997-06-04,2,1
10555,10555-24,19970602,19970604,SAVEA,6,24,3,USA-EU,18,4.5,0.2,252.49,81.0,64.8,48.6,16.2,25.0,1997-06-02,1997-06-30,1997-06-04,2,1
10555,10555-51,19970602,19970604,SAVEA,6,51,3,USA-EU,20,53.0,0.2,252.49,1060.0,848.0,636.0,212.0,25.0,1997-06-02,1997-06-30,1997-06-04,2,1
10555,10555-56,19970602,19970604,SAVEA,6,56,3,USA-EU,40,38.0,0.2,252.49,1520.0,1216.0,912.0,304.0,25.0,1997-06-02,1997-06-30,1997-06-04,2,1
10556,10556-72,19970603,19970613,SIMOB,2,72,1,DEN-KO,24,34.8,0.0,9.8,835.2,835.2,501.12,334.08,40.0,1997-06-03,1997-07-15,1997-06-13,10,1
10557,10557-64,19970603,19970606,LEHMS,9,64,2,GER-BE,30,33.25,0.0,96.72,997.5,997.5,598.5,399.0,40.0,1997-06-03,1997-06-17,1997-06-06,3,1
10557,10557-75,19970603,19970606,LEHMS,9,75,2,GER-BE,20,7.75,0.0,96.72,155.0,155.0,93.0,62.0,40.0,1997-06-03,1997-06-17,1997-06-06,3,1
10558,10558-47,19970604,19970610,AROUT,1,47,2,UK-LO,25,9.5,0.0,72.97,237.5,237.5,142.5,95.0,40.0,1997-06-04,1997-07-02,1997-06-10,6,1
10558,10558-51,19970604,19970610,AROUT,1,51,2,UK-LO,20,53.0,0.0,72.97,1060.0,1060.0,636.0,424.0,40.0,1997-06-04,1997-07-02,1997-06-10,6,1
10558,10558-52,19970604,19970610,AROUT,1,52,2,UK-LO,30,7.0,0.0,72.97,210.0,210.0,126.0,84.0,40.0,1997-06-04,1997-07-02,1997-06-10,6,1
10558,10558-53,19970604,19970610,AROUT,1,53,2,UK-LO,18,32.8,0.0,72.97,590.4,590.4,354.24,236.16,40.0,1997-06-04,1997-07-02,1997-06-10,6,1
10558,10558-73,19970604,19970610,AROUT,1,73,2,UK-LO,3,15.0,0.0,72.97,45.0,45.0,27.0,18.0,40.0,1997-06-04,1997-07-02,1997-06-10,6,1
10559,10559-41,19970605,19970613,BLONP,6,41,1,FRA-ST,12,9.65,0.05,8.05,115.8,110.01,69.48,40.53,36.84,1997-06-05,1997-07-03,1997-06-13,8,1
10559,10559-55,19970605,19970613,BLONP,6,55,1,FRA-ST,18,24.0,0.05,8.05,432.0,410.4,259.2,151.2,36.84,1997-06-05,1997-07-03,1997-06-13,8,1
10560,10560-30,19970606,19970609,FRANK,8,30,1,GER-BE,20,25.89,0.0,36.65,517.8,517.8,310.6,207.2,40.02,1997-06-06,1997-07-04,1997-06-09,3,1
10560,10560-62,19970606,19970609,FRANK,8,62,1,GER-BE,15,49.3,0.25,36.65,739.5,554.62,443.7,110.92,20.0,1997-06-06,1997-07-04,1997-06-09,3,1
10561,10561-44,19970606,19970609,FOLKO,2,44,2,SWE-LU,10,19.45,0.0,242.21,194.5,194.5,116.7,77.8,40.0,1997-06-06,1997-07-04,1997-06-09,3,1
10561,10561-51,19970606,19970609,FOLKO,2,51,2,SWE-LU,50,53.0,0.0,242.21,2650.0,2650.0,1590.0,1060.0,40.0,1997-06-06,1997-07-04,1997-06-09,3,1
10562,10562-33,19970609,19970612,REGGC,1,33,1,ITA-TO,20,2.5,0.1,22.95,50.0,45.0,30.0,15.0,33.33,1997-06-09,1997-07-07,1997-06-12,3,1
10562,10562-62,19970609,19970612,REGGC,1,62,1,ITA-TO,10,49.3,0.1,22.95,493.0,443.7,295.8,147.9,33.33,1997-06-09,1997-07-07,1997-06-12,3,1
10563,10563-36,19970610,19970624,RICAR,2,36,2,BRA-SA,25,19.0,0.0,60.43,475.0,475.0,285.0,190.0,40.0,1997-06-10,1997-07-22,1997-06-24,14,1
10563,10563-52,19970610,19970624,RICAR,2,52,2,BRA-SA,70,7.0,0.0,60.43,490.0,490.0,294.0,196.0,40.0,1997-06-10,1997-07-22,1997-06-24,14,1
10564,10564-17,19970610,19970616,RATTC,4,17,3,USA-EU,16,39.0,0.05,13.75,624.0,592.8,374.4,218.4,36.84,1997-06-10,1997-07-08,1997-06-16,6,1
10564,10564-31,19970610,19970616,RATTC,4,31,3,USA-EU,6,12.5,0.05,13.75,75.0,71.25,45.0,26.25,36.84,1997-06-10,1997-07-08,1997-06-16,6,1
10564,10564-55,19970610,19970616,RATTC,4,55,3,USA-EU,25,24.0,0.05,13.75,600.0,570.0,360.0,210.0,36.84,1997-06-10,1997-07-08,1997-06-16,6,1
10565,10565-24,19970611,19970618,MEREP,8,24,2,CAN-TS,25,4.5,0.1,7.15,112.5,101.25,67.5,33.75,33.33,1997-06-11,1997-07-09,1997-06-18,7,1
10565,10565-64,19970611,19970618,MEREP,8,64,2,CAN-TS,18,33.25,0.1,7.15,598.5,538.65,359.1,179.55,33.33,1997-06-11,1997-07-09,1997-06-18,7,1
10566,10566-11,19970612,19970618,BLONP,9,11,1,FRA-ST,35,21.0,0.15,88.4,735.0,624.75,441.0,183.75,29.41,1997-06-12,1997-07-10,1997-06-18,6,1
10566,10566-18,19970612,19970618,BLONP,9,18,1,FRA-ST,18,62.5,0.15,88.4,1125.0,956.25,675.0,281.25,29.41,1997-06-12,1997-07-10,1997-06-18,6,1
10566,10566-76,19970612,19970618,BLONP,9,76,1,FRA-ST,10,18.0,0.0,88.4,180.0,180.0,108.0,72.0,40.0,1997-06-12,1997-07-10,1997-06-18,6,1
10567,10567-31,19970612,19970617,HUNGO,1,31,1,IRE-CO,60,12.5,0.2,33.97,750.0,600.0,450.0,150.0,25.0,1997-06-12,1997-07-10,1997-06-17,5,1
10567,10567-51,19970612,19970617,HUNGO,1,51,1,IRE-CO,3,53.0,0.0,33.97,159.0,159.0,95.4,63.6,40.0,1997-06-12,1997-07-10,1997-06-17,5,1
10567,10567-59,19970612,19970617,HUNGO,1,59,1,IRE-CO,40,55.0,0.2,33.97,2200.0,1760.0,1320.0,440.0,25.0,1997-06-12,1997-07-10,1997-06-17,5,1
10568,10568-10,19970613,19970709,GALED,3,10,3,SPA-MA,5,31.0,0.0,6.54,155.0,155.0,93.0,62.0,40.0,1997-06-13,1997-07-11,1997-07-09,26,1
10569,10569-31,19970616,19970711,RATTC,5,31,1,USA-EU,35,12.5,0.2,58.98,437.5,350.0,262.5,87.5,25.0,1997-06-16,1997-07-14,1997-07-11,25,1
10569,10569-76,19970616,19970711,RATTC,5,76,1,USA-EU,30,18.0,0.0,58.98,540.0,540.0,324.0,216.0,40.0,1997-06-16,1997-07-14,1997-07-11,25,1
10570,10570-11,19970617,19970619,MEREP,3,11,3,CAN-TS,15,21.0,0.05,188.99,315.0,299.25,189.0,110.25,36.84,1997-06-17,1997-07-15,1997-06-19,2,1
10570,10570-56,19970617,19970619,MEREP,3,56,3,CAN-TS,60,38.0,0.05,188.99,2280.0,2166.0,1368.0,798.0,36.84,1997-06-17,1997-07-15,1997-06-19,2,1
10571,10571-14,19970617,19970704,ERNSH,8,14,3,AUS-GR,11,23.25,0.15,26.06,255.75,217.39,153.45,63.94,29.41,1997-06-17,1997-07-29,1997-07-04,17,1
10571,10571-42,19970617,19970704,ERNSH,8,42,3,AUS-GR,28,14.0,0.15,26.06,392.0,333.2,235.2,98.0,29.41,1997-06-17,1997-07-29,1997-07-04,17,1
10572,10572-16,19970618,19970625,BERGS,3,16,2,SWE-LU,12,17.45,0.1,116.43,209.4,188.46,125.64,62.82,33.33,1997-06-18,1997-07-16,1997-06-25,7,1
10572,10572-32,19970618,19970625,BERGS,3,32,2,SWE-LU,10,32.0,0.1,116.43,320.0,288.0,192.0,96.0,33.33,1997-06-18,1997-07-16,1997-06-25,7,1
10572,10572-40,19970618,19970625,BERGS,3,40,2,SWE-LU,50,18.4,0.0,116.43,920.0,920.0,552.0,368.0,40.0,1997-06-18,1997-07-16,1997-06-25,7,1
10572,10572-75,19970618,19970625,BERGS,3,75,2,SWE-LU,15,7.75,0.1,116.43,116.25,104.62,69.75,34.87,33.33,1997-06-18,1997-07-16,1997-06-25,7,1
10573,10573-17,19970619,19970620,ANTON,7,17,3,MEX-MÉ,18,39.0,0.0,84.84,702.0,702.0,421.2,280.8,40.0,1997-06-19,1997-07-17,1997-06-20,1,1
10573,10573-34,19970619,19970620,ANTON,7,34,3,MEX-MÉ,40,14.0,0.0,84.84,560.0,560.0,336.0,224.0,40.0,1997-06-19,1997-07-17,1997-06-20,1,1
10573,10573-53,19970619,19970620,ANTON,7,53,3,MEX-MÉ,25,32.8,0.0,84.84,820.0,820.0,492.0,328.0,40.0,1997-06-19,1997-07-17,1997-06-20,1,1
10574,10574-33,19970619,19970630,TRAIH,4,33,2,USA-EU,14,2.5,0.0,37.6,35.0,35.0,21.0,14.0,40.0,1997-06-19,1997-07-17,1997-06-30,11,1
10574,10574-40,19970619,19970630,TRAIH,4,40,2,USA-EU,2,18.4,0.0,37.6,36.8,36.8,22.08,14.72,40.0,1997-06-19,1997-07-17,1997-06-30,11,1
10574,10574-62,19970619,19970630,TRAIH,4,62,2,USA-EU,10,49.3,0.0,37.6,493.0,493.0,295.8,197.2,40.0,1997-06-19,1997-07-17,1997-06-30,11,1
10574,10574-64,19970619,19970630,TRAIH,4,64,2,USA-EU,6,33.25,0.0,37.6,199.5,199.5,119.7,79.8,40.0,1997-06-19,1997-07-17,1997-06-30,11,1
10575,10575-59,19970620,19970630,MORGK,5,59,1,GER-BE,12,55.0,0.0,127.34,660.0,660.0,396.0,264.0,40.0,1997-06-20,1997-07-04,1997-06-30,10,1
10575,10575-63,19970620,19970630,MORGK,5,63,1,GER-BE,6,43.9,0.0,127.34,263.4,263.4,158.04,105.36,40.0,1997-06-20,1997-07-04,1997-06-30,10,1
10575,10575-72,19970620,19970630,MORGK,5,72,1,GER-BE,30,34.8,0.0,127.34,1044.0,1044.0,626.4,417.6,40.0,1997-06-20,1997-07-04,1997-06-30,10,1
10575,10575-76,19970620,19970630,MORGK,5,76,1,GER-BE,10,18.0,0.0,127.34,180.0,180.0,108.0,72.0,40.0,1997-06-20,1997-07-04,1997-06-30,10,1
10576,10576-1,19970623,19970630,TORTU,3,1,3,MEX-MÉ,10,18.0,0.0,18.56,180.0,180.0,108.0,72.0,40.0,1997-06-23,1997-07-07,1997-06-30,7,1
10576,10576-31,19970623,19970630,TORTU,3,31,3,MEX-MÉ,20,12.5,0.0,18.56,250.0,250.0,150.0,100.0,40.0,1997-06-23,1997-07-07,1997-06-30,7,1
10576,10576-44,19970623,19970630,TORTU,3,44,3,MEX-MÉ,21,19.45,0.0,18.56,408.45,408.45,245.07,163.38,40.0,1997-06-23,1997-07-07,1997-06-30,7,1
10577,10577-39,19970623,19970630,TRAIH,9,39,2,USA-EU,10,18.0,0.0,25.41,180.0,180.0,108.0,72.0,40.0,1997-06-23,1997-08-04,1997-06-30,7,1
10577,10577-75,19970623,19970630,TRAIH,9,75,2,USA-EU,20,7.75,0.0,25.41,155.0,155.0,93.0,62.0,40.0,1997-06-23,1997-08-04,1997-06-30,7,1
10577,10577-77,19970623,19970630,TRAIH,9,77,2,USA-EU,18,13.0,0.0,25.41,234.0,234.0,140.4,93.6,40.0,1997-06-23,1997-08-04,1997-06-30,7,1
10578,10578-35,19970624,19970725,BSBEV,4,35,3,UK-LO,20,18.0,0.0,29.6,360.0,360.0,216.0,144.0,40.0,1997-06-24,1997-07-22,1997-07-25,31,0
10578,10578-57,19970624,19970725,BSBEV,4,57,3,UK-LO,6,19.5,0.0,29.6,117.0,117.0,70.2,46.8,40.0,1997-06-24,1997-07-22,1997-07-25,31,0
10579,10579-15,19970625,19970704,LETSS,1,15,2,USA-EU,10,15.5,0.0,13.73,155.0,155.0,93.0,62.0,40.0,1997-06-25,1997-07-23,1997-07-04,9,1
10579,10579-75,19970625,19970704,LETSS,1,75,2,USA-EU,21,7.75,0.0,13.73,162.75,162.75,97.65,65.1,40.0,1997-06-25,1997-07-23,1997-07-04,9,1
10580,10580-14,19970626,19970701,OTTIK,4,14,3,GER-BE,15,23.25,0.05,75.89,348.75,331.31,209.25,122.06,36.84,1997-06-26,1997-07-24,1997-07-01,5,1
10580,10580-41,19970626,19970701,OTTIK,4,41,3,GER-BE,9,9.65,0.05,75.89,86.85,82.51,52.11,30.4,36.84,1997-06-26,1997-07-24,1997-07-01,5,1
10580,10580-65,19970626,19970701,OTTIK,4,65,3,GER-BE,30,21.05,0.05,75.89,631.5,599.92,378.9,221.02,36.84,1997-06-26,1997-07-24,1997-07-01,5,1
10581,10581-75,19970626,19970702,FAMIA,3,75,1,BRA-SA,50,7.75,0.2,3.01,387.5,310.0,232.5,77.5,25.0,1997-06-26,1997-07-24,1997-07-02,6,1
10582,10582-57,19970627,19970714,BLAUS,3,57,2,GER-BE,4,19.5,0.0,27.71,78.0,78.0,46.8,31.2,40.0,1997-06-27,1997-07-25,1997-07-14,17,1
10582,10582-76,19970627,19970714,BLAUS,3,76,2,GER-BE,14,18.0,0.0,27.71,252.0,252.0,151.2,100.8,40.0,1997-06-27,1997-07-25,1997-07-14,17,1
10583,10583-29,19970630,19970704,WARTH,2,29,2,FIN-OU,10,123.79,0.0,7.28,1237.9,1237.9,742.7,495.2,40.0,1997-06-30,1997-07-28,1997-07-04,4,1
10583,10583-60,19970630,19970704,WARTH,2,60,2,FIN-OU,24,34.0,0.15,7.28,816.0,693.6,489.6,204.0,29.41,1997-06-30,1997-07-28,1997-07-04,4,1
10583,10583-69,19970630,19970704,WARTH,2,69,2,FIN-OU,10,36.0,0.15,7.28,360.0,306.0,216.0,90.0,29.41,1997-06-30,1997-07-28,1997-07-04,4,1
10584,10584-31,19970630,19970704,BLONP,4,31,1,FRA-ST,50,12.5,0.05,59.14,625.0,593.75,375.0,218.75,36.84,1997-06-30,1997-07-28,1997-07-04,4,1
10585,10585-47,19970701,19970710,WELLI,7,47,1,BRA-SA,15,9.5,0.0,13.41,142.5,142.5,85.5,57.0,40.0,1997-07-01,1997-07-29,1997-07-10,9,1
10586,10586-52,19970702,19970709,REGGC,9,52,1,ITA-TO,4,7.0,0.15,0.48,28.0,23.8,16.8,7.0,29.41,1997-07-02,1997-07-30,1997-07-09,7,1
10587,10587-26,19970702,19970709,QUEDE,1,26,1,BRA-SA,6,31.23,0.0,62.52,187.38,187.38,112.44,74.94,39.99,1997-07-02,1997-07-30,1997-07-09,7,1
10587,10587-35,19970702,19970709,QUEDE,1,35,1,BRA-SA,20,18.0,0.0,62.52,360.0,360.0,216.0,144.0,40.0,1997-07-02,1997-07-30,1997-07-09,7,1
10587,10587-77,19970702,19970709,QUEDE,1,77,1,BRA-SA,20,13.0,0.0,62.52,260.0,260.0,156.0,104.0,40.0,1997-07-02,1997-07-30,1997-07-09,7,1
10588,10588-18,19970703,19970710,QUICK,2,18,3,GER-BE,40,62.5,0.2,194.67,2500.0,2000.0,1500.0,500.0,25.0,1997-07-03,1997-07-31,1997-07-10,7,1
10588,10588-42,19970703,19970710,QUICK,2,42,3,GER-BE,100,14.0,0.2,194.67,1400.0,1120.0,840.0,280.0,25.0,1997-07-03,1997-07-31,1997-07-10,7,1
10589,10589-35,19970704,19970714,GREAL,8,35,2,USA-EU,4,18.0,0.0,4.42,72.0,72.0,43.2,28.8,40.0,1997-07-04,1997-08-01,1997-07-14,10,1
10590,10590-1,19970707,19970714,MEREP,4,1,3,CAN-TS,20,18.0,0.0,44.77,360.0,360.0,216.0,144.0,40.0,1997-07-07,1997-08-04,1997-07-14,7,1
10590,10590-77,19970707,19970714,MEREP,4,77,3,CAN-TS,60,13.0,0.05,44.77,780.0,741.0,468.0,273.0,36.84,1997-07-07,1997-08-04,1997-07-14,7,1
10591,10591-3,19970707,19970716,VAFFE,1,3,1,DEN-KO,14,10.0,0.0,55.92,140.0,140.0,84.0,56.0,40.0,1997-07-07,1997-07-21,1997-07-16,9,1
10591,10591-7,19970707,19970716,VAFFE,1,7,1,DEN-KO,10,30.0,0.0,55.92,300.0,300.0,180.0,120.0,40.0,1997-07-07,1997-07-21,1997-07-16,9,1
10591,10591-54,19970707,19970716,VAFFE,1,54,1,DEN-KO,50,7.45,0.0,55.92,372.5,372.5,223.5,149.0,40.0,1997-07-07,1997-07-21,1997-07-16,9,1
10592,10592-15,19970708,19970716,LEHMS,3,15,1,GER-BE,25,15.5,0.05,32.1,387.5,368.12,232.5,135.62,36.84,1997-07-08,1997-08-05,1997-07-16,8,1
10592,10592-26,19970708,19970716,LEHMS,3,26,1,GER-BE,5,31.23,0.05,32.1,156.15,148.34,93.7,54.64,36.83,1997-07-08,1997-08-05,1997-07-16,8,1
10593,10593-20,19970709,19970813,LEHMS,7,20,2,GER-BE,21,81.0,0.2,174.2,1701.0,1360.8,1020.6,340.2,25.0,1997-07-09,1997-08-06,1997-08-13,35,0
10593,10593-69,19970709,19970813,LEHMS,7,69,2,GER-BE,20,36.0,0.2,174.2,720.0,576.0,432.0,144.0,25.0,1997-07-09,1997-08-06,1997-08-13,35,0
10593,10593-76,19970709,19970813,LEHMS,7,76,2,GER-BE,4,18.0,0.2,174.2,72.0,57.6,43.2,14.4,25.0,1997-07-09,1997-08-06,1997-08-13,35,0
10594,10594-52,19970709,19970716,OLDWO,3,52,2,USA-EU,24,7.0,0.0,5.24,168.0,168.0,100.8,67.2,40.0,1997-07-09,1997-08-06,1997-07-16,7,1
10594,10594-58,19970709,19970716,OLDWO,3,58,2,USA-EU,30,13.25,0.0,5.24,397.5,397.5,238.5,159.0,40.0,1997-07-09,1997-08-06,1997-07-16,7,1
10595,10595-35,19970710,19970714,ERNSH,2,35,1,AUS-GR,30,18.0,0.25,96.78,540.0,405.0,324.0,81.0,20.0,1997-07-10,1997-08-07,1997-07-14,4,1
10595,10595-61,19970710,19970714,ERNSH,2,61,1,AUS-GR,120,28.5,0.25,96.78,3420.0,2565.0,2052.0,513.0,20.0,1997-07-10,1997-08-07,1997-07-14,4,1
10595,10595-69,19970710,19970714,ERNSH,2,69,1,AUS-GR,65,36.0,0.25,96.78,2340.0,1755.0,1404.0,351.0,20.0,1997-07-10,1997-08-07,1997-07-14,4,1
10596,10596-56,19970711,19970812,WHITC,8,56,1,USA-EU,5,38.0,0.2,16.34,190.0,152.0,114.0,38.0,25.0,1997-07-11,1997-08-08,1997-08-12,32,0
10596,10596-63,19970711,19970812,WHITC,8,63,1,USA-EU,24,43.9,0.2,16.34,1053.6,842.88,632.16,210.72,25.0,1997-07-11,1997-08-08,1997-08-12,32,0
10596,10596-75,19970711,19970812,WHITC,8,75,1,USA-EU,30,7.75,0.2,16.34,232.5,186.0,139.5,46.5,25.0,1997-07-11,1997-08-08,1997-08-12,32,0
10597,10597-24,19970711,19970718,PICCO,7,24,3,AUS-GR,35,4.5,0.2,35.12,157.5,126.0,94.5,31.5,25.0,1997-07-11,1997-08-08,1997-07-18,7,1
10597,10597-57,19970711,19970718,PICCO,7,57,3,AUS-GR,20,19.5,0.0,35.12,390.0,390.0,234.0,156.0,40.0,1997-07-11,1997-08-08,1997-07-18,7,1
10597,10597-65,19970711,19970718,PICCO,7,65,3,AUS-GR,12,21.05,0.2,35.12,252.6,202.08,151.56,50.52,25.0,1997-07-11,1997-08-08,1997-07-18,7,1
10598,10598-27,19970714,19970718,RATTC,1,27,3,USA-EU,50,43.9,0.0,44.42,2195.0,2195.0,1317.0,878.0,40.0,1997-07-14,1997-08-11,1997-07-18,4,1
10598,10598-71,19970714,19970718,RATTC,1,71,3,USA-EU,9,21.5,0.0,44.42,193.5,193.5,116.1,77.4,40.0,1997-07-14,1997-08-11,1997-07-18,4,1
10599,10599-62,19970715,19970721,BSBEV,6,62,3,UK-LO,10,49.3,0.0,29.98,493.0,493.0,295.8,197.2,40.0,1997-07-15,1997-08-26,1997-07-21,6,1
10600,10600-54,19970716,19970721,HUNGC,4,54,1,USA-EU,4,7.45,0.0,45.13,29.8,29.8,17.88,11.92,40.0,1997-07-16,1997-08-13,1997-07-21,5,1
10600,10600-73,19970716,19970721,HUNGC,4,73,1,USA-EU,30,15.0,0.0,45.13,450.0,450.0,270.0,180.0,40.0,1997-07-16,1997-08-13,1997-07-21,5,1
10601,10601-13,19970716,19970722,HILAA,7,13,1,VEN-CA,60,6.0,0.0,58.3,360.0,360.0,216.0,144.0,40.0,1997-07-16,1997-08-27,1997-07-22,6,1
10601,10601-59,19970716,19970722,HILAA,7,59,1,VEN-CA,35,55.0,0.0,58.3,1925.0,1925.0,1155.0,770.0,40.0,1997-07-16,1997-08-27,1997-07-22,6,1
10602,10602-77,19970717,19970722,VAFFE,8,77,2,DEN-KO,5,13.0,0.25,2.92,65.0,48.75,39.0,9.75,20.0,1997-07-17,1997-08-14,1997-07-22,5,1
10603,10603-22,19970718,19970808,SAVEA,8,22,2,USA-EU,48,21.0,0.0,48.77,1008.0,1008.0,604.8,403.2,40.0,1997-07-18,1997-08-15,1997-08-08,21,1
10603,10603-49,19970718,19970808,SAVEA,8,49,2,USA-EU,25,20.0,0.05,48.77,500.0,475.0,300.0,175.0,36.84,1997-07-18,1997-08-15,1997-08-08,21,1
10604,10604-48,19970718,19970729,FURIB,1,48,1,POR-LI,6,12.75,0.1,7.46,76.5,68.85,45.9,22.95,33.33,1997-07-18,1997-08-15,1997-07-29,11,1
10604,10604-76,19970718,19970729,FURIB,1,76,1,POR-LI,10,18.0,0.1,7.46,180.0,162.0,108.0,54.0,33.33,1997-07-18,1997-08-15,1997-07-29,11,1
10605,10605-16,19970721,19970729,MEREP,1,16,2,CAN-TS,30,17.45,0.05,379.13,523.5,497.32,314.1,183.22,36.84,1997-07-21,1997-08-18,1997-07-29,8,1
10605,10605-59,19970721,19970729,MEREP,1,59,2,CAN-TS,20,55.0,0.05,379.13,1100.0,1045.0,660.0,385.0,36.84,1997-07-21,1997-08-18,1997-07-29,8,1
10605,10605-60,19970721,19970729,MEREP,1,60,2,CAN-TS,70,34.0,0.05,379.13,2380.0,2261.0,1428.0,833.0,36.84,1997-07-21,1997-08-18,1997-07-29,8,1
10605,10605-71,19970721,19970729,MEREP,1,71,2,CAN-TS,15,21.5,0.05,379.13,322.5,306.38,193.5,112.88,36.84,1997-07-21,1997-08-18,1997-07-29,8,1
10606,10606-4,19970722,19970731,TRADH,4,4,3,BRA-SA,20,22.0,0.2,79.4,440.0,352.0,264.0,88.0,25.0,1997-07-22,1997-08-19,1997-07-31,9,1
10606,10606-55,19970722,19970731,TRADH,4,55,3,BRA-SA,20,24.0,0.2,79.4,480.0,384.0,288.0,96.0,25.0,1997-07-22,1997-08-19,1997-07-31,9,1
10606,10606-62,19970722,19970731,TRADH,4,62,3,BRA-SA,10,49.3,0.2,79.4,493.0,394.4,295.8,98.6,25.0,1997-07-22,1997-08-19,1997-07-31,9,1
10607,10607-7,19970722,19970725,SAVEA,5,7,1,USA-EU,45,30.0,0.0,200.24,1350.0,1350.0,810.0,540.0,40.0,1997-07-22,1997-08-19,1997-07-25,3,1
10607,10607-17,19970722,19970725,SAVEA,5,17,1,USA-EU,100,39.0,0.0,200.24,3900.0,3900.0,2340.0,1560.0,40.0,1997-07-22,1997-08-19,1997-07-25,3,1
10607,10607-33,19970722,19970725,SAVEA,5,33,1,USA-EU,14,2.5,0.0,200.24,35.0,35.0,21.0,14.0,40.0,1997-07-22,1997-08-19,1997-07-25,3,1
10607,10607-40,19970722,19970725,SAVEA,5,40,1,USA-EU,42,18.4,0.0,200.24,772.8,772.8,463.68,309.12,40.0,1997-07-22,1997-08-19,1997-07-25,3,1
10607,10607-72,19970722,19970725,SAVEA,5,72,1,USA-EU,12,34.8,0.0,200.24,417.6,417.6,250.56,167.04,40.0,1997-07-22,1997-08-19,1997-07-25,3,1
10608,10608-56,19970723,19970801,TOMSP,4,56,2,GER-BE,28,38.0,0.0,27.79,1064.0,1064.0,638.4,425.6,40.0,1997-07-23,1997-08-20,1997-08-01,9,1
10609,10609-1,19970724,19970730,DUMON,7,1,2,FRA-ST,3,18.0,0.0,1.85,54.0,54.0,32.4,21.6,40.0,1997-07-24,1997-08-21,1997-07-30,6,1
10609,10609-10,19970724,19970730,DUMON,7,10,2,FRA-ST,10,31.0,0.0,1.85,310.0,310.0,186.0,124.0,40.0,1997-07-24,1997-08-21,1997-07-30,6,1
10609,10609-21,19970724,19970730,DUMON,7,21,2,FRA-ST,6,10.0,0.0,1.85,60.0,60.0,36.0,24.0,40.0,1997-07-24,1997-08-21,1997-07-30,6,1
10610,10610-36,19970725,19970806,LAMAI,8,36,1,FRA-ST,21,19.0,0.25,26.78,399.0,299.25,239.4,59.85,20.0,1997-07-25,1997-08-22,1997-08-06,12,1
10611,10611-1,19970725,19970801,WOLZA,6,1,2,POL-WA,6,18.0,0.0,80.65,108.0,108.0,64.8,43.2,40.0,1997-07-25,1997-08-22,1997-08-01,7,1
10611,10611-2,19970725,19970801,WOLZA,6,2,2,POL-WA,10,19.0,0.0,80.65,190.0,190.0,114.0,76.0,40.0,1997-07-25,1997-08-22,1997-08-01,7,1
10611,10611-60,19970725,19970801,WOLZA,6,60,2,POL-WA,15,34.0,0.0,80.65,510.0,510.0,306.0,204.0,40.0,1997-07-25,1997-08-22,1997-08-01,7,1
10612,10612-10,19970728,19970801,SAVEA,1,10,2,USA-EU,70,31.0,0.0,544.08,2170.0,2170.0,1302.0,868.0,40.0,1997-07-28,1997-08-25,1997-08-01,4,1
10612,10612-36,19970728,19970801,SAVEA,1,36,2,USA-EU,55,19.0,0.0,544.08,1045.0,1045.0,627.0,418.0,40.0,1997-07-28,1997-08-25,1997-08-01,4,1
10612,10612-49,19970728,19970801,SAVEA,1,49,2,USA-EU,18,20.0,0.0,544.08,360.0,360.0,216.0,144.0,40.0,1997-07-28,1997-08-25,1997-08-01,4,1
10612,10612-60,19970728,19970801,SAVEA,1,60,2,USA-EU,40,34.0,0.0,544.08,1360.0,1360.0,816.0,544.0,40.0,1997-07-28,1997-08-25,1997-08-01,4,1
10612,10612-76,19970728,19970801,SAVEA,1,76,2,USA-EU,80,18.0,0.0,544.08,1440.0,1440.0,864.0,576.0,40.0,1997-07-28,1997-08-25,1997-08-01,4,1
10613,10613-13,19970729,19970801,HILAA,4,13,2,VEN-CA,8,6.0,0.1,8.11,48.0,43.2,28.8,14.4,33.33,1997-07-29,1997-08-26,1997-08-01,3,1
10613,10613-75,19970729,19970801,HILAA,4,75,2,VEN-CA,40,7.75,0.0,8.11,310.0,310.0,186.0,124.0,40.0,1997-07-29,1997-08-26,1997-08-01,3,1
10614,10614-11,19970729,19970801,BLAUS,8,11,3,GER-BE,14,21.0,0.0,1.93,294.0,294.0,176.4,117.6,40.0,1997-07-29,1997-08-26,1997-08-01,3,1
10614,10614-21,19970729,19970801,BLAUS,8,21,3,GER-BE,8,10.0,0.0,1.93,80.0,80.0,48.0,32.0,40.0,1997-07-29,1997-08-26,1997-08-01,3,1
10614,10614-39,19970729,19970801,BLAUS,8,39,3,GER-BE,5,18.0,0.0,1.93,90.0,90.0,54.0,36.0,40.0,1997-07-29,1997-08-26,1997-08-01,3,1
10615,10615-55,19970730,19970806,WILMK,2,55,3,FIN-OU,5,24.0,0.0,0.75,120.0,120.0,72.0,48.0,40.0,1997-07-30,1997-08-27,1997-08-06,7,1
10616,10616-38,19970731,19970805,GREAL,1,38,2,USA-EU,15,263.5,0.05,116.53,3952.5,3754.88,2371.5,1383.38,36.84,1997-07-31,1997-08-28,1997-08-05,5,1
10616,10616-56,19970731,19970805,GREAL,1,56,2,USA-EU,14,38.0,0.0,116.53,532.0,532.0,319.2,212.8,40.0,1997-07-31,1997-08-28,1997-08-05,5,1
10616,10616-70,19970731,19970805,GREAL,1,70,2,USA-EU,15,15.0,0.05,116.53,225.0,213.75,135.0,78.75,36.84,1997-07-31,1997-08-28,1997-08-05,5,1
10616,10616-71,19970731,19970805,GREAL,1,71,2,USA-EU,15,21.5,0.05,116.53,322.5,306.38,193.5,112.88,36.84,1997-07-31,1997-08-28,1997-08-05,5,1
10617,10617-59,19970731,19970804,GREAL,4,59,2,USA-EU,30,55.0,0.15,18.53,1650.0,1402.5,990.0,412.5,29.41,1997-07-31,1997-08-28,1997-08-04,4,1
10618,10618-6,19970801,19970808,MEREP,1,6,1,CAN-TS,70,25.0,0.0,154.68,1750.0,1750.0,1050.0,700.0,40.0,1997-08-01,1997-09-12,1997-08-08,7,1
10618,10618-56,19970801,19970808,MEREP,1,56,1,CAN-TS,20,38.0,0.0,154.68,760.0,760.0,456.0,304.0,40.0,1997-08-01,1997-09-12,1997-08-08,7,1
10618,10618-68,19970801,19970808,MEREP,1,68,1,CAN-TS,15,12.5,0.0,154.68,187.5,187.5,112.5,75.0,40.0,1997-08-01,1997-09-12,1997-08-08,7,1
10619,10619-21,19970804,19970807,MEREP,3,21,3,CAN-TS,42,10.0,0.0,91.05,420.0,420.0,252.0,168.0,40.0,1997-08-04,1997-09-01,1997-08-07,3,1
10619,10619-22,19970804,19970807,MEREP,3,22,3,CAN-TS,40,21.0,0.0,91.05,840.0,840.0,504.0,336.0,40.0,1997-08-04,1997-09-01,1997-08-07,3,1
10620,10620-24,19970805,19970814,LAUGB,2,24,3,CAN-TS,5,4.5,0.0,0.94,22.5,22.5,13.5,9.0,40.0,1997-08-05,1997-09-02,1997-08-14,9,1
10620,10620-52,19970805,19970814,LAUGB,2,52,3,CAN-TS,5,7.0,0.0,0.94,35.0,35.0,21.0,14.0,40.0,1997-08-05,1997-09-02,1997-08-14,9,1
10621,10621-19,19970805,19970811,ISLAT,4,19,2,UK-LO,5,9.2,0.0,23.73,46.0,46.0,27.6,18.4,40.0,1997-08-05,1997-09-02,1997-08-11,6,1
10621,10621-23,19970805,19970811,ISLAT,4,23,2,UK-LO,10,9.0,0.0,23.73,90.0,90.0,54.0,36.0,40.0,1997-08-05,1997-09-02,1997-08-11,6,1
10621,10621-70,19970805,19970811,ISLAT,4,70,2,UK-LO,20,15.0,0.0,23.73,300.0,300.0,180.0,120.0,40.0,1997-08-05,1997-09-02,1997-08-11,6,1
10621,10621-71,19970805,19970811,ISLAT,4,71,2,UK-LO,15,21.5,0.0,23.73,322.5,322.5,193.5,129.0,40.0,1997-08-05,1997-09-02,1997-08-11,6,1
10622,10622-2,19970806,19970811,RICAR,4,2,3,BRA-SA,20,19.0,0.0,50.97,380.0,380.0,228.0,152.0,40.0,1997-08-06,1997-09-03,1997-08-11,5,1
10622,10622-68,19970806,19970811,RICAR,4,68,3,BRA-SA,18,12.5,0.2,50.97,225.0,180.0,135.0,45.0,25.0,1997-08-06,1997-09-03,1997-08-11,5,1
10623,10623-14,19970807,19970812,FRANK,8,14,2,GER-BE,21,23.25,0.0,97.18,488.25,488.25,292.95,195.3,40.0,1997-08-07,1997-09-04,1997-08-12,5,1
10623,10623-19,19970807,19970812,FRANK,8,19,2,GER-BE,15,9.2,0.1,97.18,138.0,124.2,82.8,41.4,33.33,1997-08-07,1997-09-04,1997-08-12,5,1
10623,10623-21,19970807,19970812,FRANK,8,21,2,GER-BE,25,10.0,0.1,97.18,250.0,225.0,150.0,75.0,33.33,1997-08-07,1997-09-04,1997-08-12,5,1
10623,10623-24,19970807,19970812,FRANK,8,24,2,GER-BE,3,4.5,0.0,97.18,13.5,13.5,8.1,5.4,40.0,1997-08-07,1997-09-04,1997-08-12,5,1
10623,10623-35,19970807,19970812,FRANK,8,35,2,GER-BE,30,18.0,0.1,97.18,540.0,486.0,324.0,162.0,33.33,1997-08-07,1997-09-04,1997-08-12,5,1
10624,10624-28,19970807,19970819,THECR,4,28,2,USA-EU,10,45.6,0.0,94.8,456.0,456.0,273.6,182.4,40.0,1997-08-07,1997-09-04,1997-08-19,12,1
10624,10624-29,19970807,19970819,THECR,4,29,2,USA-EU,6,123.79,0.0,94.8,742.74,742.74,445.62,297.12,40.0,1997-08-07,1997-09-04,1997-08-19,12,1
10624,10624-44,19970807,19970819,THECR,4,44,2,USA-EU,10,19.45,0.0,94.8,194.5,194.5,116.7,77.8,40.0,1997-08-07,1997-09-04,1997-08-19,12,1
10625,10625-14,19970808,19970814,ANATR,3,14,1,MEX-MÉ,3,23.25,0.0,43.9,69.75,69.75,41.85,27.9,40.0,1997-08-08,1997-09-05,1997-08-14,6,1
10625,10625-42,19970808,19970814,ANATR,3,42,1,MEX-MÉ,5,14.0,0.0,43.9,70.0,70.0,42.0,28.0,40.0,1997-08-08,1997-09-05,1997-08-14,6,1
10625,10625-60,19970808,19970814,ANATR,3,60,1,MEX-MÉ,10,34.0,0.0,43.9,340.0,340.0,204.0,136.0,40.0,1997-08-08,1997-09-05,1997-08-14,6,1
10626,10626-53,19970811,19970820,BERGS,1,53,2,SWE-LU,12,32.8,0.0,138.69,393.6,393.6,236.16,157.44,40.0,1997-08-11,1997-09-08,1997-08-20,9,1
10626,10626-60,19970811,19970820,BERGS,1,60,2,SWE-LU,20,34.0,0.0,138.69,680.0,680.0,408.0,272.0,40.0,1997-08-11,1997-09-08,1997-08-20,9,1
10626,10626-71,19970811,19970820,BERGS,1,71,2,SWE-LU,20,21.5,0.0,138.69,430.0,430.0,258.0,172.0,40.0,1997-08-11,1997-09-08,1997-08-20,9,1
10627,10627-62,19970811,19970821,SAVEA,8,62,3,USA-EU,15,49.3,0.0,107.46,739.5,739.5,443.7,295.8,40.0,1997-08-11,1997-09-22,1997-08-21,10,1
10627,10627-73,19970811,19970821,SAVEA,8,73,3,USA-EU,35,15.0,0.15,107.46,525.0,446.25,315.0,131.25,29.41,1997-08-11,1997-09-22,1997-08-21,10,1
10628,10628-1,19970812,19970820,BLONP,4,1,3,FRA-ST,25,18.0,0.0,30.36,450.0,450.0,270.0,180.0,40.0,1997-08-12,1997-09-09,1997-08-20,8,1
10629,10629-29,19970812,19970820,GODOS,4,29,3,SPA-MA,20,123.79,0.0,85.46,2475.8,2475.8,1485.4,990.4,40.0,1997-08-12,1997-09-09,1997-08-20,8,1
10629,10629-64,19970812,19970820,GODOS,4,64,3,SPA-MA,9,33.25,0.0,85.46,299.25,299.25,179.55,119.7,40.0,1997-08-12,1997-09-09,1997-08-20,8,1
10630,10630-55,19970813,19970819,KOENE,1,55,2,GER-BE,12,24.0,0.05,32.35,288.0,273.6,172.8,100.8,36.84,1997-08-13,1997-09-10,1997-08-19,6,1
10630,10630-76,19970813,19970819,KOENE,1,76,2,GER-BE,35,18.0,0.0,32.35,630.0,630.0,378.0,252.0,40.0,1997-08-13,1997-09-10,1997-08-19,6,1
10631,10631-75,19970814,19970815,LAMAI,8,75,1,FRA-ST,8,7.75,0.1,0.87,62.0,55.8,37.2,18.6,33.33,1997-08-14,1997-09-11,1997-08-15,1,1
10632,10632-2,19970814,19970819,WANDK,8,2,1,GER-BE,30,19.0,0.05,41.38,570.0,541.5,342.0,199.5,36.84,1997-08-14,1997-09-11,1997-08-19,5,1
10632,10632-33,19970814,19970819,WANDK,8,33,1,GER-BE,20,2.5,0.05,41.38,50.0,47.5,30.0,17.5,36.84,1997-08-14,1997-09-11,1997-08-19,5,1
10633,10633-12,19970815,19970818,ERNSH,7,12,3,AUS-GR,36,38.0,0.15,477.9,1368.0,1162.8,820.8,342.0,29.41,1997-08-15,1997-09-12,1997-08-18,3,1
10633,10633-13,19970815,19970818,ERNSH,7,13,3,AUS-GR,13,6.0,0.15,477.9,78.0,66.3,46.8,19.5,29.41,1997-08-15,1997-09-12,1997-08-18,3,1
10633,10633-26,19970815,19970818,ERNSH,7,26,3,AUS-GR,35,31.23,0.15,477.9,1093.05,929.09,655.9,273.19,29.4,1997-08-15,1997-09-12,1997-08-18,3,1
10633,10633-62,19970815,19970818,ERNSH,7,62,3,AUS-GR,80,49.3,0.15,477.9,3944.0,3352.4,2366.4,986.0,29.41,1997-08-15,1997-09-12,1997-08-18,3,1
10634,10634-7,19970815,19970821,FOLIG,4,7,3,FRA-ST,35,30.0,0.0,487.38,1050.0,1050.0,630.0,420.0,40.0,1997-08-15,1997-09-12,1997-08-21,6,1
10634,10634-18,19970815,19970821,FOLIG,4,18,3,FRA-ST,50,62.5,0.0,487.38,3125.0,3125.0,1875.0,1250.0,40.0,1997-08-15,1997-09-12,1997-08-21,6,1
10634,10634-51,19970815,19970821,FOLIG,4,51,3,FRA-ST,15,53.0,0.0,487.38,795.0,795.0,477.0,318.0,40.0,1997-08-15,1997-09-12,1997-08-21,6,1
10634,10634-75,19970815,19970821,FOLIG,4,75,3,FRA-ST,2,7.75,0.0,487.38,15.5,15.5,9.3,6.2,40.0,1997-08-15,1997-09-12,1997-08-21,6,1
10635,10635-4,19970818,19970821,MAGAA,8,4,3,ITA-TO,10,22.0,0.1,47.46,220.0,198.0,132.0,66.0,33.33,1997-08-18,1997-09-15,1997-08-21,3,1
10635,10635-5,19970818,19970821,MAGAA,8,5,3,ITA-TO,15,21.35,0.1,47.46,320.25,288.23,192.15,96.08,33.33,1997-08-18,1997-09-15,1997-08-21,3,1
10635,10635-22,19970818,19970821,MAGAA,8,22,3,ITA-TO,40,21.0,0.0,47.46,840.0,840.0,504.0,336.0,40.0,1997-08-18,1997-09-15,1997-08-21,3,1
10636,10636-4,19970819,19970826,WARTH,4,4,1,FIN-OU,25,22.0,0.0,1.15,550.0,550.0,330.0,220.0,40.0,1997-08-19,1997-09-16,1997-08-26,7,1
10636,10636-58,19970819,19970826,WARTH,4,58,1,FIN-OU,6,13.25,0.0,1.15,79.5,79.5,47.7,31.8,40.0,1997-08-19,1997-09-16,1997-08-26,7,1
10637,10637-11,19970819,19970826,QUEEN,6,11,1,BRA-SA,10,21.0,0.0,201.29,210.0,210.0,126.0,84.0,40.0,1997-08-19,1997-09-16,1997-08-26,7,1
10637,10637-50,19970819,19970826,QUEEN,6,50,1,BRA-SA,25,16.25,0.05,201.29,406.25,385.94,243.75,142.19,36.84,1997-08-19,1997-09-16,1997-08-26,7,1
10637,10637-56,19970819,19970826,QUEEN,6,56,1,BRA-SA,60,38.0,0.05,201.29,2280.0,2166.0,1368.0,798.0,36.84,1997-08-19,1997-09-16,1997-08-26,7,1
10638,10638-45,19970820,19970901,LINOD,3,45,1,VEN-CA,20,9.5,0.0,158.44,190.0,190.0,114.0,76.0,40.0,1997-08-20,1997-09-17,1997-09-01,12,1
10638,10638-65,19970820,19970901,LINOD,3,65,1,VEN-CA,21,21.05,0.0,158.44,442.05,442.05,265.23,176.82,40.0,1997-08-20,1997-09-17,1997-09-01,12,1
10638,10638-72,19970820,19970901,LINOD,3,72,1,VEN-CA,60,34.8,0.0,158.44,2088.0,2088.0,1252.8,835.2,40.0,1997-08-20,1997-09-17,1997-09-01,12,1
10639,10639-18,19970820,19970827,SANTG,7,18,3,NOR-ST,8,62.5,0.0,38.64,500.0,500.0,300.0,200.0,40.0,1997-08-20,1997-09-17,1997-08-27,7,1
10640,10640-69,19970821,19970828,WANDK,4,69,1,GER-BE,20,36.0,0.25,23.55,720.0,540.0,432.0,108.0,20.0,1997-08-21,1997-09-18,1997-08-28,7,1
10640,10640-70,19970821,19970828,WANDK,4,70,1,GER-BE,15,15.0,0.25,23.55,225.0,168.75,135.0,33.75,20.0,1997-08-21,1997-09-18,1997-08-28,7,1
10641,10641-2,19970822,19970826,HILAA,4,2,2,VEN-CA,50,19.0,0.0,179.61,950.0,950.0,570.0,380.0,40.0,1997-08-22,1997-09-19,1997-08-26,4,1
10641,10641-40,19970822,19970826,HILAA,4,40,2,VEN-CA,60,18.4,0.0,179.61,1104.0,1104.0,662.4,441.6,40.0,1997-08-22,1997-09-19,1997-08-26,4,1
10642,10642-21,19970822,19970905,SIMOB,7,21,3,DEN-KO,30,10.0,0.2,41.89,300.0,240.0,180.0,60.0,25.0,1997-08-22,1997-09-19,1997-09-05,14,1
10642,10642-61,19970822,19970905,SIMOB,7,61,3,DEN-KO,20,28.5,0.2,41.89,570.0,456.0,342.0,114.0,25.0,1997-08-22,1997-09-19,1997-09-05,14,1
10643,10643-28,19970825,19970902,ALFKI,6,28,1,GER-BE,15,45.6,0.25,29.46,684.0,513.0,410.4,102.6,20.0,1997-08-25,1997-09-22,1997-09-02,8,1
10643,10643-39,19970825,19970902,ALFKI,6,39,1,GER-BE,21,18.0,0.25,29.46,378.0,283.5,226.8,56.7,20.0,1997-08-25,1997-09-22,1997-09-02,8,1
10643,10643-46,19970825,19970902,ALFKI,6,46,1,GER-BE,2,12.0,0.25,29.46,24.0,18.0,14.4,3.6,20.0,1997-08-25,1997-09-22,1997-09-02,8,1
10644,10644-18,19970825,19970901,WELLI,3,18,2,BRA-SA,4,62.5,0.1,0.14,250.0,225.0,150.0,75.0,33.33,1997-08-25,1997-09-22,1997-09-01,7,1
10644,10644-43,19970825,19970901,WELLI,3,43,2,BRA-SA,20,46.0,0.0,0.14,920.0,920.0,552.0,368.0,40.0,1997-08-25,1997-09-22,1997-09-01,7,1
10644,10644-46,19970825,19970901,WELLI,3,46,2,BRA-SA,21,12.0,0.1,0.14,252.0,226.8,151.2,75.6,33.33,1997-08-25,1997-09-22,1997-09-01,7,1
10645,10645-18,19970826,19970902,HANAR,4,18,1,BRA-SA,20,62.5,0.0,12.41,1250.0,1250.0,750.0,500.0,40.0,1997-08-26,1997-09-23,1997-09-02,7,1
10645,10645-36,19970826,19970902,HANAR,4,36,1,BRA-SA,15,19.0,0.0,12.41,285.0,285.0,171.0,114.0,40.0,1997-08-26,1997-09-23,1997-09-02,7,1
10646,10646-1,19970827,19970903,HUNGO,9,1,3,IRE-CO,15,18.0,0.25,142.33,270.0,202.5,162.0,40.5,20.0,1997-08-27,1997-10-08,1997-09-03,7,1
10646,10646-10,19970827,19970903,HUNGO,9,10,3,IRE-CO,18,31.0,0.25,142.33,558.0,418.5,334.8,83.7,20.0,1997-08-27,1997-10-08,1997-09-03,7,1
10646,10646-71,19970827,19970903,HUNGO,9,71,3,IRE-CO,30,21.5,0.25,142.33,645.0,483.75,387.0,96.75,20.0,1997-08-27,1997-10-08,1997-09-03,7,1
10646,10646-77,19970827,19970903,HUNGO,9,77,3,IRE-CO,35,13.0,0.25,142.33,455.0,341.25,273.0,68.25,20.0,1997-08-27,1997-10-08,1997-09-03,7,1
10647,10647-19,19970827,19970903,QUEDE,4,19,2,BRA-SA,30,9.2,0.0,45.54,276.0,276.0,165.6,110.4,40.0,1997-08-27,1997-09-10,1997-09-03,7,1
10647,10647-39,19970827,19970903,QUEDE,4,39,2,BRA-SA,20,18.0,0.0,45.54,360.0,360.0,216.0,144.0,40.0,1997-08-27,1997-09-10,1997-09-03,7,1
10648,10648-22,19970828,19970909,RICAR,5,22,2,BRA-SA,15,21.0,0.0,14.25,315.0,315.0,189.0,126.0,40.0,1997-08-28,1997-10-09,1997-09-09,12,1
10648,10648-24,19970828,19970909,RICAR,5,24,2,BRA-SA,15,4.5,0.15,14.25,67.5,57.38,40.5,16.88,29.42,1997-08-28,1997-10-09,1997-09-09,12,1
10649,10649-28,19970828,19970829,MAISD,5,28,3,BEL-BR,20,45.6,0.0,6.2,912.0,912.0,547.2,364.8,40.0,1997-08-28,1997-09-25,1997-08-29,1,1
10649,10649-72,19970828,19970829,MAISD,5,72,3,BEL-BR,15,34.8,0.0,6.2,522.0,522.0,313.2,208.8,40.0,1997-08-28,1997-09-25,1997-08-29,1,1
10650,10650-30,19970829,19970903,FAMIA,5,30,3,BRA-SA,30,25.89,0.0,176.81,776.7,776.7,465.9,310.8,40.02,1997-08-29,1997-09-26,1997-09-03,5,1
10650,10650-53,19970829,19970903,FAMIA,5,53,3,BRA-SA,25,32.8,0.05,176.81,820.0,779.0,492.0,287.0,36.84,1997-08-29,1997-09-26,1997-09-03,5,1
10650,10650-54,19970829,19970903,FAMIA,5,54,3,BRA-SA,30,7.45,0.0,176.81,223.5,223.5,134.1,89.4,40.0,1997-08-29,1997-09-26,1997-09-03,5,1
10651,10651-19,19970901,19970911,WANDK,8,19,2,GER-BE,12,9.2,0.25,20.6,110.4,82.8,66.24,16.56,20.0,1997-09-01,1997-09-29,1997-09-11,10,1
10651,10651-22,19970901,19970911,WANDK,8,22,2,GER-BE,20,21.0,0.25,20.6,420.0,315.0,252.0,63.0,20.0,1997-09-01,1997-09-29,1997-09-11,10,1
10652,10652-30,19970901,19970908,GOURL,4,30,2,BRA-SA,2,25.89,0.25,7.14,51.78,38.84,31.06,7.78,20.03,1997-09-01,1997-09-29,1997-09-08,7,1
10652,10652-42,19970901,19970908,GOURL,4,42,2,BRA-SA,20,14.0,0.0,7.14,280.0,280.0,168.0,112.0,40.0,1997-09-01,1997-09-29,1997-09-08,7,1
10653,10653-16,19970902,19970919,FRANK,1,16,1,GER-BE,30,17.45,0.1,93.25,523.5,471.15,314.1,157.05,33.33,1997-09-02,1997-09-30,1997-09-19,17,1
10653,10653-60,19970902,19970919,FRANK,1,60,1,GER-BE,20,34.0,0.1,93.25,680.0,612.0,408.0,204.0,33.33,1997-09-02,1997-09-30,1997-09-19,17,1
10654,10654-4,19970902,19970911,BERGS,5,4,1,SWE-LU,12,22.0,0.1,55.26,264.0,237.6,158.4,79.2,33.33,1997-09-02,1997-09-30,1997-09-11,9,1
10654,10654-39,19970902,19970911,BERGS,5,39,1,SWE-LU,20,18.0,0.1,55.26,360.0,324.0,216.0,108.0,33.33,1997-09-02,1997-09-30,1997-09-11,9,1
10654,10654-54,19970902,19970911,BERGS,5,54,1,SWE-LU,6,7.45,0.1,55.26,44.7,40.23,26.82,13.41,33.33,1997-09-02,1997-09-30,1997-09-11,9,1
10655,10655-41,19970903,19970911,REGGC,1,41,2,ITA-TO,20,9.65,0.2,4.41,193.0,154.4,115.8,38.6,25.0,1997-09-03,1997-10-01,1997-09-11,8,1
10656,10656-14,19970904,19970910,GREAL,6,14,1,USA-EU,3,23.25,0.1,57.15,69.75,62.77,41.85,20.92,33.33,1997-09-04,1997-10-02,1997-09-10,6,1
10656,10656-44,19970904,19970910,GREAL,6,44,1,USA-EU,28,19.45,0.1,57.15,544.6,490.14,326.76,163.38,33.33,1997-09-04,1997-10-02,1997-09-10,6,1
10656,10656-47,19970904,19970910,GREAL,6,47,1,USA-EU,6,9.5,0.1,57.15,57.0,51.3,34.2,17.1,33.33,1997-09-04,1997-10-02,1997-09-10,6,1
10657,10657-15,19970904,19970915,SAVEA,2,15,2,USA-EU,50,15.5,0.0,352.69,775.0,775.0,465.0,310.0,40.0,1997-09-04,1997-10-02,1997-09-15,11,1
10657,10657-41,19970904,19970915,SAVEA,2,41,2,USA-EU,24,9.65,0.0,352.69,231.6,231.6,138.96,92.64,40.0,1997-09-04,1997-10-02,1997-09-15,11,1
10657,10657-46,19970904,19970915,SAVEA,2,46,2,USA-EU,45,12.0,0.0,352.69,540.0,540.0,324.0,216.0,40.0,1997-09-04,1997-10-02,1997-09-15,11,1
10657,10657-47,19970904,19970915,SAVEA,2,47,2,USA-EU,10,9.5,0.0,352.69,95.0,95.0,57.0,38.0,40.0,1997-09-04,1997-10-02,1997-09-15,11,1
10657,10657-56,19970904,19970915,SAVEA,2,56,2,USA-EU,45,38.0,0.0,352.69,1710.0,1710.0,1026.0,684.0,40.0,1997-09-04,1997-10-02,1997-09-15,11,1
10657,10657-60,19970904,19970915,SAVEA,2,60,2,USA-EU,30,34.0,0.0,352.69,1020.0,1020.0,612.0,408.0,40.0,1997-09-04,1997-10-02,1997-09-15,11,1
10658,10658-21,19970905,19970908,QUICK,4,21,1,GER-BE,60,10.0,0.0,364.15,600.0,600.0,360.0,240.0,40.0,1997-09-05,1997-10-03,1997-09-08,3,1
10658,10658-40,19970905,19970908,QUICK,4,40,1,GER-BE,70,18.4,0.05,364.15,1288.0,1223.6,772.8,450.8,36.84,1997-09-05,1997-10-03,1997-09-08,3,1
10658,10658-60,19970905,19970908,QUICK,4,60,1,GER-BE,55,34.0,0.05,364.15,1870.0,1776.5,1122.0,654.5,36.84,1997-09-05,1997-10-03,1997-09-08,3,1
10658,10658-77,19970905,19970908,QUICK,4,77,1,GER-BE,70,13.0,0.05,364.15,910.0,864.5,546.0,318.5,36.84,1997-09-05,1997-10-03,1997-09-08,3,1
10659,10659-31,19970905,19970910,QUEEN,7,31,2,BRA-SA,20,12.5,0.05,105.81,250.0,237.5,150.0,87.5,36.84,1997-09-05,1997-10-03,1997-09-10,5,1
10659,10659-40,19970905,19970910,QUEEN,7,40,2,BRA-SA,24,18.4,0.05,105.81,441.6,419.52,264.96,154.56,36.84,1997-09-05,1997-10-03,1997-09-10,5,1
10659,10659-70,19970905,19970910,QUEEN,7,70,2,BRA-SA,40,15.0,0.05,105.81,600.0,570.0,360.0,210.0,36.84,1997-09-05,1997-10-03,1997-09-10,5,1
10660,10660-20,19970908,19971015,HUNGC,8,20,1,USA-EU,21,81.0,0.0,111.29,1701.0,1701.0,1020.6,680.4,40.0,1997-09-08,1997-10-06,1997-10-15,37,0
10661,10661-39,19970909,19970915,HUNGO,7,39,3,IRE-CO,3,18.0,0.2,17.55,54.0,43.2,32.4,10.8,25.0,1997-09-09,1997-10-07,1997-09-15,6,1
10661,10661-58,19970909,19970915,HUNGO,7,58,3,IRE-CO,49,13.25,0.2,17.55,649.25,519.4,389.55,129.85,25.0,1997-09-09,1997-10-07,1997-09-15,6,1
10662,10662-68,19970909,19970918,LONEP,3,68,2,USA-EU,10,12.5,0.0,1.28,125.0,125.0,75.0,50.0,40.0,1997-09-09,1997-10-07,1997-09-18,9,1
10663,10663-40,19970910,19971003,BONAP,2,40,2,FRA-ST,30,18.4,0.05,113.15,552.0,524.4,331.2,193.2,36.84,1997-09-10,1997-09-24,1997-10-03,23,0
10663,10663-42,19970910,19971003,BONAP,2,42,2,FRA-ST,30,14.0,0.05,113.15,420.0,399.0,252.0,147.0,36.84,1997-09-10,1997-09-24,1997-10-03,23,0
10663,10663-51,19970910,19971003,BONAP,2,51,2,FRA-ST,20,53.0,0.05,113.15,1060.0,1007.0,636.0,371.0,36.84,1997-09-10,1997-09-24,1997-10-03,23,0
10664,10664-10,19970910,19970919,FURIB,1,10,3,POR-LI,24,31.0,0.15,1.27,744.0,632.4,446.4,186.0,29.41,1997-09-10,1997-10-08,1997-09-19,9,1
10664,10664-56,19970910,19970919,FURIB,1,56,3,POR-LI,12,38.0,0.15,1.27,456.0,387.6,273.6,114.0,29.41,1997-09-10,1997-10-08,1997-09-19,9,1
10664,10664-65,19970910,19970919,FURIB,1,65,3,POR-LI,15,21.05,0.15,1.27,315.75,268.39,189.45,78.94,29.41,1997-09-10,1997-10-08,1997-09-19,9,1
10665,10665-51,19970911,19970917,LONEP,1,51,2,USA-EU,20,53.0,0.0,26.31,1060.0,1060.0,636.0,424.0,40.0,1997-09-11,1997-10-09,1997-09-17,6,1
10665,10665-59,19970911,19970917,LONEP,1,59,2,USA-EU,1,55.0,0.0,26.31,55.0,55.0,33.0,22.0,40.0,1997-09-11,1997-10-09,1997-09-17,6,1
10665,10665-76,19970911,19970917,LONEP,1,76,2,USA-EU,10,18.0,0.0,26.31,180.0,180.0,108.0,72.0,40.0,1997-09-11,1997-10-09,1997-09-17,6,1
10666,10666-29,19970912,19970922,RICSU,7,29,2,SWI-BE,36,123.79,0.0,232.42,4456.44,4456.44,2673.72,1782.72,40.0,1997-09-12,1997-10-10,1997-09-22,10,1
10666,10666-65,19970912,19970922,RICSU,7,65,2,SWI-BE,10,21.05,0.0,232.42,210.5,210.5,126.3,84.2,40.0,1997-09-12,1997-10-10,1997-09-22,10,1
10667,10667-69,19970912,19970919,ERNSH,7,69,1,AUS-GR,45,36.0,0.2,78.09,1620.0,1296.0,972.0,324.0,25.0,1997-09-12,1997-10-10,1997-09-19,7,1
10667,10667-71,19970912,19970919,ERNSH,7,71,1,AUS-GR,14,21.5,0.2,78.09,301.0,240.8,180.6,60.2,25.0,1997-09-12,1997-10-10,1997-09-19,7,1
10668,10668-31,19970915,19970923,WANDK,1,31,2,GER-BE,8,12.5,0.1,47.22,100.0,90.0,60.0,30.0,33.33,1997-09-15,1997-10-13,1997-09-23,8,1
10668,10668-55,19970915,19970923,WANDK,1,55,2,GER-BE,4,24.0,0.1,47.22,96.0,86.4,57.6,28.8,33.33,1997-09-15,1997-10-13,1997-09-23,8,1
10668,10668-64,19970915,19970923,WANDK,1,64,2,GER-BE,15,33.25,0.1,47.22,498.75,448.88,299.25,149.63,33.33,1997-09-15,1997-10-13,1997-09-23,8,1
10669,10669-36,19970915,19970922,SIMOB,2,36,1,DEN-KO,30,19.0,0.0,24.39,570.0,570.0,342.0,228.0,40.0,1997-09-15,1997-10-13,1997-09-22,7,1
10670,10670-23,19970916,19970918,FRANK,4,23,1,GER-BE,32,9.0,0.0,203.48,288.0,288.0,172.8,115.2,40.0,1997-09-16,1997-10-14,1997-09-18,2,1
10670,10670-46,19970916,19970918,FRANK,4,46,1,GER-BE,60,12.0,0.0,203.48,720.0,720.0,432.0,288.0,40.0,1997-09-16,1997-10-14,1997-09-18,2,1
10670,10670-67,19970916,19970918,FRANK,4,67,1,GER-BE,25,14.0,0.0,203.48,350.0,350.0,210.0,140.0,40.0,1997-09-16,1997-10-14,1997-09-18,2,1
10670,10670-73,19970916,19970918,FRANK,4,73,1,GER-BE,50,15.0,0.0,203.48,750.0,750.0,450.0,300.0,40.0,1997-09-16,1997-10-14,1997-09-18,2,1
10670,10670-75,19970916,19970918,FRANK,4,75,1,GER-BE,25,7.75,0.0,203.48,193.75,193.75,116.25,77.5,40.0,1997-09-16,1997-10-14,1997-09-18,2,1
10671,10671-16,19970917,19970924,FRANR,1,16,1,FRA-ST,10,17.45,0.0,30.34,174.5,174.5,104.7,69.8,40.0,1997-09-17,1997-10-15,1997-09-24,7,1
10671,10671-62,19970917,19970924,FRANR,1,62,1,FRA-ST,10,49.3,0.0,30.34,493.0,493.0,295.8,197.2,40.0,1997-09-17,1997-10-15,1997-09-24,7,1
10671,10671-65,19970917,19970924,FRANR,1,65,1,FRA-ST,12,21.05,0.0,30.34,252.6,252.6,151.56,101.04,40.0,1997-09-17,1997-10-15,1997-09-24,7,1
10672,10672-38,19970917,19970926,BERGS,9,38,2,SWE-LU,15,263.5,0.1,95.75,3952.5,3557.25,2371.5,1185.75,33.33,1997-09-17,1997-10-01,1997-09-26,9,1
10672,10672-71,19970917,19970926,BERGS,9,71,2,SWE-LU,12,21.5,0.0,95.75,258.0,258.0,154.8,103.2,40.0,1997-09-17,1997-10-01,1997-09-26,9,1
10673,10673-16,19970918,19970919,WILMK,2,16,1,FIN-OU,3,17.45,0.0,22.76,52.35,52.35,31.41,20.94,40.0,1997-09-18,1997-10-16,1997-09-19,1,1
10673,10673-42,19970918,19970919,WILMK,2,42,1,FIN-OU,6,14.0,0.0,22.76,84.0,84.0,50.4,33.6,40.0,1997-09-18,1997-10-16,1997-09-19,1,1
10673,10673-43,19970918,19970919,WILMK,2,43,1,FIN-OU,6,46.0,0.0,22.76,276.0,276.0,165.6,110.4,40.0,1997-09-18,1997-10-16,1997-09-19,1,1
10674,10674-23,19970918,19970930,ISLAT,4,23,2,UK-LO,5,9.0,0.0,0.9,45.0,45.0,27.0,18.0,40.0,1997-09-18,1997-10-16,1997-09-30,12,1
10675,10675-14,19970919,19970923,FRANK,5,14,2,GER-BE,30,23.25,0.0,31.85,697.5,697.5,418.5,279.0,40.0,1997-09-19,1997-10-17,1997-09-23,4,1
10675,10675-53,19970919,19970923,FRANK,5,53,2,GER-BE,10,32.8,0.0,31.85,328.0,328.0,196.8,131.2,40.0,1997-09-19,1997-10-17,1997-09-23,4,1
10675,10675-58,19970919,19970923,FRANK,5,58,2,GER-BE,30,13.25,0.0,31.85,397.5,397.5,238.5,159.0,40.0,1997-09-19,1997-10-17,1997-09-23,4,1
10676,10676-10,19970922,19970929,TORTU,2,10,2,MEX-MÉ,2,31.0,0.0,2.01,62.0,62.0,37.2,24.8,40.0,1997-09-22,1997-10-20,1997-09-29,7,1
10676,10676-19,19970922,19970929,TORTU,2,19,2,MEX-MÉ,7,9.2,0.0,2.01,64.4,64.4,38.64,25.76,40.0,1997-09-22,1997-10-20,1997-09-29,7,1
10676,10676-44,19970922,19970929,TORTU,2,44,2,MEX-MÉ,21,19.45,0.0,2.01,408.45,408.45,245.07,163.38,40.0,1997-09-22,1997-10-20,1997-09-29,7,1
10677,10677-26,19970922,19970926,ANTON,1,26,3,MEX-MÉ,30,31.23,0.15,4.03,936.9,796.37,562.2,234.17,29.4,1997-09-22,1997-10-20,1997-09-26,4,1
10677,10677-33,19970922,19970926,ANTON,1,33,3,MEX-MÉ,8,2.5,0.15,4.03,20.0,17.0,12.0,5.0,29.41,1997-09-22,1997-10-20,1997-09-26,4,1
10678,10678-12,19970923,19971016,SAVEA,7,12,3,USA-EU,100,38.0,0.0,388.98,3800.0,3800.0,2280.0,1520.0,40.0,1997-09-23,1997-10-21,1997-10-16,23,1
10678,10678-33,19970923,19971016,SAVEA,7,33,3,USA-EU,30,2.5,0.0,388.98,75.0,75.0,45.0,30.0,40.0,1997-09-23,1997-10-21,1997-10-16,23,1
10678,10678-41,19970923,19971016,SAVEA,7,41,3,USA-EU,120,9.65,0.0,388.98,1158.0,1158.0,694.8,463.2,40.0,1997-09-23,1997-10-21,1997-10-16,23,1
10678,10678-54,19970923,19971016,SAVEA,7,54,3,USA-EU,30,7.45,0.0,388.98,223.5,223.5,134.1,89.4,40.0,1997-09-23,1997-10-21,1997-10-16,23,1
10679,10679-59,19970923,19970930,BLONP,8,59,3,FRA-ST,12,55.0,0.0,27.94,660.0,660.0,396.0,264.0,40.0,1997-09-23,1997-10-21,1997-09-30,7,1
10680,10680-16,19970924,19970926,OLDWO,1,16,1,USA-EU,50,17.45,0.25,26.61,872.5,654.38,523.5,130.88,20.0,1997-09-24,1997-10-22,1997-09-26,2,1
10680,10680-31,19970924,19970926,OLDWO,1,31,1,USA-EU,20,12.5,0.25,26.61,250.0,187.5,150.0,37.5,20.0,1997-09-24,1997-10-22,1997-09-26,2,1
10680,10680-42,19970924,19970926,OLDWO,1,42,1,USA-EU,40,14.0,0.25,26.61,560.0,420.0,336.0,84.0,20.0,1997-09-24,1997-10-22,1997-09-26,2,1
10681,10681-19,19970925,19970930,GREAL,3,19,3,USA-EU,30,9.2,0.1,76.13,276.0,248.4,165.6,82.8,33.33,1997-09-25,1997-10-23,1997-09-30,5,1
10681,10681-21,19970925,19970930,GREAL,3,21,3,USA-EU,12,10.0,0.1,76.13,120.0,108.0,72.0,36.0,33.33,1997-09-25,1997-10-23,1997-09-30,5,1
10681,10681-64,19970925,19970930,GREAL,3,64,3,USA-EU,28,33.25,0.0,76.13,931.0,931.0,558.6,372.4,40.0,1997-09-25,1997-10-23,1997-09-30,5,1
10682,10682-33,19970925,19971001,ANTON,3,33,2,MEX-MÉ,30,2.5,0.0,36.13,75.0,75.0,45.0,30.0,40.0,1997-09-25,1997-10-23,1997-10-01,6,1
10682,10682-66,19970925,19971001,ANTON,3,66,2,MEX-MÉ,4,17.0,0.0,36.13,68.0,68.0,40.8,27.2,40.0,1997-09-25,1997-10-23,1997-10-01,6,1
10682,10682-75,19970925,19971001,ANTON,3,75,2,MEX-MÉ,30,7.75,0.0,36.13,232.5,232.5,139.5,93.0,40.0,1997-09-25,1997-10-23,1997-10-01,6,1
10683,10683-52,19970926,19971001,DUMON,2,52,1,FRA-ST,9,7.0,0.0,4.4,63.0,63.0,37.8,25.2,40.0,1997-09-26,1997-10-24,1997-10-01,5,1
10684,10684-40,19970926,19970930,OTTIK,3,40,1,GER-BE,20,18.4,0.0,145.63,368.0,368.0,220.8,147.2,40.0,1997-09-26,1997-10-24,1997-09-30,4,1
10684,10684-47,19970926,19970930,OTTIK,3,47,1,GER-BE,40,9.5,0.0,145.63,380.0,380.0,228.0,152.0,40.0,1997-09-26,1997-10-24,1997-09-30,4,1
10684,10684-60,19970926,19970930,OTTIK,3,60,1,GER-BE,30,34.0,0.0,145.63,1020.0,1020.0,612.0,408.0,40.0,1997-09-26,1997-10-24,1997-09-30,4,1
10685,10685-10,19970929,19971003,GOURL,4,10,2,BRA-SA,20,31.0,0.0,33.75,620.0,620.0,372.0,248.0,40.0,1997-09-29,1997-10-13,1997-10-03,4,1
10685,10685-41,19970929,19971003,GOURL,4,41,2,BRA-SA,4,9.65,0.0,33.75,38.6,38.6,23.16,15.44,40.0,1997-09-29,1997-10-13,1997-10-03,4,1
10685,10685-47,19970929,19971003,GOURL,4,47,2,BRA-SA,15,9.5,0.0,33.75,142.5,142.5,85.5,57.0,40.0,1997-09-29,1997-10-13,1997-10-03,4,1
10686,10686-17,19970930,19971008,PICCO,2,17,1,AUS-GR,30,39.0,0.2,96.5,1170.0,936.0,702.0,234.0,25.0,1997-09-30,1997-10-28,1997-10-08,8,1
10686,10686-26,19970930,19971008,PICCO,2,26,1,AUS-GR,15,31.23,0.0,96.5,468.45,468.45,281.1,187.35,39.99,1997-09-30,1997-10-28,1997-10-08,8,1
10687,10687-9,19970930,19971030,HUNGO,9,9,2,IRE-CO,50,97.0,0.25,296.43,4850.0,3637.5,2910.0,727.5,20.0,1997-09-30,1997-10-28,1997-10-30,30,0
10687,10687-29,19970930,19971030,HUNGO,9,29,2,IRE-CO,10,123.79,0.0,296.43,1237.9,1237.9,742.7,495.2,40.0,1997-09-30,1997-10-28,1997-10-30,30,0
10687,10687-36,19970930,19971030,HUNGO,9,36,2,IRE-CO,6,19.0,0.25,296.43,114.0,85.5,68.4,17.1,20.0,1997-09-30,1997-10-28,1997-10-30,30,0
10688,10688-10,19971001,19971007,VAFFE,4,10,2,DEN-KO,18,31.0,0.1,299.09,558.0,502.2,334.8,167.4,33.33,1997-10-01,1997-10-15,1997-10-07,6,1
10688,10688-28,19971001,19971007,VAFFE,4,28,2,DEN-KO,60,45.6,0.1,299.09,2736.0,2462.4,1641.6,820.8,33.33,1997-10-01,1997-10-15,1997-10-07,6,1
10688,10688-34,19971001,19971007,VAFFE,4,34,2,DEN-KO,14,14.0,0.0,299.09,196.0,196.0,117.6,78.4,40.0,1997-10-01,1997-10-15,1997-10-07,6,1
10689,10689-1,19971001,19971007,BERGS,1,1,2,SWE-LU,35,18.0,0.25,13.42,630.0,472.5,378.0,94.5,20.0,1997-10-01,1997-10-29,1997-10-07,6,1
10690,10690-56,19971002,19971003,HANAR,1,56,1,BRA-SA,20,38.0,0.25,15.8,760.0,570.0,456.0,114.0,20.0,1997-10-02,1997-10-30,1997-10-03,1,1
10690,10690-77,19971002,19971003,HANAR,1,77,1,BRA-SA,30,13.0,0.25,15.8,390.0,292.5,234.0,58.5,20.0,1997-10-02,1997-10-30,1997-10-03,1,1
10691,10691-1,19971003,19971022,QUICK,2,1,2,GER-BE,30,18.0,0.0,810.05,540.0,540.0,324.0,216.0,40.0,1997-10-03,1997-11-14,1997-10-22,19,1
10691,10691-29,19971003,19971022,QUICK,2,29,2,GER-BE,40,123.79,0.0,810.05,4951.6,4951.6,2970.8,1980.8,40.0,1997-10-03,1997-11-14,1997-10-22,19,1
10691,10691-43,19971003,19971022,QUICK,2,43,2,GER-BE,40,46.0,0.0,810.05,1840.0,1840.0,1104.0,736.0,40.0,1997-10-03,1997-11-14,1997-10-22,19,1
10691,10691-44,19971003,19971022,QUICK,2,44,2,GER-BE,24,19.45,0.0,810.05,466.8,466.8,280.08,186.72,40.0,1997-10-03,1997-11-14,1997-10-22,19,1
10691,10691-62,19971003,19971022,QUICK,2,62,2,GER-BE,48,49.3,0.0,810.05,2366.4,2366.4,1419.84,946.56,40.0,1997-10-03,1997-11-14,1997-10-22,19,1
10692,10692-63,19971003,19971013,ALFKI,4,63,2,GER-BE,20,43.9,0.0,61.02,878.0,878.0,526.8,351.2,40.0,1997-10-03,1997-10-31,1997-10-13,10,1
10693,10693-9,19971006,19971010,WHITC,3,9,3,USA-EU,6,97.0,0.0,139.34,582.0,582.0,349.2,232.8,40.0,1997-10-06,1997-10-20,1997-10-10,4,1
10693,10693-54,19971006,19971010,WHITC,3,54,3,USA-EU,60,7.45,0.15,139.34,447.0,379.95,268.2,111.75,29.41,1997-10-06,1997-10-20,1997-10-10,4,1
10693,10693-69,19971006,19971010,WHITC,3,69,3,USA-EU,30,36.0,0.15,139.34,1080.0,918.0,648.0,270.0,29.41,1997-10-06,1997-10-20,1997-10-10,4,1
10693,10693-73,19971006,19971010,WHITC,3,73,3,USA-EU,15,15.0,0.15,139.34,225.0,191.25,135.0,56.25,29.41,1997-10-06,1997-10-20,1997-10-10,4,1
10694,10694-7,19971006,19971009,QUICK,8,7,3,GER-BE,90,30.0,0.0,398.36,2700.0,2700.0,1620.0,1080.0,40.0,1997-10-06,1997-11-03,1997-10-09,3,1
10694,10694-59,19971006,19971009,QUICK,8,59,3,GER-BE,25,55.0,0.0,398.36,1375.0,1375.0,825.0,550.0,40.0,1997-10-06,1997-11-03,1997-10-09,3,1
10694,10694-70,19971006,19971009,QUICK,8,70,3,GER-BE,50,15.0,0.0,398.36,750.0,750.0,450.0,300.0,40.0,1997-10-06,1997-11-03,1997-10-09,3,1
10695,10695-8,19971007,19971014,WILMK,7,8,1,FIN-OU,10,40.0,0.0,16.72,400.0,400.0,240.0,160.0,40.0,1997-10-07,1997-11-18,1997-10-14,7,1
10695,10695-12,19971007,19971014,WILMK,7,12,1,FIN-OU,4,38.0,0.0,16.72,152.0,152.0,91.2,60.8,40.0,1997-10-07,1997-11-18,1997-10-14,7,1
10695,10695-24,19971007,19971014,WILMK,7,24,1,FIN-OU,20,4.5,0.0,16.72,90.0,90.0,54.0,36.0,40.0,1997-10-07,1997-11-18,1997-10-14,7,1
10696,10696-17,19971008,19971014,WHITC,8,17,3,USA-EU,20,39.0,0.0,102.55,780.0,780.0,468.0,312.0,40.0,1997-10-08,1997-11-19,1997-10-14,6,1
10696,10696-46,19971008,19971014,WHITC,8,46,3,USA-EU,18,12.0,0.0,102.55,216.0,216.0,129.6,86.4,40.0,1997-10-08,1997-11-19,1997-10-14,6,1
10697,10697-19,19971008,19971014,LINOD,3,19,1,VEN-CA,7,9.2,0.25,45.52,64.4,48.3,38.64,9.66,20.0,1997-10-08,1997-11-05,1997-10-14,6,1
10697,10697-35,19971008,19971014,LINOD,3,35,1,VEN-CA,9,18.0,0.25,45.52,162.0,121.5,97.2,24.3,20.0,1997-10-08,1997-11-05,1997-10-14,6,1
10697,10697-58,19971008,19971014,LINOD,3,58,1,VEN-CA,30,13.25,0.25,45.52,397.5,298.12,238.5,59.62,20.0,1997-10-08,1997-11-05,1997-10-14,6,1
10697,10697-70,19971008,19971014,LINOD,3,70,1,VEN-CA,30,15.0,0.25,45.52,450.0,337.5,270.0,67.5,20.0,1997-10-08,1997-11-05,1997-10-14,6,1
10698,10698-11,19971009,19971017,ERNSH,4,11,1,AUS-GR,15,21.0,0.0,272.47,315.0,315.0,189.0,126.0,40.0,1997-10-09,1997-11-06,1997-10-17,8,1
10698,10698-17,19971009,19971017,ERNSH,4,17,1,AUS-GR,8,39.0,0.05,272.47,312.0,296.4,187.2,109.2,36.84,1997-10-09,1997-11-06,1997-10-17,8,1
10698,10698-29,19971009,19971017,ERNSH,4,29,1,AUS-GR,12,123.79,0.05,272.47,1485.48,1411.21,891.24,519.97,36.85,1997-10-09,1997-11-06,1997-10-17,8,1
10698,10698-65,19971009,19971017,ERNSH,4,65,1,AUS-GR,65,21.05,0.05,272.47,1368.25,1299.84,820.95,478.89,36.84,1997-10-09,1997-11-06,1997-10-17,8,1
10698,10698-70,19971009,19971017,ERNSH,4,70,1,AUS-GR,8,15.0,0.05,272.47,120.0,114.0,72.0,42.0,36.84,1997-10-09,1997-11-06,1997-10-17,8,1
10699,10699-47,19971009,19971013,MORGK,3,47,3,GER-BE,12,9.5,0.0,0.58,114.0,114.0,68.4,45.6,40.0,1997-10-09,1997-11-06,1997-10-13,4,1
10700,10700-1,19971010,19971016,SAVEA,3,1,1,USA-EU,5,18.0,0.2,65.1,90.0,72.0,54.0,18.0,25.0,1997-10-10,1997-11-07,1997-10-16,6,1
10700,10700-34,19971010,19971016,SAVEA,3,34,1,USA-EU,12,14.0,0.2,65.1,168.0,134.4,100.8,33.6,25.0,1997-10-10,1997-11-07,1997-10-16,6,1
10700,10700-68,19971010,19971016,SAVEA,3,68,1,USA-EU,40,12.5,0.2,65.1,500.0,400.0,300.0,100.0,25.0,1997-10-10,1997-11-07,1997-10-16,6,1
10700,10700-71,19971010,19971016,SAVEA,3,71,1,USA-EU,60,21.5,0.2,65.1,1290.0,1032.0,774.0,258.0,25.0,1997-10-10,1997-11-07,1997-10-16,6,1
10701,10701-59,19971013,19971015,HUNGO,6,59,3,IRE-CO,42,55.0,0.15,220.31,2310.0,1963.5,1386.0,577.5,29.41,1997-10-13,1997-10-27,1997-10-15,2,1
10701,10701-71,19971013,19971015,HUNGO,6,71,3,IRE-CO,20,21.5,0.15,220.31,430.0,365.5,258.0,107.5,29.41,1997-10-13,1997-10-27,1997-10-15,2,1
10701,10701-76,19971013,19971015,HUNGO,6,76,3,IRE-CO,35,18.0,0.15,220.31,630.0,535.5,378.0,157.5,29.41,1997-10-13,1997-10-27,1997-10-15,2,1
10702,10702-3,19971013,19971021,ALFKI,4,3,1,GER-BE,6,10.0,0.0,23.94,60.0,60.0,36.0,24.0,40.0,1997-10-13,1997-11-24,1997-10-21,8,1
10702,10702-76,19971013,19971021,ALFKI,4,76,1,GER-BE,15,18.0,0.0,23.94,270.0,270.0,162.0,108.0,40.0,1997-10-13,1997-11-24,1997-10-21,8,1
10703,10703-2,19971014,19971020,FOLKO,6,2,2,SWE-LU,5,19.0,0.0,152.3,95.0,95.0,57.0,38.0,40.0,1997-10-14,1997-11-11,1997-10-20,6,1
10703,10703-59,19971014,19971020,FOLKO,6,59,2,SWE-LU,35,55.0,0.0,152.3,1925.0,1925.0,1155.0,770.0,40.0,1997-10-14,1997-11-11,1997-10-20,6,1
10703,10703-73,19971014,19971020,FOLKO,6,73,2,SWE-LU,35,15.0,0.0,152.3,525.0,525.0,315.0,210.0,40.0,1997-10-14,1997-11-11,1997-10-20,6,1
10704,10704-4,19971014,19971107,QUEEN,6,4,1,BRA-SA,6,22.0,0.0,4.78,132.0,132.0,79.2,52.8,40.0,1997-10-14,1997-11-11,1997-11-07,24,1
10704,10704-24,19971014,19971107,QUEEN,6,24,1,BRA-SA,35,4.5,0.0,4.78,157.5,157.5,94.5,63.0,40.0,1997-10-14,1997-11-11,1997-11-07,24,1
10704,10704-48,19971014,19971107,QUEEN,6,48,1,BRA-SA,24,12.75,0.0,4.78,306.0,306.0,183.6,122.4,40.0,1997-10-14,1997-11-11,1997-11-07,24,1
10705,10705-31,19971015,19971118,HILAA,9,31,2,VEN-CA,20,12.5,0.0,3.52,250.0,250.0,150.0,100.0,40.0,1997-10-15,1997-11-12,1997-11-18,34,0
10705,10705-32,19971015,19971118,HILAA,9,32,2,VEN-CA,4,32.0,0.0,3.52,128.0,128.0,76.8,51.2,40.0,1997-10-15,1997-11-12,1997-11-18,34,0
10706,10706-16,19971016,19971021,OLDWO,8,16,3,USA-EU,20,17.45,0.0,135.63,349.0,349.0,209.4,139.6,40.0,1997-10-16,1997-11-13,1997-10-21,5,1
10706,10706-43,19971016,19971021,OLDWO,8,43,3,USA-EU,24,46.0,0.0,135.63,1104.0,1104.0,662.4,441.6,40.0,1997-10-16,1997-11-13,1997-10-21,5,1
10706,10706-59,19971016,19971021,OLDWO,8,59,3,USA-EU,8,55.0,0.0,135.63,440.0,440.0,264.0,176.0,40.0,1997-10-16,1997-11-13,1997-10-21,5,1
10707,10707-55,19971016,19971023,AROUT,4,55,3,UK-LO,21,24.0,0.0,21.74,504.0,504.0,302.4,201.6,40.0,1997-10-16,1997-10-30,1997-10-23,7,1
10707,10707-57,19971016,19971023,AROUT,4,57,3,UK-LO,40,19.5,0.0,21.74,780.0,780.0,468.0,312.0,40.0,1997-10-16,1997-10-30,1997-10-23,7,1
10707,10707-70,19971016,19971023,AROUT,4,70,3,UK-LO,28,15.0,0.15,21.74,420.0,357.0,252.0,105.0,29.41,1997-10-16,1997-10-30,1997-10-23,7,1
10708,10708-5,19971017,19971105,THEBI,6,5,2,USA-EU,4,21.35,0.0,2.96,85.4,85.4,51.24,34.16,40.0,1997-10-17,1997-11-28,1997-11-05,19,1
10708,10708-36,19971017,19971105,THEBI,6,36,2,USA-EU,5,19.0,0.0,2.96,95.0,95.0,57.0,38.0,40.0,1997-10-17,1997-11-28,1997-11-05,19,1
10709,10709-8,19971017,19971120,GOURL,1,8,3,BRA-SA,40,40.0,0.0,210.8,1600.0,1600.0,960.0,640.0,40.0,1997-10-17,1997-11-14,1997-11-20,34,0
10709,10709-51,19971017,19971120,GOURL,1,51,3,BRA-SA,28,53.0,0.0,210.8,1484.0,1484.0,890.4,593.6,40.0,1997-10-17,1997-11-14,1997-11-20,34,0
10709,10709-60,19971017,19971120,GOURL,1,60,3,BRA-SA,10,34.0,0.0,210.8,340.0,340.0,204.0,136.0,40.0,1997-10-17,1997-11-14,1997-11-20,34,0
10710,10710-19,19971020,19971023,FRANS,1,19,1,ITA-TO,5,9.2,0.0,4.98,46.0,46.0,27.6,18.4,40.0,1997-10-20,1997-11-17,1997-10-23,3,1
10710,10710-47,19971020,19971023,FRANS,1,47,1,ITA-TO,5,9.5,0.0,4.98,47.5,47.5,28.5,19.0,40.0,1997-10-20,1997-11-17,1997-10-23,3,1
10711,10711-19,19971021,19971029,SAVEA,5,19,2,USA-EU,12,9.2,0.0,52.41,110.4,110.4,66.24,44.16,40.0,1997-10-21,1997-12-02,1997-10-29,8,1
10711,10711-41,19971021,19971029,SAVEA,5,41,2,USA-EU,42,9.65,0.0,52.41,405.3,405.3,243.18,162.12,40.0,1997-10-21,1997-12-02,1997-10-29,8,1
10711,10711-53,19971021,19971029,SAVEA,5,53,2,USA-EU,120,32.8,0.0,52.41,3936.0,3936.0,2361.6,1574.4,40.0,1997-10-21,1997-12-02,1997-10-29,8,1
10712,10712-53,19971021,19971031,HUNGO,3,53,1,IRE-CO,3,32.8,0.05,89.93,98.4,93.48,59.04,34.44,36.84,1997-10-21,1997-11-18,1997-10-31,10,1
10712,10712-56,19971021,19971031,HUNGO,3,56,1,IRE-CO,30,38.0,0.0,89.93,1140.0,1140.0,684.0,456.0,40.0,1997-10-21,1997-11-18,1997-10-31,10,1
10713,10713-10,19971022,19971024,SAVEA,1,10,1,USA-EU,18,31.0,0.0,167.05,558.0,558.0,334.8,223.2,40.0,1997-10-22,1997-11-19,1997-10-24,2,1
10713,10713-26,19971022,19971024,SAVEA,1,26,1,USA-EU,30,31.23,0.0,167.05,936.9,936.9,562.2,374.7,39.99,1997-10-22,1997-11-19,1997-10-24,2,1
10713,10713-45,19971022,19971024,SAVEA,1,45,1,USA-EU,110,9.5,0.0,167.05,1045.0,1045.0,627.0,418.0,40.0,1997-10-22,1997-11-19,1997-10-24,2,1
10713,10713-46,19971022,19971024,SAVEA,1,46,1,USA-EU,24,12.0,0.0,167.05,288.0,288.0,172.8,115.2,40.0,1997-10-22,1997-11-19,1997-10-24,2,1
10714,10714-2,19971022,19971027,SAVEA,5,2,3,USA-EU,30,19.0,0.25,24.49,570.0,427.5,342.0,85.5,20.0,1997-10-22,1997-11-19,1997-10-27,5,1
10714,10714-17,19971022,19971027,SAVEA,5,17,3,USA-EU,27,39.0,0.25,24.49,1053.0,789.75,631.8,157.95,20.0,1997-10-22,1997-11-19,1997-10-27,5,1
10714,10714-47,19971022,19971027,SAVEA,5,47,3,USA-EU,50,9.5,0.25,24.49,475.0,356.25,285.0,71.25,20.0,1997-10-22,1997-11-19,1997-10-27,5,1
10714,10714-56,19971022,19971027,SAVEA,5,56,3,USA-EU,18,38.0,0.25,24.49,684.0,513.0,410.4,102.6,20.0,1997-10-22,1997-11-19,1997-10-27,5,1
10714,10714-58,19971022,19971027,SAVEA,5,58,3,USA-EU,12,13.25,0.25,24.49,159.0,119.25,95.4,23.85,20.0,1997-10-22,1997-11-19,1997-10-27,5,1
10715,10715-10,19971023,19971029,BONAP,3,10,1,FRA-ST,21,31.0,0.0,63.2,651.0,651.0,390.6,260.4,40.0,1997-10-23,1997-11-06,1997-10-29,6,1
10715,10715-71,19971023,19971029,BONAP,3,71,1,FRA-ST,30,21.5,0.0,63.2,645.0,645.0,387.0,258.0,40.0,1997-10-23,1997-11-06,1997-10-29,6,1
10716,10716-21,19971024,19971027,RANCH,4,21,2,ARG-BU,5,10.0,0.0,22.57,50.0,50.0,30.0,20.0,40.0,1997-10-24,1997-11-21,1997-10-27,3,1
10716,10716-51,19971024,19971027,RANCH,4,51,2,ARG-BU,7,53.0,0.0,22.57,371.0,371.0,222.6,148.4,40.0,1997-10-24,1997-11-21,1997-10-27,3,1
10716,10716-61,19971024,19971027,RANCH,4,61,2,ARG-BU,10,28.5,0.0,22.57,285.0,285.0,171.0,114.0,40.0,1997-10-24,1997-11-21,1997-10-27,3,1
10717,10717-21,19971024,19971029,FRANK,1,21,2,GER-BE,32,10.0,0.05,59.25,320.0,304.0,192.0,112.0,36.84,1997-10-24,1997-11-21,1997-10-29,5,1
10717,10717-54,19971024,19971029,FRANK,1,54,2,GER-BE,15,7.45,0.0,59.25,111.75,111.75,67.05,44.7,40.0,1997-10-24,1997-11-21,1997-10-29,5,1
10717,10717-69,19971024,19971029,FRANK,1,69,2,GER-BE,25,36.0,0.05,59.25,900.0,855.0,540.0,315.0,36.84,1997-10-24,1997-11-21,1997-10-29,5,1
10718,10718-12,19971027,19971029,KOENE,1,12,3,GER-BE,36,38.0,0.0,170.88,1368.0,1368.0,820.8,547.2,40.0,1997-10-27,1997-11-24,1997-10-29,2,1
10718,10718-16,19971027,19971029,KOENE,1,16,3,GER-BE,20,17.45,0.0,170.88,349.0,349.0,209.4,139.6,40.0,1997-10-27,1997-11-24,1997-10-29,2,1
10718,10718-36,19971027,19971029,KOENE,1,36,3,GER-BE,40,19.0,0.0,170.88,760.0,760.0,456.0,304.0,40.0,1997-10-27,1997-11-24,1997-10-29,2,1
10718,10718-62,19971027,19971029,KOENE,1,62,3,GER-BE,20,49.3,0.0,170.88,986.0,986.0,591.6,394.4,40.0,1997-10-27,1997-11-24,1997-10-29,2,1
10719,10719-18,19971027,19971105,LETSS,8,18,2,USA-EU,12,62.5,0.25,51.44,750.0,562.5,450.0,112.5,20.0,1997-10-27,1997-11-24,1997-11-05,9,1
10719,10719-30,19971027,19971105,LETSS,8,30,2,USA-EU,3,25.89,0.25,51.44,77.67,58.25,46.59,11.66,20.02,1997-10-27,1997-11-24,1997-11-05,9,1
10719,10719-54,19971027,19971105,LETSS,8,54,2,USA-EU,40,7.45,0.25,51.44,298.0,223.5,178.8,44.7,20.0,1997-10-27,1997-11-24,1997-11-05,9,1
10720,10720-35,19971028,19971105,QUEDE,8,35,2,BRA-SA,21,18.0,0.0,9.53,378.0,378.0,226.8,151.2,40.0,1997-10-28,1997-11-11,1997-11-05,8,1
10720,10720-71,19971028,19971105,QUEDE,8,71,2,BRA-SA,8,21.5,0.0,9.53,172.0,172.0,103.2,68.8,40.0,1997-10-28,1997-11-11,1997-11-05,8,1
10721,10721-44,19971029,19971031,QUICK,5,44,3,GER-BE,50,19.45,0.05,48.92,972.5,923.88,583.5,340.38,36.84,1997-10-29,1997-11-26,1997-10-31,2,1
10722,10722-2,19971029,19971104,SAVEA,8,2,1,USA-EU,3,19.0,0.0,74.58,57.0,57.0,34.2,22.8,40.0,1997-10-29,1997-12-10,1997-11-04,6,1
10722,10722-31,19971029,19971104,SAVEA,8,31,1,USA-EU,50,12.5,0.0,74.58,625.0,625.0,375.0,250.0,40.0,1997-10-29,1997-12-10,1997-11-04,6,1
10722,10722-68,19971029,19971104,SAVEA,8,68,1,USA-EU,45,12.5,0.0,74.58,562.5,562.5,337.5,225.0,40.0,1997-10-29,1997-12-10,1997-11-04,6,1
10722,10722-75,19971029,19971104,SAVEA,8,75,1,USA-EU,42,7.75,0.0,74.58,325.5,325.5,195.3,130.2,40.0,1997-10-29,1997-12-10,1997-11-04,6,1
10723,10723-26,19971030,19971125,WHITC,3,26,1,USA-EU,15,31.23,0.0,21.72,468.45,468.45,281.1,187.35,39.99,1997-10-30,1997-11-27,1997-11-25,26,1
10724,10724-10,19971030,19971105,MEREP,8,10,2,CAN-TS,16,31.0,0.0,57.75,496.0,496.0,297.6,198.4,40.0,1997-10-30,1997-12-11,1997-11-05,6,1
10724,10724-61,19971030,19971105,MEREP,8,61,2,CAN-TS,5,28.5,0.0,57.75,142.5,142.5,85.5,57.0,40.0,1997-10-30,1997-12-11,1997-11-05,6,1
10725,10725-41,19971031,19971105,FAMIA,4,41,3,BRA-SA,12,9.65,0.0,10.83,115.8,115.8,69.48,46.32,40.0,1997-10-31,1997-11-28,1997-11-05,5,1
10725,10725-52,19971031,19971105,FAMIA,4,52,3,BRA-SA,4,7.0,0.0,10.83,28.0,28.0,16.8,11.2,40.0,1997-10-31,1997-11-28,1997-11-05,5,1
10725,10725-55,19971031,19971105,FAMIA,4,55,3,BRA-SA,6,24.0,0.0,10.83,144.0,144.0,86.4,57.6,40.0,1997-10-31,1997-11-28,1997-11-05,5,1
10726,10726-4,19971103,19971205,EASTC,4,4,1,UK-LO,25,22.0,0.0,16.56,550.0,550.0,330.0,220.0,40.0,1997-11-03,1997-11-17,1997-12-05,32,0
10726,10726-11,19971103,19971205,EASTC,4,11,1,UK-LO,5,21.0,0.0,16.56,105.0,105.0,63.0,42.0,40.0,1997-11-03,1997-11-17,1997-12-05,32,0
10727,10727-17,19971103,19971205,REGGC,2,17,1,ITA-TO,20,39.0,0.05,89.9,780.0,741.0,468.0,273.0,36.84,1997-11-03,1997-12-01,1997-12-05,32,0
10727,10727-56,19971103,19971205,REGGC,2,56,1,ITA-TO,10,38.0,0.05,89.9,380.0,361.0,228.0,133.0,36.84,1997-11-03,1997-12-01,1997-12-05,32,0
10727,10727-59,19971103,19971205,REGGC,2,59,1,ITA-TO,10,55.0,0.05,89.9,550.0,522.5,330.0,192.5,36.84,1997-11-03,1997-12-01,1997-12-05,32,0
10728,10728-30,19971104,19971111,QUEEN,4,30,2,BRA-SA,15,25.89,0.0,58.33,388.35,388.35,232.95,155.4,40.02,1997-11-04,1997-12-02,1997-11-11,7,1
10728,10728-40,19971104,19971111,QUEEN,4,40,2,BRA-SA,6,18.4,0.0,58.33,110.4,110.4,66.24,44.16,40.0,1997-11-04,1997-12-02,1997-11-11,7,1
10728,10728-55,19971104,19971111,QUEEN,4,55,2,BRA-SA,12,24.0,0.0,58.33,288.0,288.0,172.8,115.2,40.0,1997-11-04,1997-12-02,1997-11-11,7,1
10728,10728-60,19971104,19971111,QUEEN,4,60,2,BRA-SA,15,34.0,0.0,58.33,510.0,510.0,306.0,204.0,40.0,1997-11-04,1997-12-02,1997-11-11,7,1
10729,10729-1,19971104,19971114,LINOD,8,1,3,VEN-CA,50,18.0,0.0,141.06,900.0,900.0,540.0,360.0,40.0,1997-11-04,1997-12-16,1997-11-14,10,1
10729,10729-21,19971104,19971114,LINOD,8,21,3,VEN-CA,30,10.0,0.0,141.06,300.0,300.0,180.0,120.0,40.0,1997-11-04,1997-12-16,1997-11-14,10,1
10729,10729-50,19971104,19971114,LINOD,8,50,3,VEN-CA,40,16.25,0.0,141.06,650.0,650.0,390.0,260.0,40.0,1997-11-04,1997-12-16,1997-11-14,10,1
10730,10730-16,19971105,19971114,BONAP,5,16,1,FRA-ST,15,17.45,0.05,20.12,261.75,248.66,157.05,91.61,36.84,1997-11-05,1997-12-03,1997-11-14,9,1
10730,10730-31,19971105,19971114,BONAP,5,31,1,FRA-ST,3,12.5,0.05,20.12,37.5,35.62,22.5,13.12,36.83,1997-11-05,1997-12-03,1997-11-14,9,1
10730,10730-65,19971105,19971114,BONAP,5,65,1,FRA-ST,10,21.05,0.05,20.12,210.5,199.97,126.3,73.67,36.84,1997-11-05,1997-12-03,1997-11-14,9,1
10731,10731-21,19971106,19971114,CHOPS,7,21,1,SWI-BE,40,10.0,0.05,96.65,400.0,380.0,240.0,140.0,36.84,1997-11-06,1997-12-04,1997-11-14,8,1
10731,10731-51,19971106,19971114,CHOPS,7,51,1,SWI-BE,30,53.0,0.05,96.65,1590.0,1510.5,954.0,556.5,36.84,1997-11-06,1997-12-04,1997-11-14,8,1
10732,10732-76,19971106,19971107,BONAP,3,76,1,FRA-ST,20,18.0,0.0,16.97,360.0,360.0,216.0,144.0,40.0,1997-11-06,1997-12-04,1997-11-07,1,1
10733,10733-14,19971107,19971110,BERGS,1,14,3,SWE-LU,16,23.25,0.0,110.11,372.0,372.0,223.2,148.8,40.0,1997-11-07,1997-12-05,1997-11-10,3,1
10733,10733-28,19971107,19971110,BERGS,1,28,3,SWE-LU,20,45.6,0.0,110.11,912.0,912.0,547.2,364.8,40.0,1997-11-07,1997-12-05,1997-11-10,3,1
10733,10733-52,19971107,19971110,BERGS,1,52,3,SWE-LU,25,7.0,0.0,110.11,175.0,175.0,105.0,70.0,40.0,1997-11-07,1997-12-05,1997-11-10,3,1
10734,10734-6,19971107,19971112,GOURL,2,6,3,BRA-SA,30,25.0,0.0,1.63,750.0,750.0,450.0,300.0,40.0,1997-11-07,1997-12-05,1997-11-12,5,1
10734,10734-30,19971107,19971112,GOURL,2,30,3,BRA-SA,15,25.89,0.0,1.63,388.35,388.35,232.95,155.4,40.02,1997-11-07,1997-12-05,1997-11-12,5,1
10734,10734-76,19971107,19971112,GOURL,2,76,3,BRA-SA,20,18.0,0.0,1.63,360.0,360.0,216.0,144.0,40.0,1997-11-07,1997-12-05,1997-11-12,5,1
10735,10735-61,19971110,19971121,LETSS,6,61,2,USA-EU,20,28.5,0.1,45.97,570.0,513.0,342.0,171.0,33.33,1997-11-10,1997-12-08,1997-11-21,11,1
10735,10735-77,19971110,19971121,LETSS,6,77,2,USA-EU,2,13.0,0.1,45.97,26.0,23.4,15.6,7.8,33.33,1997-11-10,1997-12-08,1997-11-21,11,1
10736,10736-65,19971111,19971121,HUNGO,9,65,2,IRE-CO,40,21.05,0.0,44.1,842.0,842.0,505.2,336.8,40.0,1997-11-11,1997-12-09,1997-11-21,10,1
10736,10736-75,19971111,19971121,HUNGO,9,75,2,IRE-CO,20,7.75,0.0,44.1,155.0,155.0,93.0,62.0,40.0,1997-11-11,1997-12-09,1997-11-21,10,1
10737,10737-13,19971111,19971118,VINET,2,13,2,FRA-ST,4,6.0,0.0,7.79,24.0,24.0,14.4,9.6,40.0,1997-11-11,1997-12-09,1997-11-18,7,1
10737,10737-41,19971111,19971118,VINET,2,41,2,FRA-ST,12,9.65,0.0,7.79,115.8,115.8,69.48,46.32,40.0,1997-11-11,1997-12-09,1997-11-18,7,1
10738,10738-16,19971112,19971118,SPECD,2,16,1,FRA-ST,3,17.45,0.0,2.91,52.35,52.35,31.41,20.94,40.0,1997-11-12,1997-12-10,1997-11-18,6,1
10739,10739-36,19971112,19971117,VINET,3,36,3,FRA-ST,6,19.0,0.0,11.08,114.0,114.0,68.4,45.6,40.0,1997-11-12,1997-12-10,1997-11-17,5,1
10739,10739-52,19971112,19971117,VINET,3,52,3,FRA-ST,18,7.0,0.0,11.08,126.0,126.0,75.6,50.4,40.0,1997-11-12,1997-12-10,1997-11-17,5,1
10740,10740-28,19971113,19971125,WHITC,4,28,2,USA-EU,5,45.6,0.2,81.88,228.0,182.4,136.8,45.6,25.0,1997-11-13,1997-12-11,1997-11-25,12,1
10740,10740-35,19971113,19971125,WHITC,4,35,2,USA-EU,35,18.0,0.2,81.88,630.0,504.0,378.0,126.0,25.0,1997-11-13,1997-12-11,1997-11-25,12,1
10740,10740-45,19971113,19971125,WHITC,4,45,2,USA-EU,40,9.5,0.2,81.88,380.0,304.0,228.0,76.0,25.0,1997-11-13,1997-12-11,1997-11-25,12,1
10740,10740-56,19971113,19971125,WHITC,4,56,2,USA-EU,14,38.0,0.2,81.88,532.0,425.6,319.2,106.4,25.0,1997-11-13,1997-12-11,1997-11-25,12,1
10741,10741-2,19971114,19971118,AROUT,4,2,3,UK-LO,15,19.0,0.2,10.96,285.0,228.0,171.0,57.0,25.0,1997-11-14,1997-11-28,1997-11-18,4,1
10742,10742-3,19971114,19971118,BOTTM,3,3,3,CAN-TS,20,10.0,0.0,243.73,200.0,200.0,120.0,80.0,40.0,1997-11-14,1997-12-12,1997-11-18,4,1
10742,10742-60,19971114,19971118,BOTTM,3,60,3,CAN-TS,50,34.0,0.0,243.73,1700.0,1700.0,1020.0,680.0,40.0,1997-11-14,1997-12-12,1997-11-18,4,1
10742,10742-72,19971114,19971118,BOTTM,3,72,3,CAN-TS,35,34.8,0.0,243.73,1218.0,1218.0,730.8,487.2,40.0,1997-11-14,1997-12-12,1997-11-18,4,1
10743,10743-46,19971117,19971121,AROUT,1,46,2,UK-LO,28,12.0,0.05,23.72,336.0,319.2,201.6,117.6,36.84,1997-11-17,1997-12-15,1997-11-21,4,1
10744,10744-40,19971117,19971124,VAFFE,6,40,1,DEN-KO,50,18.4,0.2,69.19,920.0,736.0,552.0,184.0,25.0,1997-11-17,1997-12-15,1997-11-24,7,1
10745,10745-18,19971118,19971127,QUICK,9,18,1,GER-BE,24,62.5,0.0,3.52,1500.0,1500.0,900.0,600.0,40.0,1997-11-18,1997-12-16,1997-11-27,9,1
10745,10745-44,19971118,19971127,QUICK,9,44,1,GER-BE,16,19.45,0.0,3.52,311.2,311.2,186.72,124.48,40.0,1997-11-18,1997-12-16,1997-11-27,9,1
10745,10745-59,19971118,19971127,QUICK,9,59,1,GER-BE,45,55.0,0.0,3.52,2475.0,2475.0,1485.0,990.0,40.0,1997-11-18,1997-12-16,1997-11-27,9,1
10745,10745-72,19971118,19971127,QUICK,9,72,1,GER-BE,7,34.8,0.0,3.52,243.6,243.6,146.16,97.44,40.0,1997-11-18,1997-12-16,1997-11-27,9,1
10746,10746-13,19971119,19971121,CHOPS,1,13,3,SWI-BE,6,6.0,0.0,31.43,36.0,36.0,21.6,14.4,40.0,1997-11-19,1997-12-17,1997-11-21,2,1
10746,10746-42,19971119,19971121,CHOPS,1,42,3,SWI-BE,28,14.0,0.0,31.43,392.0,392.0,235.2,156.8,40.0,1997-11-19,1997-12-17,1997-11-21,2,1
10746,10746-62,19971119,19971121,CHOPS,1,62,3,SWI-BE,9,49.3,0.0,31.43,443.7,443.7,266.22,177.48,40.0,1997-11-19,1997-12-17,1997-11-21,2,1
10746,10746-69,19971119,19971121,CHOPS,1,69,3,SWI-BE,40,36.0,0.0,31.43,1440.0,1440.0,864.0,576.0,40.0,1997-11-19,1997-12-17,1997-11-21,2,1
10747,10747-31,19971119,19971126,PICCO,6,31,1,AUS-GR,8,12.5,0.0,117.33,100.0,100.0,60.0,40.0,40.0,1997-11-19,1997-12-17,1997-11-26,7,1
10747,10747-41,19971119,19971126,PICCO,6,41,1,AUS-GR,35,9.65,0.0,117.33,337.75,337.75,202.65,135.1,40.0,1997-11-19,1997-12-17,1997-11-26,7,1
10747,10747-63,19971119,19971126,PICCO,6,63,1,AUS-GR,9,43.9,0.0,117.33,395.1,395.1,237.06,158.04,40.0,1997-11-19,1997-12-17,1997-11-26,7,1
10747,10747-69,19971119,19971126,PICCO,6,69,1,AUS-GR,30,36.0,0.0,117.33,1080.0,1080.0,648.0,432.0,40.0,1997-11-19,1997-12-17,1997-11-26,7,1
10748,10748-23,19971120,19971128,SAVEA,3,23,1,USA-EU,44,9.0,0.0,232.55,396.0,396.0,237.6,158.4,40.0,1997-11-20,1997-12-18,1997-11-28,8,1
10748,10748-40,19971120,19971128,SAVEA,3,40,1,USA-EU,40,18.4,0.0,232.55,736.0,736.0,441.6,294.4,40.0,1997-11-20,1997-12-18,1997-11-28,8,1
10748,10748-56,19971120,19971128,SAVEA,3,56,1,USA-EU,28,38.0,0.0,232.55,1064.0,1064.0,638.4,425.6,40.0,1997-11-20,1997-12-18,1997-11-28,8,1
10749,10749-56,19971120,19971219,ISLAT,4,56,2,UK-LO,15,38.0,0.0,61.53,570.0,570.0,342.0,228.0,40.0,1997-11-20,1997-12-18,1997-12-19,29,0
10749,10749-59,19971120,19971219,ISLAT,4,59,2,UK-LO,6,55.0,0.0,61.53,330.0,330.0,198.0,132.0,40.0,1997-11-20,1997-12-18,1997-12-19,29,0
10749,10749-76,19971120,19971219,ISLAT,4,76,2,UK-LO,10,18.0,0.0,61.53,180.0,180.0,108.0,72.0,40.0,1997-11-20,1997-12-18,1997-12-19,29,0
10750,10750-14,19971121,19971124,WARTH,9,14,1,FIN-OU,5,23.25,0.15,79.3,116.25,98.81,69.75,29.06,29.41,1997-11-21,1997-12-19,1997-11-24,3,1
10750,10750-45,19971121,19971124,WARTH,9,45,1,FIN-OU,40,9.5,0.15,79.3,380.0,323.0,228.0,95.0,29.41,1997-11-21,1997-12-19,1997-11-24,3,1
10750,10750-59,19971121,19971124,WARTH,9,59,1,FIN-OU,25,55.0,0.15,79.3,1375.0,1168.75,825.0,343.75,29.41,1997-11-21,1997-12-19,1997-11-24,3,1
10751,10751-26,19971124,19971203,RICSU,3,26,3,SWI-BE,12,31.23,0.1,130.79,374.76,337.28,224.88,112.4,33.33,1997-11-24,1997-12-22,1997-12-03,9,1
10751,10751-30,19971124,19971203,RICSU,3,30,3,SWI-BE,30,25.89,0.0,130.79,776.7,776.7,465.9,310.8,40.02,1997-11-24,1997-12-22,1997-12-03,9,1
10751,10751-50,19971124,19971203,RICSU,3,50,3,SWI-BE,20,16.25,0.1,130.79,325.0,292.5,195.0,97.5,33.33,1997-11-24,1997-12-22,1997-12-03,9,1
10751,10751-73,19971124,19971203,RICSU,3,73,3,SWI-BE,15,15.0,0.0,130.79,225.0,225.0,135.0,90.0,40.0,1997-11-24,1997-12-22,1997-12-03,9,1
10752,10752-1,19971124,19971128,NORTS,2,1,3,UK-LO,8,18.0,0.0,1.39,144.0,144.0,86.4,57.6,40.0,1997-11-24,1997-12-22,1997-11-28,4,1
10752,10752-69,19971124,19971128,NORTS,2,69,3,UK-LO,3,36.0,0.0,1.39,108.0,108.0,64.8,43.2,40.0,1997-11-24,1997-12-22,1997-11-28,4,1
10753,10753-45,19971125,19971127,FRANS,3,45,1,ITA-TO,4,9.5,0.0,7.7,38.0,38.0,22.8,15.2,40.0,1997-11-25,1997-12-23,1997-11-27,2,1
10753,10753-74,19971125,19971127,FRANS,3,74,1,ITA-TO,5,10.0,0.0,7.7,50.0,50.0,30.0,20.0,40.0,1997-11-25,1997-12-23,1997-11-27,2,1
10754,10754-40,19971125,19971127,MAGAA,6,40,3,ITA-TO,3,18.4,0.0,2.38,55.2,55.2,33.12,22.08,40.0,1997-11-25,1997-12-23,1997-11-27,2,1
10755,10755-47,19971126,19971128,BONAP,4,47,2,FRA-ST,30,9.5,0.25,16.71,285.0,213.75,171.0,42.75,20.0,1997-11-26,1997-12-24,1997-11-28,2,1
10755,10755-56,19971126,19971128,BONAP,4,56,2,FRA-ST,30,38.0,0.25,16.71,1140.0,855.0,684.0,171.0,20.0,1997-11-26,1997-12-24,1997-11-28,2,1
10755,10755-57,19971126,19971128,BONAP,4,57,2,FRA-ST,14,19.5,0.25,16.71,273.0,204.75,163.8,40.95,20.0,1997-11-26,1997-12-24,1997-11-28,2,1
10755,10755-69,19971126,19971128,BONAP,4,69,2,FRA-ST,25,36.0,0.25,16.71,900.0,675.0,540.0,135.0,20.0,1997-11-26,1997-12-24,1997-11-28,2,1
10756,10756-18,19971127,19971202,SPLIR,8,18,2,USA-EU,21,62.5,0.2,73.21,1312.5,1050.0,787.5,262.5,25.0,1997-11-27,1997-12-25,1997-12-02,5,1
10756,10756-36,19971127,19971202,SPLIR,8,36,2,USA-EU,20,19.0,0.2,73.21,380.0,304.0,228.0,76.0,25.0,1997-11-27,1997-12-25,1997-12-02,5,1
10756,10756-68,19971127,19971202,SPLIR,8,68,2,USA-EU,6,12.5,0.2,73.21,75.0,60.0,45.0,15.0,25.0,1997-11-27,1997-12-25,1997-12-02,5,1
10756,10756-69,19971127,19971202,SPLIR,8,69,2,USA-EU,20,36.0,0.2,73.21,720.0,576.0,432.0,144.0,25.0,1997-11-27,1997-12-25,1997-12-02,5,1
10757,10757-34,19971127,19971215,SAVEA,6,34,1,USA-EU,30,14.0,0.0,8.19,420.0,420.0,252.0,168.0,40.0,1997-11-27,1997-12-25,1997-12-15,18,1
10757,10757-59,19971127,19971215,SAVEA,6,59,1,USA-EU,7,55.0,0.0,8.19,385.0,385.0,231.0,154.0,40.0,1997-11-27,1997-12-25,1997-12-15,18,1
10757,10757-62,19971127,19971215,SAVEA,6,62,1,USA-EU,30,49.3,0.0,8.19,1479.0,1479.0,887.4,591.6,40.0,1997-11-27,1997-12-25,1997-12-15,18,1
10757,10757-64,19971127,19971215,SAVEA,6,64,1,USA-EU,24,33.25,0.0,8.19,798.0,798.0,478.8,319.2,40.0,1997-11-27,1997-12-25,1997-12-15,18,1
10758,10758-26,19971128,19971204,RICSU,3,26,3,SWI-BE,20,31.23,0.0,138.17,624.6,624.6,374.8,249.8,39.99,1997-11-28,1997-12-26,1997-12-04,6,1
10758,10758-52,19971128,19971204,RICSU,3,52,3,SWI-BE,60,7.0,0.0,138.17,420.0,420.0,252.0,168.0,40.0,1997-11-28,1997-12-26,1997-12-04,6,1
10758,10758-70,19971128,19971204,RICSU,3,70,3,SWI-BE,40,15.0,0.0,138.17,600.0,600.0,360.0,240.0,40.0,1997-11-28,1997-12-26,1997-12-04,6,1
10759,10759-32,19971128,19971212,ANATR,3,32,3,MEX-MÉ,10,32.0,0.0,11.99,320.0,320.0,192.0,128.0,40.0,1997-11-28,1997-12-26,1997-12-12,14,1
10760,10760-25,19971201,19971210,MAISD,4,25,1,BEL-BR,12,14.0,0.25,155.64,168.0,126.0,100.8,25.2,20.0,1997-12-01,1997-12-29,1997-12-10,9,1
10760,10760-27,19971201,19971210,MAISD,4,27,1,BEL-BR,40,43.9,0.0,155.64,1756.0,1756.0,1053.6,702.4,40.0,1997-12-01,1997-12-29,1997-12-10,9,1
10760,10760-43,19971201,19971210,MAISD,4,43,1,BEL-BR,30,46.0,0.25,155.64,1380.0,1035.0,828.0,207.0,20.0,1997-12-01,1997-12-29,1997-12-10,9,1
10761,10761-25,19971202,19971208,RATTC,5,25,2,USA-EU,35,14.0,0.25,18.66,490.0,367.5,294.0,73.5,20.0,1997-12-02,1997-12-30,1997-12-08,6,1
10761,10761-75,19971202,19971208,RATTC,5,75,2,USA-EU,18,7.75,0.0,18.66,139.5,139.5,83.7,55.8,40.0,1997-12-02,1997-12-30,1997-12-08,6,1
10762,10762-39,19971202,19971209,FOLKO,3,39,1,SWE-LU,16,18.0,0.0,328.74,288.0,288.0,172.8,115.2,40.0,1997-12-02,1997-12-30,1997-12-09,7,1
10762,10762-47,19971202,19971209,FOLKO,3,47,1,SWE-LU,30,9.5,0.0,328.74,285.0,285.0,171.0,114.0,40.0,1997-12-02,1997-12-30,1997-12-09,7,1
10762,10762-51,19971202,19971209,FOLKO,3,51,1,SWE-LU,28,53.0,0.0,328.74,1484.0,1484.0,890.4,593.6,40.0,1997-12-02,1997-12-30,1997-12-09,7,1
10762,10762-56,19971202,19971209,FOLKO,3,56,1,SWE-LU,60,38.0,0.0,328.74,2280.0,2280.0,1368.0,912.0,40.0,1997-12-02,1997-12-30,1997-12-09,7,1
10763,10763-21,19971203,19971208,FOLIG,3,21,3,FRA-ST,40,10.0,0.0,37.35,400.0,400.0,240.0,160.0,40.0,1997-12-03,1997-12-31,1997-12-08,5,1
10763,10763-22,19971203,19971208,FOLIG,3,22,3,FRA-ST,6,21.0,0.0,37.35,126.0,126.0,75.6,50.4,40.0,1997-12-03,1997-12-31,1997-12-08,5,1
10763,10763-24,19971203,19971208,FOLIG,3,24,3,FRA-ST,20,4.5,0.0,37.35,90.0,90.0,54.0,36.0,40.0,1997-12-03,1997-12-31,1997-12-08,5,1
10764,10764-3,19971203,19971208,ERNSH,6,3,3,AUS-GR,20,10.0,0.1,145.45,200.0,180.0,120.0,60.0,33.33,1997-12-03,1997-12-31,1997-12-08,5,1
10764,10764-39,19971203,19971208,ERNSH,6,39,3,AUS-GR,130,18.0,0.1,145.45,2340.0,2106.0,1404.0,702.0,33.33,1997-12-03,1997-12-31,1997-12-08,5,1
10765,10765-65,19971204,19971209,QUICK,3,65,3,GER-BE,80,21.05,0.1,42.74,1684.0,1515.6,1010.4,505.2,33.33,1997-12-04,1998-01-01,1997-12-09,5,1
10766,10766-2,19971205,19971209,OTTIK,4,2,1,GER-BE,40,19.0,0.0,157.55,760.0,760.0,456.0,304.0,40.0,1997-12-05,1998-01-02,1997-12-09,4,1
10766,10766-7,19971205,19971209,OTTIK,4,7,1,GER-BE,35,30.0,0.0,157.55,1050.0,1050.0,630.0,420.0,40.0,1997-12-05,1998-01-02,1997-12-09,4,1
10766,10766-68,19971205,19971209,OTTIK,4,68,1,GER-BE,40,12.5,0.0,157.55,500.0,500.0,300.0,200.0,40.0,1997-12-05,1998-01-02,1997-12-09,4,1
10767,10767-42,19971205,19971215,SUPRD,4,42,3,BEL-BR,2,14.0,0.0,1.59,28.0,28.0,16.8,11.2,40.0,1997-12-05,1998-01-02,1997-12-15,10,1
10768,10768-22,19971208,19971215,AROUT,3,22,2,UK-LO,4,21.0,0.0,146.32,84.0,84.0,50.4,33.6,40.0,1997-12-08,1998-01-05,1997-12-15,7,1
10768,10768-31,19971208,19971215,AROUT,3,31,2,UK-LO,50,12.5,0.0,146.32,625.0,625.0,375.0,250.0,40.0,1997-12-08,1998-01-05,1997-12-15,7,1
10768,10768-60,19971208,19971215,AROUT,3,60,2,UK-LO,15,34.0,0.0,146.32,510.0,510.0,306.0,204.0,40.0,1997-12-08,1998-01-05,1997-12-15,7,1
10768,10768-71,19971208,19971215,AROUT,3,71,2,UK-LO,12,21.5,0.0,146.32,258.0,258.0,154.8,103.2,40.0,1997-12-08,1998-01-05,1997-12-15,7,1
10769,10769-41,19971208,19971212,VAFFE,3,41,1,DEN-KO,30,9.65,0.05,65.06,289.5,275.02,173.7,101.32,36.84,1997-12-08,1998-01-05,1997-12-12,4,1
10769,10769-52,19971208,19971212,VAFFE,3,52,1,DEN-KO,15,7.0,0.05,65.06,105.0,99.75,63.0,36.75,36.84,1997-12-08,1998-01-05,1997-12-12,4,1
10769,10769-61,19971208,19971212,VAFFE,3,61,1,DEN-KO,20,28.5,0.0,65.06,570.0,570.0,342.0,228.0,40.0,1997-12-08,1998-01-05,1997-12-12,4,1
10769,10769-62,19971208,19971212,VAFFE,3,62,1,DEN-KO,15,49.3,0.0,65.06,739.5,739.5,443.7,295.8,40.0,1997-12-08,1998-01-05,1997-12-12,4,1
10770,10770-11,19971209,19971217,HANAR,8,11,3,BRA-SA,15,21.0,0.25,5.32,315.0,236.25,189.0,47.25,20.0,1997-12-09,1998-01-06,1997-12-17,8,1
10771,10771-71,19971210,19980102,ERNSH,9,71,2,AUS-GR,16,21.5,0.0,11.19,344.0,344.0,206.4,137.6,40.0,1997-12-10,1998-01-07,1998-01-02,23,1
10772,10772-29,19971210,19971219,LEHMS,3,29,2,GER-BE,18,123.79,0.0,91.28,2228.22,2228.22,1336.86,891.36,40.0,1997-12-10,1998-01-07,1997-12-19,9,1
10772,10772-59,19971210,19971219,LEHMS,3,59,2,GER-BE,25,55.0,0.0,91.28,1375.0,1375.0,825.0,550.0,40.0,1997-12-10,1998-01-07,1997-12-19,9,1
10773,10773-17,19971211,19971216,ERNSH,1,17,3,AUS-GR,33,39.0,0.0,96.43,1287.0,1287.0,772.2,514.8,40.0,1997-12-11,1998-01-08,1997-12-16,5,1
10773,10773-31,19971211,19971216,ERNSH,1,31,3,AUS-GR,70,12.5,0.2,96.43,875.0,700.0,525.0,175.0,25.0,1997-12-11,1998-01-08,1997-12-16,5,1
10773,10773-75,19971211,19971216,ERNSH,1,75,3,AUS-GR,7,7.75,0.2,96.43,54.25,43.4,32.55,10.85,25.0,1997-12-11,1998-01-08,1997-12-16,5,1
10774,10774-31,19971211,19971212,FOLKO,4,31,1,SWE-LU,2,12.5,0.25,48.2,25.0,18.75,15.0,3.75,20.0,1997-12-11,1997-12-25,1997-12-12,1,1
10774,10774-66,19971211,19971212,FOLKO,4,66,1,SWE-LU,50,17.0,0.0,48.2,850.0,850.0,510.0,340.0,40.0,1997-12-11,1997-12-25,1997-12-12,1,1
10775,10775-10,19971212,19971226,THECR,7,10,1,USA-EU,6,31.0,0.0,20.25,186.0,186.0,111.6,74.4,40.0,1997-12-12,1998-01-09,1997-12-26,14,1
10775,10775-67,19971212,19971226,THECR,7,67,1,USA-EU,3,14.0,0.0,20.25,42.0,42.0,25.2,16.8,40.0,1997-12-12,1998-01-09,1997-12-26,14,1
10776,10776-31,19971215,19971218,ERNSH,1,31,3,AUS-GR,16,12.5,0.05,351.53,200.0,190.0,120.0,70.0,36.84,1997-12-15,1998-01-12,1997-12-18,3,1
10776,10776-42,19971215,19971218,ERNSH,1,42,3,AUS-GR,12,14.0,0.05,351.53,168.0,159.6,100.8,58.8,36.84,1997-12-15,1998-01-12,1997-12-18,3,1
10776,10776-45,19971215,19971218,ERNSH,1,45,3,AUS-GR,27,9.5,0.05,351.53,256.5,243.67,153.9,89.77,36.84,1997-12-15,1998-01-12,1997-12-18,3,1
10776,10776-51,19971215,19971218,ERNSH,1,51,3,AUS-GR,120,53.0,0.05,351.53,6360.0,6042.0,3816.0,2226.0,36.84,1997-12-15,1998-01-12,1997-12-18,3,1
10777,10777-42,19971215,19980121,GOURL,7,42,2,BRA-SA,20,14.0,0.2,3.01,280.0,224.0,168.0,56.0,25.0,1997-12-15,1997-12-29,1998-01-21,37,0
10778,10778-41,19971216,19971224,BERGS,3,41,1,SWE-LU,10,9.65,0.0,6.79,96.5,96.5,57.9,38.6,40.0,1997-12-16,1998-01-13,1997-12-24,8,1
10779,10779-16,19971216,19980114,MORGK,3,16,2,GER-BE,20,17.45,0.0,58.13,349.0,349.0,209.4,139.6,40.0,1997-12-16,1998-01-13,1998-01-14,29,0
10779,10779-62,19971216,19980114,MORGK,3,62,2,GER-BE,20,49.3,0.0,58.13,986.0,986.0,591.6,394.4,40.0,1997-12-16,1998-01-13,1998-01-14,29,0
10780,10780-70,19971216,19971225,LILAS,2,70,1,VEN-CA,35,15.0,0.0,42.13,525.0,525.0,315.0,210.0,40.0,1997-12-16,1997-12-30,1997-12-25,9,1
10780,10780-77,19971216,19971225,LILAS,2,77,1,VEN-CA,15,13.0,0.0,42.13,195.0,195.0,117.0,78.0,40.0,1997-12-16,1997-12-30,1997-12-25,9,1
10781,10781-54,19971217,19971219,WARTH,2,54,3,FIN-OU,3,7.45,0.2,73.16,22.35,17.88,13.41,4.47,25.0,1997-12-17,1998-01-14,1997-12-19,2,1
10781,10781-56,19971217,19971219,WARTH,2,56,3,FIN-OU,20,38.0,0.2,73.16,760.0,608.0,456.0,152.0,25.0,1997-12-17,1998-01-14,1997-12-19,2,1
10781,10781-74,19971217,19971219,WARTH,2,74,3,FIN-OU,35,10.0,0.0,73.16,350.0,350.0,210.0,140.0,40.0,1997-12-17,1998-01-14,1997-12-19,2,1
10782,10782-31,19971217,19971222,CACTU,9,31,3,ARG-BU,1,12.5,0.0,1.1,12.5,12.5,7.5,5.0,40.0,1997-12-17,1998-01-14,1997-12-22,5,1
10783,10783-31,19971218,19971219,HANAR,4,31,2,BRA-SA,10,12.5,0.0,124.98,125.0,125.0,75.0,50.0,40.0,1997-12-18,1998-01-15,1997-12-19,1,1
10783,10783-38,19971218,19971219,HANAR,4,38,2,BRA-SA,5,263.5,0.0,124.98,1317.5,1317.5,790.5,527.0,40.0,1997-12-18,1998-01-15,1997-12-19,1,1
10784,10784-36,19971218,19971222,MAGAA,4,36,3,ITA-TO,30,19.0,0.0,70.09,570.0,570.0,342.0,228.0,40.0,1997-12-18,1998-01-15,1997-12-22,4,1
10784,10784-39,19971218,19971222,MAGAA,4,39,3,ITA-TO,2,18.0,0.15,70.09,36.0,30.6,21.6,9.0,29.41,1997-12-18,1998-01-15,1997-12-22,4,1
10784,10784-72,19971218,19971222,MAGAA,4,72,3,ITA-TO,30,34.8,0.15,70.09,1044.0,887.4,626.4,261.0,29.41,1997-12-18,1998-01-15,1997-12-22,4,1
10785,10785-10,19971218,19971224,GROSR,1,10,3,VEN-CA,10,31.0,0.0,1.51,310.0,310.0,186.0,124.0,40.0,1997-12-18,1998-01-15,1997-12-24,6,1
10785,10785-75,19971218,19971224,GROSR,1,75,3,VEN-CA,10,7.75,0.0,1.51,77.5,77.5,46.5,31.0,40.0,1997-12-18,1998-01-15,1997-12-24,6,1
10786,10786-8,19971219,19971223,QUEEN,8,8,1,BRA-SA,30,40.0,0.2,110.87,1200.0,960.0,720.0,240.0,25.0,1997-12-19,1998-01-16,1997-12-23,4,1
10786,10786-30,19971219,19971223,QUEEN,8,30,1,BRA-SA,15,25.89,0.2,110.87,388.35,310.68,232.95,77.73,25.02,1997-12-19,1998-01-16,1997-12-23,4,1
10786,10786-75,19971219,19971223,QUEEN,8,75,1,BRA-SA,42,7.75,0.2,110.87,325.5,260.4,195.3,65.1,25.0,1997-12-19,1998-01-16,1997-12-23,4,1
10787,10787-2,19971219,19971226,LAMAI,2,2,1,FRA-ST,15,19.0,0.05,249.93,285.0,270.75,171.0,99.75,36.84,1997-12-19,1998-01-02,1997-12-26,7,1
10787,10787-29,19971219,19971226,LAMAI,2,29,1,FRA-ST,20,123.79,0.05,249.93,2475.8,2352.01,1485.4,866.61,36.85,1997-12-19,1998-01-02,1997-12-26,7,1
10788,10788-19,19971222,19980119,QUICK,1,19,2,GER-BE,50,9.2,0.05,42.7,460.0,437.0,276.0,161.0,36.84,1997-12-22,1998-01-19,1998-01-19,28,1
10788,10788-75,19971222,19980119,QUICK,1,75,2,GER-BE,40,7.75,0.05,42.7,310.0,294.5,186.0,108.5,36.84,1997-12-22,1998-01-19,1998-01-19,28,1
10789,10789-18,19971222,19971231,FOLIG,1,18,2,FRA-ST,30,62.5,0.0,100.6,1875.0,1875.0,1125.0,750.0,40.0,1997-12-22,1998-01-19,1997-12-31,9,1
10789,10789-35,19971222,19971231,FOLIG,1,35,2,FRA-ST,15,18.0,0.0,100.6,270.0,270.0,162.0,108.0,40.0,1997-12-22,1998-01-19,1997-12-31,9,1
10789,10789-63,19971222,19971231,FOLIG,1,63,2,FRA-ST,30,43.9,0.0,100.6,1317.0,1317.0,790.2,526.8,40.0,1997-12-22,1998-01-19,1997-12-31,9,1
10789,10789-68,19971222,19971231,FOLIG,1,68,2,FRA-ST,18,12.5,0.0,100.6,225.0,225.0,135.0,90.0,40.0,1997-12-22,1998-01-19,1997-12-31,9,1
10790,10790-7,19971222,19971226,GOURL,6,7,1,BRA-SA,3,30.0,0.15,28.23,90.0,76.5,54.0,22.5,29.41,1997-12-22,1998-01-19,1997-12-26,4,1
10790,10790-56,19971222,19971226,GOURL,6,56,1,BRA-SA,20,38.0,0.15,28.23,760.0,646.0,456.0,190.0,29.41,1997-12-22,1998-01-19,1997-12-26,4,1
10791,10791-29,19971223,19980101,FRANK,6,29,2,GER-BE,14,123.79,0.05,16.85,1733.06,1646.41,1039.78,606.63,36.85,1997-12-23,1998-01-20,1998-01-01,9,1
10791,10791-41,19971223,19980101,FRANK,6,41,2,GER-BE,20,9.65,0.05,16.85,193.0,183.35,115.8,67.55,36.84,1997-12-23,1998-01-20,1998-01-01,9,1
10792,10792-2,19971223,19971231,WOLZA,1,2,3,POL-WA,10,19.0,0.0,23.79,190.0,190.0,114.0,76.0,40.0,1997-12-23,1998-01-20,1997-12-31,8,1
10792,10792-54,19971223,19971231,WOLZA,1,54,3,POL-WA,3,7.45,0.0,23.79,22.35,22.35,13.41,8.94,40.0,1997-12-23,1998-01-20,1997-12-31,8,1
10792,10792-68,19971223,19971231,WOLZA,1,68,3,POL-WA,15,12.5,0.0,23.79,187.5,187.5,112.5,75.0,40.0,1997-12-23,1998-01-20,1997-12-31,8,1
10793,10793-41,19971224,19980108,AROUT,3,41,3,UK-LO,14,9.65,0.0,4.52,135.1,135.1,81.06,54.04,40.0,1997-12-24,1998-01-21,1998-01-08,15,1
10793,10793-52,19971224,19980108,AROUT,3,52,3,UK-LO,8,7.0,0.0,4.52,56.0,56.0,33.6,22.4,40.0,1997-12-24,1998-01-21,1998-01-08,15,1
10794,10794-14,19971224,19980102,QUEDE,6,14,1,BRA-SA,15,23.25,0.2,21.49,348.75,279.0,209.25,69.75,25.0,1997-12-24,1998-01-21,1998-01-02,9,1
10794,10794-54,19971224,19980102,QUEDE,6,54,1,BRA-SA,6,7.45,0.2,21.49,44.7,35.76,26.82,8.94,25.0,1997-12-24,1998-01-21,1998-01-02,9,1
10795,10795-16,19971224,19980120,ERNSH,8,16,2,AUS-GR,65,17.45,0.0,126.66,1134.25,1134.25,680.55,453.7,40.0,1997-12-24,1998-01-21,1998-01-20,27,1
10795,10795-17,19971224,19980120,ERNSH,8,17,2,AUS-GR,35,39.0,0.25,126.66,1365.0,1023.75,819.0,204.75,20.0,1997-12-24,1998-01-21,1998-01-20,27,1
10796,10796-26,19971225,19980114,HILAA,3,26,1,VEN-CA,21,31.23,0.2,26.52,655.83,524.66,393.54,131.12,24.99,1997-12-25,1998-01-22,1998-01-14,20,1
10796,10796-44,19971225,19980114,HILAA,3,44,1,VEN-CA,10,19.45,0.0,26.52,194.5,194.5,116.7,77.8,40.0,1997-12-25,1998-01-22,1998-01-14,20,1
10796,10796-64,19971225,19980114,HILAA,3,64,1,VEN-CA,35,33.25,0.2,26.52,1163.75,931.0,698.25,232.75,25.0,1997-12-25,1998-01-22,1998-01-14,20,1
10796,10796-69,19971225,19980114,HILAA,3,69,1,VEN-CA,24,36.0,0.2,26.52,864.0,691.2,518.4,172.8,25.0,1997-12-25,1998-01-22,1998-01-14,20,1
10797,10797-11,19971225,19980105,DRACD,7,11,2,GER-BE,20,21.0,0.0,33.35,420.0,420.0,252.0,168.0,40.0,1997-12-25,1998-01-22,1998-01-05,11,1
10798,10798-62,19971226,19980105,ISLAT,2,62,1,UK-LO,2,49.3,0.0,2.33,98.6,98.6,59.16,39.44,40.0,1997-12-26,1998-01-23,1998-01-05,10,1
10798,10798-72,19971226,19980105,ISLAT,2,72,1,UK-LO,10,34.8,0.0,2.33,348.0,348.0,208.8,139.2,40.0,1997-12-26,1998-01-23,1998-01-05,10,1
10799,10799-13,19971226,19980105,KOENE,9,13,3,GER-BE,20,6.0,0.15,30.76,120.0,102.0,72.0,30.0,29.41,1997-12-26,1998-02-06,1998-01-05,10,1
10799,10799-24,19971226,19980105,KOENE,9,24,3,GER-BE,20,4.5,0.15,30.76,90.0,76.5,54.0,22.5,29.41,1997-12-26,1998-02-06,1998-01-05,10,1
10799,10799-59,19971226,19980105,KOENE,9,59,3,GER-BE,25,55.0,0.0,30.76,1375.0,1375.0,825.0,550.0,40.0,1997-12-26,1998-02-06,1998-01-05,10,1
10800,10800-11,19971226,19980105,SEVES,1,11,3,UK-LO,50,21.0,0.1,137.44,1050.0,945.0,630.0,315.0,33.33,1997-12-26,1998-01-23,1998-01-05,10,1
10800,10800-51,19971226,19980105,SEVES,1,51,3,UK-LO,10,53.0,0.1,137.44,530.0,477.0,318.0,159.0,33.33,1997-12-26,1998-01-23,1998-01-05,10,1
10800,10800-54,19971226,19980105,SEVES,1,54,3,UK-LO,7,7.45,0.1,137.44,52.15,46.94,31.29,15.65,33.34,1997-12-26,1998-01-23,1998-01-05,10,1
10801,10801-17,19971229,19971231,BOLID,4,17,2,SPA-MA,40,39.0,0.25,97.09,1560.0,1170.0,936.0,234.0,20.0,1997-12-29,1998-01-26,1997-12-31,2,1
10801,10801-29,19971229,19971231,BOLID,4,29,2,SPA-MA,20,123.79,0.25,97.09,2475.8,1856.85,1485.4,371.45,20.0,1997-12-29,1998-01-26,1997-12-31,2,1
10802,10802-30,19971229,19980102,SIMOB,4,30,2,DEN-KO,25,25.89,0.25,257.26,647.25,485.44,388.25,97.19,20.02,1997-12-29,1998-01-26,1998-01-02,4,1
10802,10802-51,19971229,19980102,SIMOB,4,51,2,DEN-KO,30,53.0,0.25,257.26,1590.0,1192.5,954.0,238.5,20.0,1997-12-29,1998-01-26,1998-01-02,4,1
10802,10802-55,19971229,19980102,SIMOB,4,55,2,DEN-KO,60,24.0,0.25,257.26,1440.0,1080.0,864.0,216.0,20.0,1997-12-29,1998-01-26,1998-01-02,4,1
10802,10802-62,19971229,19980102,SIMOB,4,62,2,DEN-KO,5,49.3,0.25,257.26,246.5,184.88,147.9,36.98,20.0,1997-12-29,1998-01-26,1998-01-02,4,1
10803,10803-19,19971230,19980106,WELLI,4,19,1,BRA-SA,24,9.2,0.05,55.23,220.8,209.76,132.48,77.28,36.84,1997-12-30,1998-01-27,1998-01-06,7,1
10803,10803-25,19971230,19980106,WELLI,4,25,1,BRA-SA,15,14.0,0.05,55.23,210.0,199.5,126.0,73.5,36.84,1997-12-30,1998-01-27,1998-01-06,7,1
10803,10803-59,19971230,19980106,WELLI,4,59,1,BRA-SA,15,55.0,0.05,55.23,825.0,783.75,495.0,288.75,36.84,1997-12-30,1998-01-27,1998-01-06,7,1
10804,10804-10,19971230,19980107,SEVES,6,10,2,UK-LO,36,31.0,0.0,27.33,1116.0,1116.0,669.6,446.4,40.0,1997-12-30,1998-01-27,1998-01-07,8,1
10804,10804-28,19971230,19980107,SEVES,6,28,2,UK-LO,24,45.6,0.0,27.33,1094.4,1094.4,656.64,437.76,40.0,1997-12-30,1998-01-27,1998-01-07,8,1
10804,10804-49,19971230,19980107,SEVES,6,49,2,UK-LO,4,20.0,0.15,27.33,80.0,68.0,48.0,20.0,29.41,1997-12-30,1998-01-27,1998-01-07,8,1
10805,10805-34,19971230,19980109,THEBI,2,34,3,USA-EU,10,14.0,0.0,237.34,140.0,140.0,84.0,56.0,40.0,1997-12-30,1998-01-27,1998-01-09,10,1
10805,10805-38,19971230,19980109,THEBI,2,38,3,USA-EU,10,263.5,0.0,237.34,2635.0,2635.0,1581.0,1054.0,40.0,1997-12-30,1998-01-27,1998-01-09,10,1
10806,10806-2,19971231,19980105,VICTE,3,2,2,FRA-ST,20,19.0,0.25,22.11,380.0,285.0,228.0,57.0,20.0,1997-12-31,1998-01-28,1998-01-05,5,1
10806,10806-65,19971231,19980105,VICTE,3,65,2,FRA-ST,2,21.05,0.0,22.11,42.1,42.1,25.26,16.84,40.0,1997-12-31,1998-01-28,1998-01-05,5,1
10806,10806-74,19971231,19980105,VICTE,3,74,2,FRA-ST,15,10.0,0.25,22.11,150.0,112.5,90.0,22.5,20.0,1997-12-31,1998-01-28,1998-01-05,5,1
10807,10807-40,19971231,19980130,FRANS,4,40,1,ITA-TO,1,18.4,0.0,1.36,18.4,18.4,11.04,7.36,40.0,1997-12-31,1998-01-28,1998-01-30,30,0
10808,10808-56,19980101,19980109,OLDWO,2,56,3,USA-EU,20,38.0,0.15,45.53,760.0,646.0,456.0,190.0,29.41,1998-01-01,1998-01-29,1998-01-09,8,1
10808,10808-76,19980101,19980109,OLDWO,2,76,3,USA-EU,50,18.0,0.15,45.53,900.0,765.0,540.0,225.0,29.41,1998-01-01,1998-01-29,1998-01-09,8,1
10809,10809-52,19980101,19980107,WELLI,7,52,1,BRA-SA,20,7.0,0.0,4.87,140.0,140.0,84.0,56.0,40.0,1998-01-01,1998-01-29,1998-01-07,6,1
10810,10810-13,19980101,19980107,LAUGB,2,13,3,CAN-TS,7,6.0,0.0,4.33,42.0,42.0,25.2,16.8,40.0,1998-01-01,1998-01-29,1998-01-07,6,1
10810,10810-25,19980101,19980107,LAUGB,2,25,3,CAN-TS,5,14.0,0.0,4.33,70.0,70.0,42.0,28.0,40.0,1998-01-01,1998-01-29,1998-01-07,6,1
10810,10810-70,19980101,19980107,LAUGB,2,70,3,CAN-TS,5,15.0,0.0,4.33,75.0,75.0,45.0,30.0,40.0,1998-01-01,1998-01-29,1998-01-07,6,1
10811,10811-19,19980102,19980108,LINOD,8,19,1,VEN-CA,15,9.2,0.0,31.22,138.0,138.0,82.8,55.2,40.0,1998-01-02,1998-01-30,1998-01-08,6,1
10811,10811-23,19980102,19980108,LINOD,8,23,1,VEN-CA,18,9.0,0.0,31.22,162.0,162.0,97.2,64.8,40.0,1998-01-02,1998-01-30,1998-01-08,6,1
10811,10811-40,19980102,19980108,LINOD,8,40,1,VEN-CA,30,18.4,0.0,31.22,552.0,552.0,331.2,220.8,40.0,1998-01-02,1998-01-30,1998-01-08,6,1
10812,10812-31,19980102,19980112,REGGC,5,31,1,ITA-TO,16,12.5,0.1,59.78,200.0,180.0,120.0,60.0,33.33,1998-01-02,1998-01-30,1998-01-12,10,1
10812,10812-72,19980102,19980112,REGGC,5,72,1,ITA-TO,40,34.8,0.1,59.78,1392.0,1252.8,835.2,417.6,33.33,1998-01-02,1998-01-30,1998-01-12,10,1
10812,10812-77,19980102,19980112,REGGC,5,77,1,ITA-TO,20,13.0,0.0,59.78,260.0,260.0,156.0,104.0,40.0,1998-01-02,1998-01-30,1998-01-12,10,1
10813,10813-2,19980105,19980109,RICAR,1,2,1,BRA-SA,12,19.0,0.2,47.38,228.0,182.4,136.8,45.6,25.0,1998-01-05,1998-02-02,1998-01-09,4,1
10813,10813-46,19980105,19980109,RICAR,1,46,1,BRA-SA,35,12.0,0.0,47.38,420.0,420.0,252.0,168.0,40.0,1998-01-05,1998-02-02,1998-01-09,4,1
10814,10814-41,19980105,19980114,VICTE,3,41,3,FRA-ST,20,9.65,0.0,130.94,193.0,193.0,115.8,77.2,40.0,1998-01-05,1998-02-02,1998-01-14,9,1
10814,10814-43,19980105,19980114,VICTE,3,43,3,FRA-ST,20,46.0,0.15,130.94,920.0,782.0,552.0,230.0,29.41,1998-01-05,1998-02-02,1998-01-14,9,1
10814,10814-48,19980105,19980114,VICTE,3,48,3,FRA-ST,8,12.75,0.15,130.94,102.0,86.7,61.2,25.5,29.41,1998-01-05,1998-02-02,1998-01-14,9,1
10814,10814-61,19980105,19980114,VICTE,3,61,3,FRA-ST,30,28.5,0.15,130.94,855.0,726.75,513.0,213.75,29.41,1998-01-05,1998-02-02,1998-01-14,9,1
10815,10815-33,19980105,19980114,SAVEA,2,33,3,USA-EU,16,2.5,0.0,14.62,40.0,40.0,24.0,16.0,40.0,1998-01-05,1998-02-02,1998-01-14,9,1
10816,10816-38,19980106,19980204,GREAL,4,38,2,USA-EU,30,263.5,0.05,719.78,7905.0,7509.75,4743.0,2766.75,36.84,1998-01-06,1998-02-03,1998-02-04,29,0
10816,10816-62,19980106,19980204,GREAL,4,62,2,USA-EU,20,49.3,0.05,719.78,986.0,936.7,591.6,345.1,36.84,1998-01-06,1998-02-03,1998-02-04,29,0
10817,10817-26,19980106,19980113,KOENE,3,26,2,GER-BE,40,31.23,0.15,306.07,1249.2,1061.82,749.6,312.22,29.4,1998-01-06,1998-01-20,1998-01-13,7,1
10817,10817-38,19980106,19980113,KOENE,3,38,2,GER-BE,30,263.5,0.0,306.07,7905.0,7905.0,4743.0,3162.0,40.0,1998-01-06,1998-01-20,1998-01-13,7,1
10817,10817-40,19980106,19980113,KOENE,3,40,2,GER-BE,60,18.4,0.15,306.07,1104.0,938.4,662.4,276.0,29.41,1998-01-06,1998-01-20,1998-01-13,7,1
10817,10817-62,19980106,19980113,KOENE,3,62,2,GER-BE,25,49.3,0.15,306.07,1232.5,1047.62,739.5,308.12,29.41,1998-01-06,1998-01-20,1998-01-13,7,1
10818,10818-32,19980107,19980112,MAGAA,7,32,3,ITA-TO,20,32.0,0.0,65.48,640.0,640.0,384.0,256.0,40.0,1998-01-07,1998-02-04,1998-01-12,5,1
10818,10818-41,19980107,19980112,MAGAA,7,41,3,ITA-TO,20,9.65,0.0,65.48,193.0,193.0,115.8,77.2,40.0,1998-01-07,1998-02-04,1998-01-12,5,1
10819,10819-43,19980107,19980116,CACTU,2,43,3,ARG-BU,7,46.0,0.0,19.76,322.0,322.0,193.2,128.8,40.0,1998-01-07,1998-02-04,1998-01-16,9,1
10819,10819-75,19980107,19980116,CACTU,2,75,3,ARG-BU,20,7.75,0.0,19.76,155.0,155.0,93.0,62.0,40.0,1998-01-07,1998-02-04,1998-01-16,9,1
10820,10820-56,19980107,19980113,RATTC,3,56,2,USA-EU,30,38.0,0.0,37.52,1140.0,1140.0,684.0,456.0,40.0,1998-01-07,1998-02-04,1998-01-13,6,1
10821,10821-35,19980108,19980115,SPLIR,1,35,1,USA-EU,20,18.0,0.0,36.68,360.0,360.0,216.0,144.0,40.0,1998-01-08,1998-02-05,1998-01-15,7,1
10821,10821-51,19980108,19980115,SPLIR,1,51,1,USA-EU,6,53.0,0.0,36.68,318.0,318.0,190.8,127.2,40.0,1998-01-08,1998-02-05,1998-01-15,7,1
10822,10822-62,19980108,19980116,TRAIH,6,62,3,USA-EU,3,49.3,0.0,7.0,147.9,147.9,88.74,59.16,40.0,1998-01-08,1998-02-05,1998-01-16,8,1
10822,10822-70,19980108,19980116,TRAIH,6,70,3,USA-EU,6,15.0,0.0,7.0,90.0,90.0,54.0,36.0,40.0,1998-01-08,1998-02-05,1998-01-16,8,1
10823,10823-11,19980109,19980113,LILAS,5,11,2,VEN-CA,20,21.0,0.1,163.97,420.0,378.0,252.0,126.0,33.33,1998-01-09,1998-02-06,1998-01-13,4,1
10823,10823-57,19980109,19980113,LILAS,5,57,2,VEN-CA,15,19.5,0.0,163.97,292.5,292.5,175.5,117.0,40.0,1998-01-09,1998-02-06,1998-01-13,4,1
10823,10823-59,19980109,19980113,LILAS,5,59,2,VEN-CA,40,55.0,0.1,163.97,2200.0,1980.0,1320.0,660.0,33.33,1998-01-09,1998-02-06,1998-01-13,4,1
10823,10823-77,19980109,19980113,LILAS,5,77,2,VEN-CA,15,13.0,0.1,163.97,195.0,175.5,117.0,58.5,33.33,1998-01-09,1998-02-06,1998-01-13,4,1
10824,10824-41,19980109,19980130,FOLKO,8,41,1,SWE-LU,12,9.65,0.0,1.23,115.8,115.8,69.48,46.32,40.0,1998-01-09,1998-02-06,1998-01-30,21,1
10824,10824-70,19980109,19980130,FOLKO,8,70,1,SWE-LU,9,15.0,0.0,1.23,135.0,135.0,81.0,54.0,40.0,1998-01-09,1998-02-06,1998-01-30,21,1
10825,10825-26,19980109,19980114,DRACD,1,26,1,GER-BE,12,31.23,0.0,79.25,374.76,374.76,224.88,149.88,39.99,1998-01-09,1998-02-06,1998-01-14,5,1
10825,10825-53,19980109,19980114,DRACD,1,53,1,GER-BE,20,32.8,0.0,79.25,656.0,656.0,393.6,262.4,40.0,1998-01-09,1998-02-06,1998-01-14,5,1
10826,10826-31,19980112,19980206,BLONP,6,31,1,FRA-ST,35,12.5,0.0,7.09,437.5,437.5,262.5,175.0,40.0,1998-01-12,1998-02-09,1998-02-06,25,1
10826,10826-57,19980112,19980206,BLONP,6,57,1,FRA-ST,15,19.5,0.0,7.09,292.5,292.5,175.5,117.0,40.0,1998-01-12,1998-02-09,1998-02-06,25,1
10827,10827-10,19980112,19980206,BONAP,1,10,2,FRA-ST,15,31.0,0.0,63.54,465.0,465.0,279.0,186.0,40.0,1998-01-12,1998-01-26,1998-02-06,25,0
10827,10827-39,19980112,19980206,BONAP,1,39,2,FRA-ST,21,18.0,0.0,63.54,378.0,378.0,226.8,151.2,40.0,1998-01-12,1998-01-26,1998-02-06,25,0
10828,10828-20,19980113,19980204,RANCH,9,20,1,ARG-BU,5,81.0,0.0,90.85,405.0,405.0,243.0,162.0,40.0,1998-01-13,1998-01-27,1998-02-04,22,0
10828,10828-38,19980113,19980204,RANCH,9,38,1,ARG-BU,2,263.5,0.0,90.85,527.0,527.0,316.2,210.8,40.0,1998-01-13,1998-01-27,1998-02-04,22,0
10829,10829-2,19980113,19980123,ISLAT,9,2,1,UK-LO,10,19.0,0.0,154.72,190.0,190.0,114.0,76.0,40.0,1998-01-13,1998-02-10,1998-01-23,10,1
10829,10829-8,19980113,19980123,ISLAT,9,8,1,UK-LO,20,40.0,0.0,154.72,800.0,800.0,480.0,320.0,40.0,1998-01-13,1998-02-10,1998-01-23,10,1
10829,10829-13,19980113,19980123,ISLAT,9,13,1,UK-LO,10,6.0,0.0,154.72,60.0,60.0,36.0,24.0,40.0,1998-01-13,1998-02-10,1998-01-23,10,1
10829,10829-60,19980113,19980123,ISLAT,9,60,1,UK-LO,21,34.0,0.0,154.72,714.0,714.0,428.4,285.6,40.0,1998-01-13,1998-02-10,1998-01-23,10,1
10830,10830-6,19980113,19980121,TRADH,4,6,2,BRA-SA,6,25.0,0.0,81.83,150.0,150.0,90.0,60.0,40.0,1998-01-13,1998-02-24,1998-01-21,8,1
10830,10830-39,19980113,19980121,TRADH,4,39,2,BRA-SA,28,18.0,0.0,81.83,504.0,504.0,302.4,201.6,40.0,1998-01-13,1998-02-24,1998-01-21,8,1
10830,10830-60,19980113,19980121,TRADH,4,60,2,BRA-SA,30,34.0,0.0,81.83,1020.0,1020.0,612.0,408.0,40.0,1998-01-13,1998-02-24,1998-01-21,8,1
10830,10830-68,19980113,19980121,TRADH,4,68,2,BRA-SA,24,12.5,0.0,81.83,300.0,300.0,180.0,120.0,40.0,1998-01-13,1998-02-24,1998-01-21,8,1
10831,10831-19,19980114,19980123,SANTG,3,19,2,NOR-ST,2,9.2,0.0,72.19,18.4,18.4,11.04,7.36,40.0,1998-01-14,1998-02-11,1998-01-23,9,1
10831,10831-35,19980114,19980123,SANTG,3,35,2,NOR-ST,8,18.0,0.0,72.19,144.0,144.0,86.4,57.6,40.0,1998-01-14,1998-02-11,1998-01-23,9,1
10831,10831-38,19980114,19980123,SANTG,3,38,2,NOR-ST,8,263.5,0.0,72.19,2108.0,2108.0,1264.8,843.2,40.0,1998-01-14,1998-02-11,1998-01-23,9,1
10831,10831-43,19980114,19980123,SANTG,3,43,2,NOR-ST,9,46.0,0.0,72.19,414.0,414.0,248.4,165.6,40.0,1998-01-14,1998-02-11,1998-01-23,9,1
10832,10832-13,19980114,19980119,LAMAI,2,13,2,FRA-ST,3,6.0,0.2,43.26,18.0,14.4,10.8,3.6,25.0,1998-01-14,1998-02-11,1998-01-19,5,1
10832,10832-25,19980114,19980119,LAMAI,2,25,2,FRA-ST,10,14.0,0.2,43.26,140.0,112.0,84.0,28.0,25.0,1998-01-14,1998-02-11,1998-01-19,5,1
10832,10832-44,19980114,19980119,LAMAI,2,44,2,FRA-ST,16,19.45,0.2,43.26,311.2,248.96,186.72,62.24,25.0,1998-01-14,1998-02-11,1998-01-19,5,1
10832,10832-64,19980114,19980119,LAMAI,2,64,2,FRA-ST,3,33.25,0.0,43.26,99.75,99.75,59.85,39.9,40.0,1998-01-14,1998-02-11,1998-01-19,5,1
10833,10833-7,19980115,19980123,OTTIK,6,7,2,GER-BE,20,30.0,0.1,71.49,600.0,540.0,360.0,180.0,33.33,1998-01-15,1998-02-12,1998-01-23,8,1
10833,10833-31,19980115,19980123,OTTIK,6,31,2,GER-BE,9,12.5,0.1,71.49,112.5,101.25,67.5,33.75,33.33,1998-01-15,1998-02-12,1998-01-23,8,1
10833,10833-53,19980115,19980123,OTTIK,6,53,2,GER-BE,9,32.8,0.1,71.49,295.2,265.68,177.12,88.56,33.33,1998-01-15,1998-02-12,1998-01-23,8,1
10834,10834-29,19980115,19980119,TRADH,1,29,3,BRA-SA,8,123.79,0.05,29.78,990.32,940.8,594.16,346.64,36.85,1998-01-15,1998-02-12,1998-01-19,4,1
10834,10834-30,19980115,19980119,TRADH,1,30,3,BRA-SA,20,25.89,0.05,29.78,517.8,491.91,310.6,181.31,36.86,1998-01-15,1998-02-12,1998-01-19,4,1
10835,10835-59,19980115,19980121,ALFKI,1,59,3,GER-BE,15,55.0,0.0,69.53,825.0,825.0,495.0,330.0,40.0,1998-01-15,1998-02-12,1998-01-21,6,1
10835,10835-77,19980115,19980121,ALFKI,1,77,3,GER-BE,2,13.0,0.2,69.53,26.0,20.8,15.6,5.2,25.0,1998-01-15,1998-02-12,1998-01-21,6,1
10836,10836-22,19980116,19980121,ERNSH,7,22,1,AUS-GR,52,21.0,0.0,411.88,1092.0,1092.0,655.2,436.8,40.0,1998-01-16,1998-02-13,1998-01-21,5,1
10836,10836-35,19980116,19980121,ERNSH,7,35,1,AUS-GR,6,18.0,0.0,411.88,108.0,108.0,64.8,43.2,40.0,1998-01-16,1998-02-13,1998-01-21,5,1
10836,10836-57,19980116,19980121,ERNSH,7,57,1,AUS-GR,24,19.5,0.0,411.88,468.0,468.0,280.8,187.2,40.0,1998-01-16,1998-02-13,1998-01-21,5,1
10836,10836-60,19980116,19980121,ERNSH,7,60,1,AUS-GR,60,34.0,0.0,411.88,2040.0,2040.0,1224.0,816.0,40.0,1998-01-16,1998-02-13,1998-01-21,5,1
10836,10836-64,19980116,19980121,ERNSH,7,64,1,AUS-GR,30,33.25,0.0,411.88,997.5,997.5,598.5,399.0,40.0,1998-01-16,1998-02-13,1998-01-21,5,1
10837,10837-13,19980116,19980123,BERGS,9,13,3,SWE-LU,6,6.0,0.0,13.32,36.0,36.0,21.6,14.4,40.0,1998-01-16,1998-02-13,1998-01-23,7,1
10837,10837-40,19980116,19980123,BERGS,9,40,3,SWE-LU,25,18.4,0.0,13.32,460.0,460.0,276.0,184.0,40.0,1998-01-16,1998-02-13,1998-01-23,7,1
10837,10837-47,19980116,19980123,BERGS,9,47,3,SWE-LU,40,9.5,0.25,13.32,380.0,285.0,228.0,57.0,20.0,1998-01-16,1998-02-13,1998-01-23,7,1
10837,10837-76,19980116,19980123,BERGS,9,76,3,SWE-LU,21,18.0,0.25,13.32,378.0,283.5,226.8,56.7,20.0,1998-01-16,1998-02-13,1998-01-23,7,1
10838,10838-1,19980119,19980123,LINOD,3,1,3,VEN-CA,4,18.0,0.25,59.28,72.0,54.0,43.2,10.8,20.0,1998-01-19,1998-02-16,1998-01-23,4,1
10838,10838-18,19980119,19980123,LINOD,3,18,3,VEN-CA,25,62.5,0.25,59.28,1562.5,1171.88,937.5,234.38,20.0,1998-01-19,1998-02-16,1998-01-23,4,1
10838,10838-36,19980119,19980123,LINOD,3,36,3,VEN-CA,50,19.0,0.25,59.28,950.0,712.5,570.0,142.5,20.0,1998-01-19,1998-02-16,1998-01-23,4,1
10839,10839-58,19980119,19980122,TRADH,3,58,3,BRA-SA,30,13.25,0.1,35.43,397.5,357.75,238.5,119.25,33.33,1998-01-19,1998-02-16,1998-01-22,3,1
10839,10839-72,19980119,19980122,TRADH,3,72,3,BRA-SA,15,34.8,0.1,35.43,522.0,469.8,313.2,156.6,33.33,1998-01-19,1998-02-16,1998-01-22,3,1
10840,10840-25,19980119,19980216,LINOD,4,25,2,VEN-CA,6,14.0,0.2,2.71,84.0,67.2,50.4,16.8,25.0,1998-01-19,1998-03-02,1998-02-16,28,1
10840,10840-39,19980119,19980216,LINOD,4,39,2,VEN-CA,10,18.0,0.2,2.71,180.0,144.0,108.0,36.0,25.0,1998-01-19,1998-03-02,1998-02-16,28,1
10841,10841-10,19980120,19980129,SUPRD,5,10,2,BEL-BR,16,31.0,0.0,424.3,496.0,496.0,297.6,198.4,40.0,1998-01-20,1998-02-17,1998-01-29,9,1
10841,10841-56,19980120,19980129,SUPRD,5,56,2,BEL-BR,30,38.0,0.0,424.3,1140.0,1140.0,684.0,456.0,40.0,1998-01-20,1998-02-17,1998-01-29,9,1
10841,10841-59,19980120,19980129,SUPRD,5,59,2,BEL-BR,50,55.0,0.0,424.3,2750.0,2750.0,1650.0,1100.0,40.0,1998-01-20,1998-02-17,1998-01-29,9,1
10841,10841-77,19980120,19980129,SUPRD,5,77,2,BEL-BR,15,13.0,0.0,424.3,195.0,195.0,117.0,78.0,40.0,1998-01-20,1998-02-17,1998-01-29,9,1
10842,10842-11,19980120,19980129,TORTU,1,11,3,MEX-MÉ,15,21.0,0.0,54.42,315.0,315.0,189.0,126.0,40.0,1998-01-20,1998-02-17,1998-01-29,9,1
10842,10842-43,19980120,19980129,TORTU,1,43,3,MEX-MÉ,5,46.0,0.0,54.42,230.0,230.0,138.0,92.0,40.0,1998-01-20,1998-02-17,1998-01-29,9,1
10842,10842-68,19980120,19980129,TORTU,1,68,3,MEX-MÉ,20,12.5,0.0,54.42,250.0,250.0,150.0,100.0,40.0,1998-01-20,1998-02-17,1998-01-29,9,1
10842,10842-70,19980120,19980129,TORTU,1,70,3,MEX-MÉ,12,15.0,0.0,54.42,180.0,180.0,108.0,72.0,40.0,1998-01-20,1998-02-17,1998-01-29,9,1
10843,10843-51,19980121,19980126,VICTE,4,51,2,FRA-ST,4,53.0,0.25,9.26,212.0,159.0,127.2,31.8,20.0,1998-01-21,1998-02-18,1998-01-26,5,1
10844,10844-22,19980121,19980126,PICCO,8,22,2,AUS-GR,35,21.0,0.0,25.22,735.0,735.0,441.0,294.0,40.0,1998-01-21,1998-02-18,1998-01-26,5,1
10845,10845-23,19980121,19980130,QUICK,8,23,1,GER-BE,70,9.0,0.1,212.98,630.0,567.0,378.0,189.0,33.33,1998-01-21,1998-02-04,1998-01-30,9,1
10845,10845-35,19980121,19980130,QUICK,8,35,1,GER-BE,25,18.0,0.1,212.98,450.0,405.0,270.0,135.0,33.33,1998-01-21,1998-02-04,1998-01-30,9,1
10845,10845-42,19980121,19980130,QUICK,8,42,1,GER-BE,42,14.0,0.1,212.98,588.0,529.2,352.8,176.4,33.33,1998-01-21,1998-02-04,1998-01-30,9,1
10845,10845-58,19980121,19980130,QUICK,8,58,1,GER-BE,60,13.25,0.1,212.98,795.0,715.5,477.0,238.5,33.33,1998-01-21,1998-02-04,1998-01-30,9,1
10845,10845-64,19980121,19980130,QUICK,8,64,1,GER-BE,48,33.25,0.0,212.98,1596.0,1596.0,957.6,638.4,40.0,1998-01-21,1998-02-04,1998-01-30,9,1
10846,10846-4,19980122,19980123,SUPRD,2,4,3,BEL-BR,21,22.0,0.0,56.46,462.0,462.0,277.2,184.8,40.0,1998-01-22,1998-03-05,1998-01-23,1,1
10846,10846-70,19980122,19980123,SUPRD,2,70,3,BEL-BR,30,15.0,0.0,56.46,450.0,450.0,270.0,180.0,40.0,1998-01-22,1998-03-05,1998-01-23,1,1
10846,10846-74,19980122,19980123,SUPRD,2,74,3,BEL-BR,20,10.0,0.0,56.46,200.0,200.0,120.0,80.0,40.0,1998-01-22,1998-03-05,1998-01-23,1,1
10847,10847-1,19980122,19980210,SAVEA,4,1,3,USA-EU,80,18.0,0.2,487.57,1440.0,1152.0,864.0,288.0,25.0,1998-01-22,1998-02-05,1998-02-10,19,0
10847,10847-19,19980122,19980210,SAVEA,4,19,3,USA-EU,12,9.2,0.2,487.57,110.4,88.32,66.24,22.08,25.0,1998-01-22,1998-02-05,1998-02-10,19,0
10847,10847-37,19980122,19980210,SAVEA,4,37,3,USA-EU,60,26.0,0.2,487.57,1560.0,1248.0,936.0,312.0,25.0,1998-01-22,1998-02-05,1998-02-10,19,0
10847,10847-45,19980122,19980210,SAVEA,4,45,3,USA-EU,36,9.5,0.2,487.57,342.0,273.6,205.2,68.4,25.0,1998-01-22,1998-02-05,1998-02-10,19,0
10847,10847-60,19980122,19980210,SAVEA,4,60,3,USA-EU,45,34.0,0.2,487.57,1530.0,1224.0,918.0,306.0,25.0,1998-01-22,1998-02-05,1998-02-10,19,0
10847,10847-71,19980122,19980210,SAVEA,4,71,3,USA-EU,55,21.5,0.2,487.57,1182.5,946.0,709.5,236.5,25.0,1998-01-22,1998-02-05,1998-02-10,19,0
10848,10848-5,19980123,19980129,CONSH,7,5,2,UK-LO,30,21.35,0.0,38.24,640.5,640.5,384.3,256.2,40.0,1998-01-23,1998-02-20,1998-01-29,6,1
10848,10848-9,19980123,19980129,CONSH,7,9,2,UK-LO,3,97.0,0.0,38.24,291.0,291.0,174.6,116.4,40.0,1998-01-23,1998-02-20,1998-01-29,6,1
10849,10849-3,19980123,19980130,KOENE,9,3,2,GER-BE,49,10.0,0.0,0.56,490.0,490.0,294.0,196.0,40.0,1998-01-23,1998-02-20,1998-01-30,7,1
10849,10849-26,19980123,19980130,KOENE,9,26,2,GER-BE,18,31.23,0.15,0.56,562.14,477.82,337.32,140.5,29.4,1998-01-23,1998-02-20,1998-01-30,7,1
10850,10850-25,19980123,19980130,VICTE,1,25,1,FRA-ST,20,14.0,0.15,49.19,280.0,238.0,168.0,70.0,29.41,1998-01-23,1998-03-06,1998-01-30,7,1
10850,10850-33,19980123,19980130,VICTE,1,33,1,FRA-ST,4,2.5,0.15,49.19,10.0,8.5,6.0,2.5,29.41,1998-01-23,1998-03-06,1998-01-30,7,1
10850,10850-70,19980123,19980130,VICTE,1,70,1,FRA-ST,30,15.0,0.15,49.19,450.0,382.5,270.0,112.5,29.41,1998-01-23,1998-03-06,1998-01-30,7,1
10851,10851-2,19980126,19980202,RICAR,5,2,1,BRA-SA,5,19.0,0.05,160.55,95.0,90.25,57.0,33.25,36.84,1998-01-26,1998-02-23,1998-02-02,7,1
10851,10851-25,19980126,19980202,RICAR,5,25,1,BRA-SA,10,14.0,0.05,160.55,140.0,133.0,84.0,49.0,36.84,1998-01-26,1998-02-23,1998-02-02,7,1
10851,10851-57,19980126,19980202,RICAR,5,57,1,BRA-SA,10,19.5,0.05,160.55,195.0,185.25,117.0,68.25,36.84,1998-01-26,1998-02-23,1998-02-02,7,1
10851,10851-59,19980126,19980202,RICAR,5,59,1,BRA-SA,42,55.0,0.05,160.55,2310.0,2194.5,1386.0,808.5,36.84,1998-01-26,1998-02-23,1998-02-02,7,1
10852,10852-2,19980126,19980130,RATTC,8,2,1,USA-EU,15,19.0,0.0,174.05,285.0,285.0,171.0,114.0,40.0,1998-01-26,1998-02-09,1998-01-30,4,1
10852,10852-17,19980126,19980130,RATTC,8,17,1,USA-EU,6,39.0,0.0,174.05,234.0,234.0,140.4,93.6,40.0,1998-01-26,1998-02-09,1998-01-30,4,1
10852,10852-62,19980126,19980130,RATTC,8,62,1,USA-EU,50,49.3,0.0,174.05,2465.0,2465.0,1479.0,986.0,40.0,1998-01-26,1998-02-09,1998-01-30,4,1
10853,10853-18,19980127,19980203,BLAUS,9,18,2,GER-BE,10,62.5,0.0,53.83,625.0,625.0,375.0,250.0,40.0,1998-01-27,1998-02-24,1998-02-03,7,1
10854,10854-10,19980127,19980205,ERNSH,3,10,2,AUS-GR,100,31.0,0.15,100.22,3100.0,2635.0,1860.0,775.0,29.41,1998-01-27,1998-02-24,1998-02-05,9,1
10854,10854-13,19980127,19980205,ERNSH,3,13,2,AUS-GR,65,6.0,0.15,100.22,390.0,331.5,234.0,97.5,29.41,1998-01-27,1998-02-24,1998-02-05,9,1
10855,10855-16,19980127,19980204,OLDWO,3,16,1,USA-EU,50,17.45,0.0,170.97,872.5,872.5,523.5,349.0,40.0,1998-01-27,1998-02-24,1998-02-04,8,1
10855,10855-31,19980127,19980204,OLDWO,3,31,1,USA-EU,14,12.5,0.0,170.97,175.0,175.0,105.0,70.0,40.0,1998-01-27,1998-02-24,1998-02-04,8,1
10855,10855-56,19980127,19980204,OLDWO,3,56,1,USA-EU,24,38.0,0.0,170.97,912.0,912.0,547.2,364.8,40.0,1998-01-27,1998-02-24,1998-02-04,8,1
10855,10855-65,19980127,19980204,OLDWO,3,65,1,USA-EU,15,21.05,0.15,170.97,315.75,268.39,189.45,78.94,29.41,1998-01-27,1998-02-24,1998-02-04,8,1
10856,10856-2,19980128,19980210,ANTON,3,2,2,MEX-MÉ,20,19.0,0.0,58.43,380.0,380.0,228.0,152.0,40.0,1998-01-28,1998-02-25,1998-02-10,13,1
10856,10856-42,19980128,19980210,ANTON,3,42,2,MEX-MÉ,20,14.0,0.0,58.43,280.0,280.0,168.0,112.0,40.0,1998-01-28,1998-02-25,1998-02-10,13,1
10857,10857-3,19980128,19980206,BERGS,8,3,2,SWE-LU,30,10.0,0.0,188.85,300.0,300.0,180.0,120.0,40.0,1998-01-28,1998-02-25,1998-02-06,9,1
10857,10857-26,19980128,19980206,BERGS,8,26,2,SWE-LU,35,31.23,0.25,188.85,1093.05,819.79,655.9,163.89,19.99,1998-01-28,1998-02-25,1998-02-06,9,1
10857,10857-29,19980128,19980206,BERGS,8,29,2,SWE-LU,10,123.79,0.25,188.85,1237.9,928.43,742.7,185.73,20.0,1998-01-28,1998-02-25,1998-02-06,9,1
10858,10858-7,19980129,19980203,LACOR,2,7,1,FRA-ST,5,30.0,0.0,52.51,150.0,150.0,90.0,60.0,40.0,1998-01-29,1998-02-26,1998-02-03,5,1
10858,10858-27,19980129,19980203,LACOR,2,27,1,FRA-ST,10,43.9,0.0,52.51,439.0,439.0,263.4,175.6,40.0,1998-01-29,1998-02-26,1998-02-03,5,1
10858,10858-70,19980129,19980203,LACOR,2,70,1,FRA-ST,4,15.0,0.0,52.51,60.0,60.0,36.0,24.0,40.0,1998-01-29,1998-02-26,1998-02-03,5,1
10859,10859-24,19980129,19980202,FRANK,1,24,2,GER-BE,40,4.5,0.25,76.1,180.0,135.0,108.0,27.0,20.0,1998-01-29,1998-02-26,1998-02-02,4,1
10859,10859-54,19980129,19980202,FRANK,1,54,2,GER-BE,35,7.45,0.25,76.1,260.75,195.56,156.45,39.11,20.0,1998-01-29,1998-02-26,1998-02-02,4,1
10859,10859-64,19980129,19980202,FRANK,1,64,2,GER-BE,30,33.25,0.25,76.1,997.5,748.12,598.5,149.62,20.0,1998-01-29,1998-02-26,1998-02-02,4,1
10860,10860-51,19980129,19980204,FRANR,3,51,3,FRA-ST,3,53.0,0.0,19.26,159.0,159.0,95.4,63.6,40.0,1998-01-29,1998-02-26,1998-02-04,6,1
10860,10860-76,19980129,19980204,FRANR,3,76,3,FRA-ST,20,18.0,0.0,19.26,360.0,360.0,216.0,144.0,40.0,1998-01-29,1998-02-26,1998-02-04,6,1
10861,10861-17,19980130,19980217,WHITC,4,17,2,USA-EU,42,39.0,0.0,14.93,1638.0,1638.0,982.8,655.2,40.0,1998-01-30,1998-02-27,1998-02-17,18,1
10861,10861-18,19980130,19980217,WHITC,4,18,2,USA-EU,20,62.5,0.0,14.93,1250.0,1250.0,750.0,500.0,40.0,1998-01-30,1998-02-27,1998-02-17,18,1
10861,10861-21,19980130,19980217,WHITC,4,21,2,USA-EU,40,10.0,0.0,14.93,400.0,400.0,240.0,160.0,40.0,1998-01-30,1998-02-27,1998-02-17,18,1
10861,10861-33,19980130,19980217,WHITC,4,33,2,USA-EU,35,2.5,0.0,14.93,87.5,87.5,52.5,35.0,40.0,1998-01-30,1998-02-27,1998-02-17,18,1
10861,10861-62,19980130,19980217,WHITC,4,62,2,USA-EU,3,49.3,0.0,14.93,147.9,147.9,88.74,59.16,40.0,1998-01-30,1998-02-27,1998-02-17,18,1
10862,10862-11,19980130,19980202,LEHMS,8,11,2,GER-BE,25,21.0,0.0,53.23,525.0,525.0,315.0,210.0,40.0,1998-01-30,1998-03-13,1998-02-02,3,1
10862,10862-52,19980130,19980202,LEHMS,8,52,2,GER-BE,8,7.0,0.0,53.23,56.0,56.0,33.6,22.4,40.0,1998-01-30,1998-03-13,1998-02-02,3,1
10863,10863-1,19980202,19980217,HILAA,4,1,2,VEN-CA,20,18.0,0.15,30.26,360.0,306.0,216.0,90.0,29.41,1998-02-02,1998-03-02,1998-02-17,15,1
10863,10863-58,19980202,19980217,HILAA,4,58,2,VEN-CA,12,13.25,0.15,30.26,159.0,135.15,95.4,39.75,29.41,1998-02-02,1998-03-02,1998-02-17,15,1
10864,10864-35,19980202,19980209,AROUT,4,35,2,UK-LO,4,18.0,0.0,3.04,72.0,72.0,43.2,28.8,40.0,1998-02-02,1998-03-02,1998-02-09,7,1
10864,10864-67,19980202,19980209,AROUT,4,67,2,UK-LO,15,14.0,0.0,3.04,210.0,210.0,126.0,84.0,40.0,1998-02-02,1998-03-02,1998-02-09,7,1
10865,10865-38,19980202,19980212,QUICK,2,38,1,GER-BE,60,263.5,0.05,348.14,15810.0,15019.5,9486.0,5533.5,36.84,1998-02-02,1998-02-16,1998-02-12,10,1
10865,10865-39,19980202,19980212,QUICK,2,39,1,GER-BE,80,18.0,0.05,348.14,1440.0,1368.0,864.0,504.0,36.84,1998-02-02,1998-02-16,1998-02-12,10,1
10866,10866-2,19980203,19980212,BERGS,5,2,1,SWE-LU,21,19.0,0.25,109.11,399.0,299.25,239.4,59.85,20.0,1998-02-03,1998-03-03,1998-02-12,9,1
10866,10866-24,19980203,19980212,BERGS,5,24,1,SWE-LU,6,4.5,0.25,109.11,27.0,20.25,16.2,4.05,20.0,1998-02-03,1998-03-03,1998-02-12,9,1
10866,10866-30,19980203,19980212,BERGS,5,30,1,SWE-LU,40,25.89,0.25,109.11,1035.6,776.7,621.2,155.5,20.02,1998-02-03,1998-03-03,1998-02-12,9,1
10867,10867-53,19980203,19980211,LONEP,6,53,1,USA-EU,3,32.8,0.0,1.93,98.4,98.4,59.04,39.36,40.0,1998-02-03,1998-03-17,1998-02-11,8,1
10868,10868-26,19980204,19980223,QUEEN,7,26,2,BRA-SA,20,31.23,0.0,191.27,624.6,624.6,374.8,249.8,39.99,1998-02-04,1998-03-04,1998-02-23,19,1
10868,10868-35,19980204,19980223,QUEEN,7,35,2,BRA-SA,30,18.0,0.0,191.27,540.0,540.0,324.0,216.0,40.0,1998-02-04,1998-03-04,1998-02-23,19,1
10868,10868-49,19980204,19980223,QUEEN,7,49,2,BRA-SA,42,20.0,0.1,191.27,840.0,756.0,504.0,252.0,33.33,1998-02-04,1998-03-04,1998-02-23,19,1
10869,10869-1,19980204,19980209,SEVES,5,1,1,UK-LO,40,18.0,0.0,143.28,720.0,720.0,432.0,288.0,40.0,1998-02-04,1998-03-04,1998-02-09,5,1
10869,10869-11,19980204,19980209,SEVES,5,11,1,UK-LO,10,21.0,0.0,143.28,210.0,210.0,126.0,84.0,40.0,1998-02-04,1998-03-04,1998-02-09,5,1
10869,10869-23,19980204,19980209,SEVES,5,23,1,UK-LO,50,9.0,0.0,143.28,450.0,450.0,270.0,180.0,40.0,1998-02-04,1998-03-04,1998-02-09,5,1
10869,10869-68,19980204,19980209,SEVES,5,68,1,UK-LO,20,12.5,0.0,143.28,250.0,250.0,150.0,100.0,40.0,1998-02-04,1998-03-04,1998-02-09,5,1
10870,10870-35,19980204,19980213,WOLZA,5,35,3,POL-WA,3,18.0,0.0,12.04,54.0,54.0,32.4,21.6,40.0,1998-02-04,1998-03-04,1998-02-13,9,1
10870,10870-51,19980204,19980213,WOLZA,5,51,3,POL-WA,2,53.0,0.0,12.04,106.0,106.0,63.6,42.4,40.0,1998-02-04,1998-03-04,1998-02-13,9,1
10871,10871-6,19980205,19980210,BONAP,9,6,2,FRA-ST,50,25.0,0.05,112.27,1250.0,1187.5,750.0,437.5,36.84,1998-02-05,1998-03-05,1998-02-10,5,1
10871,10871-16,19980205,19980210,BONAP,9,16,2,FRA-ST,12,17.45,0.05,112.27,209.4,198.93,125.64,73.29,36.84,1998-02-05,1998-03-05,1998-02-10,5,1
10871,10871-17,19980205,19980210,BONAP,9,17,2,FRA-ST,16,39.0,0.05,112.27,624.0,592.8,374.4,218.4,36.84,1998-02-05,1998-03-05,1998-02-10,5,1
10872,10872-55,19980205,19980209,GODOS,5,55,2,SPA-MA,10,24.0,0.05,175.32,240.0,228.0,144.0,84.0,36.84,1998-02-05,1998-03-05,1998-02-09,4,1
10872,10872-62,19980205,19980209,GODOS,5,62,2,SPA-MA,20,49.3,0.05,175.32,986.0,936.7,591.6,345.1,36.84,1998-02-05,1998-03-05,1998-02-09,4,1
10872,10872-64,19980205,19980209,GODOS,5,64,2,SPA-MA,15,33.25,0.05,175.32,498.75,473.81,299.25,174.56,36.84,1998-02-05,1998-03-05,1998-02-09,4,1
10872,10872-65,19980205,19980209,GODOS,5,65,2,SPA-MA,21,21.05,0.05,175.32,442.05,419.95,265.23,154.72,36.84,1998-02-05,1998-03-05,1998-02-09,4,1
10873,10873-21,19980206,19980209,WILMK,4,21,1,FIN-OU,20,10.0,0.0,0.82,200.0,200.0,120.0,80.0,40.0,1998-02-06,1998-03-06,1998-02-09,3,1
10873,10873-28,19980206,19980209,WILMK,4,28,1,FIN-OU,3,45.6,0.0,0.82,136.8,136.8,82.08,54.72,40.0,1998-02-06,1998-03-06,1998-02-09,3,1
10874,10874-10,19980206,19980211,GODOS,5,10,2,SPA-MA,10,31.0,0.0,19.58,310.0,310.0,186.0,124.0,40.0,1998-02-06,1998-03-06,1998-02-11,5,1
10875,10875-19,19980206,19980303,BERGS,4,19,2,SWE-LU,25,9.2,0.0,32.37,230.0,230.0,138.0,92.0,40.0,1998-02-06,1998-03-06,1998-03-03,25,1
10875,10875-47,19980206,19980303,BERGS,4,47,2,SWE-LU,21,9.5,0.1,32.37,199.5,179.55,119.7,59.85,33.33,1998-02-06,1998-03-06,1998-03-03,25,1
10875,10875-49,19980206,19980303,BERGS,4,49,2,SWE-LU,15,20.0,0.0,32.37,300.0,300.0,180.0,120.0,40.0,1998-02-06,1998-03-06,1998-03-03,25,1
10876,10876-46,19980209,19980212,BONAP,7,46,3,FRA-ST,21,12.0,0.0,60.42,252.0,252.0,151.2,100.8,40.0,1998-02-09,1998-03-09,1998-02-12,3,1
10876,10876-64,19980209,19980212,BONAP,7,64,3,FRA-ST,20,33.25,0.0,60.42,665.0,665.0,399.0,266.0,40.0,1998-02-09,1998-03-09,1998-02-12,3,1
10877,10877-16,19980209,19980219,RICAR,1,16,1,BRA-SA,30,17.45,0.25,38.06,523.5,392.62,314.1,78.52,20.0,1998-02-09,1998-03-09,1998-02-19,10,1
10877,10877-18,19980209,19980219,RICAR,1,18,1,BRA-SA,25,62.5,0.0,38.06,1562.5,1562.5,937.5,625.0,40.0,1998-02-09,1998-03-09,1998-02-19,10,1
10878,10878-20,19980210,19980212,QUICK,4,20,1,GER-BE,20,81.0,0.05,46.69,1620.0,1539.0,972.0,567.0,36.84,1998-02-10,1998-03-10,1998-02-12,2,1
10879,10879-40,19980210,19980212,WILMK,3,40,3,FIN-OU,12,18.4,0.0,8.5,220.8,220.8,132.48,88.32,40.0,1998-02-10,1998-03-10,1998-02-12,2,1
10879,10879-65,19980210,19980212,WILMK,3,65,3,FIN-OU,10,21.05,0.0,8.5,210.5,210.5,126.3,84.2,40.0,1998-02-10,1998-03-10,1998-02-12,2,1
10879,10879-76,19980210,19980212,WILMK,3,76,3,FIN-OU,10,18.0,0.0,8.5,180.0,180.0,108.0,72.0,40.0,1998-02-10,1998-03-10,1998-02-12,2,1
10880,10880-23,19980210,19980218,FOLKO,7,23,1,SWE-LU,30,9.0,0.2,88.01,270.0,216.0,162.0,54.0,25.0,1998-02-10,1998-03-24,1998-02-18,8,1
10880,10880-61,19980210,19980218,FOLKO,7,61,1,SWE-LU,30,28.5,0.2,88.01,855.0,684.0,513.0,171.0,25.0,1998-02-10,1998-03-24,1998-02-18,8,1
10880,10880-70,19980210,19980218,FOLKO,7,70,1,SWE-LU,50,15.0,0.2,88.01,750.0,600.0,450.0,150.0,25.0,1998-02-10,1998-03-24,1998-02-18,8,1
10881,10881-73,19980211,19980218,CACTU,4,73,1,ARG-BU,10,15.0,0.0,2.84,150.0,150.0,90.0,60.0,40.0,1998-02-11,1998-03-11,1998-02-18,7,1
10882,10882-42,19980211,19980220,SAVEA,4,42,3,USA-EU,25,14.0,0.0,23.1,350.0,350.0,210.0,140.0,40.0,1998-02-11,1998-03-11,1998-02-20,9,1
10882,10882-49,19980211,19980220,SAVEA,4,49,3,USA-EU,20,20.0,0.15,23.1,400.0,340.0,240.0,100.0,29.41,1998-02-11,1998-03-11,1998-02-20,9,1
10882,10882-54,19980211,19980220,SAVEA,4,54,3,USA-EU,32,7.45,0.15,23.1,238.4,202.64,143.04,59.6,29.41,1998-02-11,1998-03-11,1998-02-20,9,1
10883,10883-24,19980212,19980220,LONEP,8,24,3,USA-EU,8,4.5,0.0,0.53,36.0,36.0,21.6,14.4,40.0,1998-02-12,1998-03-12,1998-02-20,8,1
10884,10884-21,19980212,19980213,LETSS,4,21,2,USA-EU,40,10.0,0.05,90.97,400.0,380.0,240.0,140.0,36.84,1998-02-12,1998-03-12,1998-02-13,1,1
10884,10884-56,19980212,19980213,LETSS,4,56,2,USA-EU,21,38.0,0.05,90.97,798.0,758.1,478.8,279.3,36.84,1998-02-12,1998-03-12,1998-02-13,1,1
10884,10884-65,19980212,19980213,LETSS,4,65,2,USA-EU,12,21.05,0.05,90.97,252.6,239.97,151.56,88.41,36.84,1998-02-12,1998-03-12,1998-02-13,1,1
10885,10885-2,19980212,19980218,SUPRD,6,2,3,BEL-BR,20,19.0,0.0,5.64,380.0,380.0,228.0,152.0,40.0,1998-02-12,1998-03-12,1998-02-18,6,1
10885,10885-24,19980212,19980218,SUPRD,6,24,3,BEL-BR,12,4.5,0.0,5.64,54.0,54.0,32.4,21.6,40.0,1998-02-12,1998-03-12,1998-02-18,6,1
10885,10885-70,19980212,19980218,SUPRD,6,70,3,BEL-BR,30,15.0,0.0,5.64,450.0,450.0,270.0,180.0,40.0,1998-02-12,1998-03-12,1998-02-18,6,1
10885,10885-77,19980212,19980218,SUPRD,6,77,3,BEL-BR,25,13.0,0.0,5.64,325.0,325.0,195.0,130.0,40.0,1998-02-12,1998-03-12,1998-02-18,6,1
10886,10886-10,19980213,19980302,HANAR,1,10,1,BRA-SA,70,31.0,0.0,4.99,2170.0,2170.0,1302.0,868.0,40.0,1998-02-13,1998-03-13,1998-03-02,17,1
10886,10886-31,19980213,19980302,HANAR,1,31,1,BRA-SA,35,12.5,0.0,4.99,437.5,437.5,262.5,175.0,40.0,1998-02-13,1998-03-13,1998-03-02,17,1
10886,10886-77,19980213,19980302,HANAR,1,77,1,BRA-SA,40,13.0,0.0,4.99,520.0,520.0,312.0,208.0,40.0,1998-02-13,1998-03-13,1998-03-02,17,1
10887,10887-25,19980213,19980216,GALED,8,25,3,SPA-MA,5,14.0,0.0,1.25,70.0,70.0,42.0,28.0,40.0,1998-02-13,1998-03-13,1998-02-16,3,1
10888,10888-2,19980216,19980223,GODOS,1,2,2,SPA-MA,20,19.0,0.0,51.87,380.0,380.0,228.0,152.0,40.0,1998-02-16,1998-03-16,1998-02-23,7,1
10888,10888-68,19980216,19980223,GODOS,1,68,2,SPA-MA,18,12.5,0.0,51.87,225.0,225.0,135.0,90.0,40.0,1998-02-16,1998-03-16,1998-02-23,7,1
10889,10889-11,19980216,19980223,RATTC,9,11,3,USA-EU,40,21.0,0.0,280.61,840.0,840.0,504.0,336.0,40.0,1998-02-16,1998-03-16,1998-02-23,7,1
10889,10889-38,19980216,19980223,RATTC,9,38,3,USA-EU,40,263.5,0.0,280.61,10540.0,10540.0,6324.0,4216.0,40.0,1998-02-16,1998-03-16,1998-02-23,7,1
10890,10890-17,19980216,19980218,DUMON,7,17,1,FRA-ST,15,39.0,0.0,32.76,585.0,585.0,351.0,234.0,40.0,1998-02-16,1998-03-16,1998-02-18,2,1
10890,10890-34,19980216,19980218,DUMON,7,34,1,FRA-ST,10,14.0,0.0,32.76,140.0,140.0,84.0,56.0,40.0,1998-02-16,1998-03-16,1998-02-18,2,1
10890,10890-41,19980216,19980218,DUMON,7,41,1,FRA-ST,14,9.65,0.0,32.76,135.1,135.1,81.06,54.04,40.0,1998-02-16,1998-03-16,1998-02-18,2,1
10891,10891-30,19980217,19980219,LEHMS,7,30,2,GER-BE,15,25.89,0.05,20.37,388.35,368.93,232.95,135.98,36.86,1998-02-17,1998-03-17,1998-02-19,2,1
10892,10892-59,19980217,19980219,MAISD,4,59,2,BEL-BR,40,55.0,0.05,120.27,2200.0,2090.0,1320.0,770.0,36.84,1998-02-17,1998-03-17,1998-02-19,2,1
10893,10893-8,19980218,19980220,KOENE,9,8,2,GER-BE,30,40.0,0.0,77.78,1200.0,1200.0,720.0,480.0,40.0,1998-02-18,1998-03-18,1998-02-20,2,1
10893,10893-24,19980218,19980220,KOENE,9,24,2,GER-BE,10,4.5,0.0,77.78,45.0,45.0,27.0,18.0,40.0,1998-02-18,1998-03-18,1998-02-20,2,1
10893,10893-29,19980218,19980220,KOENE,9,29,2,GER-BE,24,123.79,0.0,77.78,2970.96,2970.96,1782.48,1188.48,40.0,1998-02-18,1998-03-18,1998-02-20,2,1
10893,10893-30,19980218,19980220,KOENE,9,30,2,GER-BE,35,25.89,0.0,77.78,906.15,906.15,543.55,362.6,40.02,1998-02-18,1998-03-18,1998-02-20,2,1
10893,10893-36,19980218,19980220,KOENE,9,36,2,GER-BE,20,19.0,0.0,77.78,380.0,380.0,228.0,152.0,40.0,1998-02-18,1998-03-18,1998-02-20,2,1
10894,10894-13,19980218,19980220,SAVEA,1,13,1,USA-EU,28,6.0,0.05,116.13,168.0,159.6,100.8,58.8,36.84,1998-02-18,1998-03-18,1998-02-20,2,1
10894,10894-69,19980218,19980220,SAVEA,1,69,1,USA-EU,50,36.0,0.05,116.13,1800.0,1710.0,1080.0,630.0,36.84,1998-02-18,1998-03-18,1998-02-20,2,1
10894,10894-75,19980218,19980220,SAVEA,1,75,1,USA-EU,120,7.75,0.05,116.13,930.0,883.5,558.0,325.5,36.84,1998-02-18,1998-03-18,1998-02-20,2,1
10895,10895-24,19980218,19980223,ERNSH,3,24,1,AUS-GR,110,4.5,0.0,162.75,495.0,495.0,297.0,198.0,40.0,1998-02-18,1998-03-18,1998-02-23,5,1
10895,10895-39,19980218,19980223,ERNSH,3,39,1,AUS-GR,45,18.0,0.0,162.75,810.0,810.0,486.0,324.0,40.0,1998-02-18,1998-03-18,1998-02-23,5,1
10895,10895-40,19980218,19980223,ERNSH,3,40,1,AUS-GR,91,18.4,0.0,162.75,1674.4,1674.4,1004.64,669.76,40.0,1998-02-18,1998-03-18,1998-02-23,5,1
10895,10895-60,19980218,19980223,ERNSH,3,60,1,AUS-GR,100,34.0,0.0,162.75,3400.0,3400.0,2040.0,1360.0,40.0,1998-02-18,1998-03-18,1998-02-23,5,1
10896,10896-45,19980219,19980227,MAISD,7,45,3,BEL-BR,15,9.5,0.0,32.45,142.5,142.5,85.5,57.0,40.0,1998-02-19,1998-03-19,1998-02-27,8,1
10896,10896-56,19980219,19980227,MAISD,7,56,3,BEL-BR,16,38.0,0.0,32.45,608.0,608.0,364.8,243.2,40.0,1998-02-19,1998-03-19,1998-02-27,8,1
10897,10897-29,19980219,19980225,HUNGO,3,29,2,IRE-CO,80,123.79,0.0,603.54,9903.2,9903.2,5941.6,3961.6,40.0,1998-02-19,1998-03-19,1998-02-25,6,1
10897,10897-30,19980219,19980225,HUNGO,3,30,2,IRE-CO,36,25.89,0.0,603.54,932.04,932.04,559.08,372.96,40.02,1998-02-19,1998-03-19,1998-02-25,6,1
10898,10898-13,19980220,19980306,OCEAN,4,13,2,ARG-BU,5,6.0,0.0,1.27,30.0,30.0,18.0,12.0,40.0,1998-02-20,1998-03-20,1998-03-06,14,1
10899,10899-39,19980220,19980226,LILAS,5,39,3,VEN-CA,8,18.0,0.15,1.21,144.0,122.4,86.4,36.0,29.41,1998-02-20,1998-03-20,1998-02-26,6,1
10900,10900-70,19980220,19980304,WELLI,1,70,2,BRA-SA,3,15.0,0.25,1.66,45.0,33.75,27.0,6.75,20.0,1998-02-20,1998-03-20,1998-03-04,12,1
10901,10901-41,19980223,19980226,HILAA,4,41,1,VEN-CA,30,9.65,0.0,62.09,289.5,289.5,173.7,115.8,40.0,1998-02-23,1998-03-23,1998-02-26,3,1
10901,10901-71,19980223,19980226,HILAA,4,71,1,VEN-CA,30,21.5,0.0,62.09,645.0,645.0,387.0,258.0,40.0,1998-02-23,1998-03-23,1998-02-26,3,1
10902,10902-55,19980223,19980303,FOLKO,1,55,1,SWE-LU,30,24.0,0.15,44.15,720.0,612.0,432.0,180.0,29.41,1998-02-23,1998-03-23,1998-03-03,8,1
10902,10902-62,19980223,19980303,FOLKO,1,62,1,SWE-LU,6,49.3,0.15,44.15,295.8,251.43,177.48,73.95,29.41,1998-02-23,1998-03-23,1998-03-03,8,1
10903,10903-13,19980224,19980304,HANAR,3,13,3,BRA-SA,40,6.0,0.0,36.71,240.0,240.0,144.0,96.0,40.0,1998-02-24,1998-03-24,1998-03-04,8,1
10903,10903-65,19980224,19980304,HANAR,3,65,3,BRA-SA,21,21.05,0.0,36.71,442.05,442.05,265.23,176.82,40.0,1998-02-24,1998-03-24,1998-03-04,8,1
10903,10903-68,19980224,19980304,HANAR,3,68,3,BRA-SA,20,12.5,0.0,36.71,250.0,250.0,150.0,100.0,40.0,1998-02-24,1998-03-24,1998-03-04,8,1
10904,10904-58,19980224,19980227,WHITC,3,58,3,USA-EU,15,13.25,0.0,162.95,198.75,198.75,119.25,79.5,40.0,1998-02-24,1998-03-24,1998-02-27,3,1
10904,10904-62,19980224,19980227,WHITC,3,62,3,USA-EU,35,49.3,0.0,162.95,1725.5,1725.5,1035.3,690.2,40.0,1998-02-24,1998-03-24,1998-02-27,3,1
10905,10905-1,19980224,19980306,WELLI,9,1,2,BRA-SA,20,18.0,0.05,13.72,360.0,342.0,216.0,126.0,36.84,1998-02-24,1998-03-24,1998-03-06,10,1
10906,10906-61,19980225,19980303,WOLZA,4,61,3,POL-WA,15,28.5,0.0,26.29,427.5,427.5,256.5,171.0,40.0,1998-02-25,1998-03-11,1998-03-03,6,1
10907,10907-75,19980225,19980227,SPECD,6,75,3,FRA-ST,14,7.75,0.0,9.19,108.5,108.5,65.1,43.4,40.0,1998-02-25,1998-03-25,1998-02-27,2,1
10908,10908-7,19980226,19980306,REGGC,4,7,2,ITA-TO,20,30.0,0.05,32.96,600.0,570.0,360.0,210.0,36.84,1998-02-26,1998-03-26,1998-03-06,8,1
10908,10908-52,19980226,19980306,REGGC,4,52,2,ITA-TO,14,7.0,0.05,32.96,98.0,93.1,58.8,34.3,36.84,1998-02-26,1998-03-26,1998-03-06,8,1
10909,10909-7,19980226,19980310,SANTG,1,7,2,NOR-ST,12,30.0,0.0,53.05,360.0,360.0,216.0,144.0,40.0,1998-02-26,1998-03-26,1998-03-10,12,1
10909,10909-16,19980226,19980310,SANTG,1,16,2,NOR-ST,15,17.45,0.0,53.05,261.75,261.75,157.05,104.7,40.0,1998-02-26,1998-03-26,1998-03-10,12,1
10909,10909-41,19980226,19980310,SANTG,1,41,2,NOR-ST,5,9.65,0.0,53.05,48.25,48.25,28.95,19.3,40.0,1998-02-26,1998-03-26,1998-03-10,12,1
10910,10910-19,19980226,19980304,WILMK,1,19,3,FIN-OU,12,9.2,0.0,38.11,110.4,110.4,66.24,44.16,40.0,1998-02-26,1998-03-26,1998-03-04,6,1
10910,10910-49,19980226,19980304,WILMK,1,49,3,FIN-OU,10,20.0,0.0,38.11,200.0,200.0,120.0,80.0,40.0,1998-02-26,1998-03-26,1998-03-04,6,1
10910,10910-61,19980226,19980304,WILMK,1,61,3,FIN-OU,5,28.5,0.0,38.11,142.5,142.5,85.5,57.0,40.0,1998-02-26,1998-03-26,1998-03-04,6,1
10911,10911-1,19980226,19980305,GODOS,3,1,1,SPA-MA,10,18.0,0.0,38.19,180.0,180.0,108.0,72.0,40.0,1998-02-26,1998-03-26,1998-03-05,7,1
10911,10911-17,19980226,19980305,GODOS,3,17,1,SPA-MA,12,39.0,0.0,38.19,468.0,468.0,280.8,187.2,40.0,1998-02-26,1998-03-26,1998-03-05,7,1
10911,10911-67,19980226,19980305,GODOS,3,67,1,SPA-MA,15,14.0,0.0,38.19,210.0,210.0,126.0,84.0,40.0,1998-02-26,1998-03-26,1998-03-05,7,1
10912,10912-11,19980226,19980318,HUNGO,2,11,2,IRE-CO,40,21.0,0.25,580.91,840.0,630.0,504.0,126.0,20.0,1998-02-26,1998-03-26,1998-03-18,20,1
10912,10912-29,19980226,19980318,HUNGO,2,29,2,IRE-CO,60,123.79,0.25,580.91,7427.4,5570.55,4456.2,1114.35,20.0,1998-02-26,1998-03-26,1998-03-18,20,1
10913,10913-4,19980226,19980304,QUEEN,4,4,1,BRA-SA,30,22.0,0.25,33.05,660.0,495.0,396.0,99.0,20.0,1998-02-26,1998-03-26,1998-03-04,6,1
10913,10913-33,19980226,19980304,QUEEN,4,33,1,BRA-SA,40,2.5,0.25,33.05,100.0,75.0,60.0,15.0,20.0,1998-02-26,1998-03-26,1998-03-04,6,1
10913,10913-58,19980226,19980304,QUEEN,4,58,1,BRA-SA,15,13.25,0.0,33.05,198.75,198.75,119.25,79.5,40.0,1998-02-26,1998-03-26,1998-03-04,6,1
10914,10914-71,19980227,19980302,QUEEN,6,71,1,BRA-SA,25,21.5,0.0,21.19,537.5,537.5,322.5,215.0,40.0,1998-02-27,1998-03-27,1998-03-02,3,1
10915,10915-17,19980227,19980302,TORTU,2,17,2,MEX-MÉ,10,39.0,0.0,3.51,390.0,390.0,234.0,156.0,40.0,1998-02-27,1998-03-27,1998-03-02,3,1
10915,10915-33,19980227,19980302,TORTU,2,33,2,MEX-MÉ,30,2.5,0.0,3.51,75.0,75.0,45.0,30.0,40.0,1998-02-27,1998-03-27,1998-03-02,3,1
10915,10915-54,19980227,19980302,TORTU,2,54,2,MEX-MÉ,10,7.45,0.0,3.51,74.5,74.5,44.7,29.8,40.0,1998-02-27,1998-03-27,1998-03-02,3,1
10916,10916-16,19980227,19980309,RANCH,1,16,2,ARG-BU,6,17.45,0.0,63.77,104.7,104.7,62.82,41.88,40.0,1998-02-27,1998-03-27,1998-03-09,10,1
10916,10916-32,19980227,19980309,RANCH,1,32,2,ARG-BU,6,32.0,0.0,63.77,192.0,192.0,115.2,76.8,40.0,1998-02-27,1998-03-27,1998-03-09,10,1
10916,10916-57,19980227,19980309,RANCH,1,57,2,ARG-BU,20,19.5,0.0,63.77,390.0,390.0,234.0,156.0,40.0,1998-02-27,1998-03-27,1998-03-09,10,1
10917,10917-30,19980302,19980311,ROMEY,4,30,2,SPA-MA,1,25.89,0.0,8.29,25.89,25.89,15.53,10.36,40.02,1998-03-02,1998-03-30,1998-03-11,9,1
10917,10917-60,19980302,19980311,ROMEY,4,60,2,SPA-MA,10,34.0,0.0,8.29,340.0,340.0,204.0,136.0,40.0,1998-03-02,1998-03-30,1998-03-11,9,1
10918,10918-1,19980302,19980311,BOTTM,3,1,3,CAN-TS,60,18.0,0.25,48.83,1080.0,810.0,648.0,162.0,20.0,1998-03-02,1998-03-30,1998-03-11,9,1
10918,10918-60,19980302,19980311,BOTTM,3,60,3,CAN-TS,25,34.0,0.25,48.83,850.0,637.5,510.0,127.5,20.0,1998-03-02,1998-03-30,1998-03-11,9,1
10919,10919-16,19980302,19980304,LINOD,2,16,2,VEN-CA,24,17.45,0.0,19.8,418.8,418.8,251.28,167.52,40.0,1998-03-02,1998-03-30,1998-03-04,2,1
10919,10919-25,19980302,19980304,LINOD,2,25,2,VEN-CA,24,14.0,0.0,19.8,336.0,336.0,201.6,134.4,40.0,1998-03-02,1998-03-30,1998-03-04,2,1
10919,10919-40,19980302,19980304,LINOD,2,40,2,VEN-CA,20,18.4,0.0,19.8,368.0,368.0,220.8,147.2,40.0,1998-03-02,1998-03-30,1998-03-04,2,1
10920,10920-50,19980303,19980309,AROUT,4,50,2,UK-LO,24,16.25,0.0,29.61,390.0,390.0,234.0,156.0,40.0,1998-03-03,1998-03-31,1998-03-09,6,1
10921,10921-35,19980303,19980309,VAFFE,1,35,1,DEN-KO,10,18.0,0.0,176.48,180.0,180.0,108.0,72.0,40.0,1998-03-03,1998-04-14,1998-03-09,6,1
10921,10921-63,19980303,19980309,VAFFE,1,63,1,DEN-KO,40,43.9,0.0,176.48,1756.0,1756.0,1053.6,702.4,40.0,1998-03-03,1998-04-14,1998-03-09,6,1
10922,10922-17,19980303,19980305,HANAR,5,17,3,BRA-SA,15,39.0,0.0,62.74,585.0,585.0,351.0,234.0,40.0,1998-03-03,1998-03-31,1998-03-05,2,1
10922,10922-24,19980303,19980305,HANAR,5,24,3,BRA-SA,35,4.5,0.0,62.74,157.5,157.5,94.5,63.0,40.0,1998-03-03,1998-03-31,1998-03-05,2,1
10923,10923-42,19980303,19980313,LAMAI,7,42,3,FRA-ST,10,14.0,0.2,68.26,140.0,112.0,84.0,28.0,25.0,1998-03-03,1998-04-14,1998-03-13,10,1
10923,10923-43,19980303,19980313,LAMAI,7,43,3,FRA-ST,10,46.0,0.2,68.26,460.0,368.0,276.0,92.0,25.0,1998-03-03,1998-04-14,1998-03-13,10,1
10923,10923-67,19980303,19980313,LAMAI,7,67,3,FRA-ST,24,14.0,0.2,68.26,336.0,268.8,201.6,67.2,25.0,1998-03-03,1998-04-14,1998-03-13,10,1
10924,10924-10,19980304,19980408,BERGS,3,10,2,SWE-LU,20,31.0,0.1,151.52,620.0,558.0,372.0,186.0,33.33,1998-03-04,1998-04-01,1998-04-08,35,0
10924,10924-28,19980304,19980408,BERGS,3,28,2,SWE-LU,30,45.6,0.1,151.52,1368.0,1231.2,820.8,410.4,33.33,1998-03-04,1998-04-01,1998-04-08,35,0
10924,10924-75,19980304,19980408,BERGS,3,75,2,SWE-LU,6,7.75,0.0,151.52,46.5,46.5,27.9,18.6,40.0,1998-03-04,1998-04-01,1998-04-08,35,0
10925,10925-36,19980304,19980313,HANAR,3,36,1,BRA-SA,25,19.0,0.15,2.27,475.0,403.75,285.0,118.75,29.41,1998-03-04,1998-04-01,1998-03-13,9,1
10925,10925-52,19980304,19980313,HANAR,3,52,1,BRA-SA,12,7.0,0.15,2.27,84.0,71.4,50.4,21.0,29.41,1998-03-04,1998-04-01,1998-03-13,9,1
10926,10926-11,19980304,19980311,ANATR,4,11,3,MEX-MÉ,2,21.0,0.0,39.92,42.0,42.0,25.2,16.8,40.0,1998-03-04,1998-04-01,1998-03-11,7,1
10926,10926-13,19980304,19980311,ANATR,4,13,3,MEX-MÉ,10,6.0,0.0,39.92,60.0,60.0,36.0,24.0,40.0,1998-03-04,1998-04-01,1998-03-11,7,1
10926,10926-19,19980304,19980311,ANATR,4,19,3,MEX-MÉ,7,9.2,0.0,39.92,64.4,64.4,38.64,25.76,40.0,1998-03-04,1998-04-01,1998-03-11,7,1
10926,10926-72,19980304,19980311,ANATR,4,72,3,MEX-MÉ,10,34.8,0.0,39.92,348.0,348.0,208.8,139.2,40.0,1998-03-04,1998-04-01,1998-03-11,7,1
10927,10927-20,19980305,19980408,LACOR,4,20,1,FRA-ST,5,81.0,0.0,19.79,405.0,405.0,243.0,162.0,40.0,1998-03-05,1998-04-02,1998-04-08,34,0
10927,10927-52,19980305,19980408,LACOR,4,52,1,FRA-ST,5,7.0,0.0,19.79,35.0,35.0,21.0,14.0,40.0,1998-03-05,1998-04-02,1998-04-08,34,0
10927,10927-76,19980305,19980408,LACOR,4,76,1,FRA-ST,20,18.0,0.0,19.79,360.0,360.0,216.0,144.0,40.0,1998-03-05,1998-04-02,1998-04-08,34,0
10928,10928-47,19980305,19980318,GALED,1,47,1,SPA-MA,5,9.5,0.0,1.36,47.5,47.5,28.5,19.0,40.0,1998-03-05,1998-04-02,1998-03-18,13,1
10928,10928-76,19980305,19980318,GALED,1,76,1,SPA-MA,5,18.0,0.0,1.36,90.0,90.0,54.0,36.0,40.0,1998-03-05,1998-04-02,1998-03-18,13,1
10929,10929-21,19980305,19980312,FRANK,6,21,1,GER-BE,60,10.0,0.0,33.93,600.0,600.0,360.0,240.0,40.0,1998-03-05,1998-04-02,1998-03-12,7,1
10929,10929-75,19980305,19980312,FRANK,6,75,1,GER-BE,49,7.75,0.0,33.93,379.75,379.75,227.85,151.9,40.0,1998-03-05,1998-04-02,1998-03-12,7,1
10929,10929-77,19980305,19980312,FRANK,6,77,1,GER-BE,15,13.0,0.0,33.93,195.0,195.0,117.0,78.0,40.0,1998-03-05,1998-04-02,1998-03-12,7,1
10930,10930-21,19980306,19980318,SUPRD,4,21,3,BEL-BR,36,10.0,0.0,15.55,360.0,360.0,216.0,144.0,40.0,1998-03-06,1998-04-17,1998-03-18,12,1
10930,10930-27,19980306,19980318,SUPRD,4,27,3,BEL-BR,25,43.9,0.0,15.55,1097.5,1097.5,658.5,439.0,40.0,1998-03-06,1998-04-17,1998-03-18,12,1
10930,10930-55,19980306,19980318,SUPRD,4,55,3,BEL-BR,25,24.0,0.2,15.55,600.0,480.0,360.0,120.0,25.0,1998-03-06,1998-04-17,1998-03-18,12,1
10930,10930-58,19980306,19980318,SUPRD,4,58,3,BEL-BR,30,13.25,0.2,15.55,397.5,318.0,238.5,79.5,25.0,1998-03-06,1998-04-17,1998-03-18,12,1
10931,10931-13,19980306,19980319,RICSU,4,13,2,SWI-BE,42,6.0,0.15,13.6,252.0,214.2,151.2,63.0,29.41,1998-03-06,1998-03-20,1998-03-19,13,1
10931,10931-57,19980306,19980319,RICSU,4,57,2,SWI-BE,30,19.5,0.0,13.6,585.0,585.0,351.0,234.0,40.0,1998-03-06,1998-03-20,1998-03-19,13,1
10932,10932-16,19980306,19980324,BONAP,8,16,1,FRA-ST,30,17.45,0.1,134.64,523.5,471.15,314.1,157.05,33.33,1998-03-06,1998-04-03,1998-03-24,18,1
10932,10932-62,19980306,19980324,BONAP,8,62,1,FRA-ST,14,49.3,0.1,134.64,690.2,621.18,414.12,207.06,33.33,1998-03-06,1998-04-03,1998-03-24,18,1
10932,10932-72,19980306,19980324,BONAP,8,72,1,FRA-ST,16,34.8,0.0,134.64,556.8,556.8,334.08,222.72,40.0,1998-03-06,1998-04-03,1998-03-24,18,1
10932,10932-75,19980306,19980324,BONAP,8,75,1,FRA-ST,20,7.75,0.1,134.64,155.0,139.5,93.0,46.5,33.33,1998-03-06,1998-04-03,1998-03-24,18,1
10933,10933-53,19980306,19980316,ISLAT,6,53,3,UK-LO,2,32.8,0.0,54.15,65.6,65.6,39.36,26.24,40.0,1998-03-06,1998-04-03,1998-03-16,10,1
10933,10933-61,19980306,19980316,ISLAT,6,61,3,UK-LO,30,28.5,0.0,54.15,855.0,855.0,513.0,342.0,40.0,1998-03-06,1998-04-03,1998-03-16,10,1
10934,10934-6,19980309,19980312,LEHMS,3,6,3,GER-BE,20,25.0,0.0,32.01,500.0,500.0,300.0,200.0,40.0,1998-03-09,1998-04-06,1998-03-12,3,1
10935,10935-1,19980309,19980318,WELLI,4,1,3,BRA-SA,21,18.0,0.0,47.59,378.0,378.0,226.8,151.2,40.0,1998-03-09,1998-04-06,1998-03-18,9,1
10935,10935-18,19980309,19980318,WELLI,4,18,3,BRA-SA,4,62.5,0.25,47.59,250.0,187.5,150.0,37.5,20.0,1998-03-09,1998-04-06,1998-03-18,9,1
10935,10935-23,19980309,19980318,WELLI,4,23,3,BRA-SA,8,9.0,0.25,47.59,72.0,54.0,43.2,10.8,20.0,1998-03-09,1998-04-06,1998-03-18,9,1
10936,10936-36,19980309,19980318,GREAL,3,36,2,USA-EU,30,19.0,0.2,33.68,570.0,456.0,342.0,114.0,25.0,1998-03-09,1998-04-06,1998-03-18,9,1
10937,10937-28,19980310,19980313,CACTU,7,28,3,ARG-BU,8,45.6,0.0,31.51,364.8,364.8,218.88,145.92,40.0,1998-03-10,1998-03-24,1998-03-13,3,1
10937,10937-34,19980310,19980313,CACTU,7,34,3,ARG-BU,20,14.0,0.0,31.51,280.0,280.0,168.0,112.0,40.0,1998-03-10,1998-03-24,1998-03-13,3,1
10938,10938-13,19980310,19980316,QUICK,3,13,2,GER-BE,20,6.0,0.25,31.89,120.0,90.0,72.0,18.0,20.0,1998-03-10,1998-04-07,1998-03-16,6,1
10938,10938-43,19980310,19980316,QUICK,3,43,2,GER-BE,24,46.0,0.25,31.89,1104.0,828.0,662.4,165.6,20.0,1998-03-10,1998-04-07,1998-03-16,6,1
10938,10938-60,19980310,19980316,QUICK,3,60,2,GER-BE,49,34.0,0.25,31.89,1666.0,1249.5,999.6,249.9,20.0,1998-03-10,1998-04-07,1998-03-16,6,1
10938,10938-71,19980310,19980316,QUICK,3,71,2,GER-BE,35,21.5,0.25,31.89,752.5,564.38,451.5,112.88,20.0,1998-03-10,1998-04-07,1998-03-16,6,1
10939,10939-2,19980310,19980313,MAGAA,2,2,2,ITA-TO,10,19.0,0.15,76.33,190.0,161.5,114.0,47.5,29.41,1998-03-10,1998-04-07,1998-03-13,3,1
10939,10939-67,19980310,19980313,MAGAA,2,67,2,ITA-TO,40,14.0,0.15,76.33,560.0,476.0,336.0,140.0,29.41,1998-03-10,1998-04-07,1998-03-13,3,1
10940,10940-7,19980311,19980323,BONAP,8,7,3,FRA-ST,8,30.0,0.0,19.77,240.0,240.0,144.0,96.0,40.0,1998-03-11,1998-04-08,1998-03-23,12,1
10940,10940-13,19980311,19980323,BONAP,8,13,3,FRA-ST,20,6.0,0.0,19.77,120.0,120.0,72.0,48.0,40.0,1998-03-11,1998-04-08,1998-03-23,12,1
10941,10941-31,19980311,19980320,SAVEA,7,31,2,USA-EU,44,12.5,0.25,400.81,550.0,412.5,330.0,82.5,20.0,1998-03-11,1998-04-08,1998-03-20,9,1
10941,10941-62,19980311,19980320,SAVEA,7,62,2,USA-EU,30,49.3,0.25,400.81,1479.0,1109.25,887.4,221.85,20.0,1998-03-11,1998-04-08,1998-03-20,9,1
10941,10941-68,19980311,19980320,SAVEA,7,68,2,USA-EU,80,12.5,0.25,400.81,1000.0,750.0,600.0,150.0,20.0,1998-03-11,1998-04-08,1998-03-20,9,1
10941,10941-72,19980311,19980320,SAVEA,7,72,2,USA-EU,50,34.8,0.0,400.81,1740.0,1740.0,1044.0,696.0,40.0,1998-03-11,1998-04-08,1998-03-20,9,1
10942,10942-49,19980311,19980318,REGGC,9,49,3,ITA-TO,28,20.0,0.0,17.95,560.0,560.0,336.0,224.0,40.0,1998-03-11,1998-04-08,1998-03-18,7,1
10943,10943-13,19980311,19980319,BSBEV,4,13,2,UK-LO,15,6.0,0.0,2.17,90.0,90.0,54.0,36.0,40.0,1998-03-11,1998-04-08,1998-03-19,8,1
10943,10943-22,19980311,19980319,BSBEV,4,22,2,UK-LO,21,21.0,0.0,2.17,441.0,441.0,264.6,176.4,40.0,1998-03-11,1998-04-08,1998-03-19,8,1
10943,10943-46,19980311,19980319,BSBEV,4,46,2,UK-LO,15,12.0,0.0,2.17,180.0,180.0,108.0,72.0,40.0,1998-03-11,1998-04-08,1998-03-19,8,1
10944,10944-11,19980312,19980313,BOTTM,6,11,3,CAN-TS,5,21.0,0.25,52.92,105.0,78.75,63.0,15.75,20.0,1998-03-12,1998-03-26,1998-03-13,1,1
10944,10944-44,19980312,19980313,BOTTM,6,44,3,CAN-TS,18,19.45,0.25,52.92,350.1,262.58,210.06,52.52,20.0,1998-03-12,1998-03-26,1998-03-13,1,1
10944,10944-56,19980312,19980313,BOTTM,6,56,3,CAN-TS,18,38.0,0.0,52.92,684.0,684.0,410.4,273.6,40.0,1998-03-12,1998-03-26,1998-03-13,1,1
10945,10945-13,19980312,19980318,MORGK,4,13,1,GER-BE,20,6.0,0.0,10.22,120.0,120.0,72.0,48.0,40.0,1998-03-12,1998-04-09,1998-03-18,6,1
10945,10945-31,19980312,19980318,MORGK,4,31,1,GER-BE,10,12.5,0.0,10.22,125.0,125.0,75.0,50.0,40.0,1998-03-12,1998-04-09,1998-03-18,6,1
10946,10946-10,19980312,19980319,VAFFE,1,10,2,DEN-KO,25,31.0,0.0,27.2,775.0,775.0,465.0,310.0,40.0,1998-03-12,1998-04-09,1998-03-19,7,1
10946,10946-24,19980312,19980319,VAFFE,1,24,2,DEN-KO,25,4.5,0.0,27.2,112.5,112.5,67.5,45.0,40.0,1998-03-12,1998-04-09,1998-03-19,7,1
10946,10946-77,19980312,19980319,VAFFE,1,77,2,DEN-KO,40,13.0,0.0,27.2,520.0,520.0,312.0,208.0,40.0,1998-03-12,1998-04-09,1998-03-19,7,1
10947,10947-59,19980313,19980316,BSBEV,3,59,2,UK-LO,4,55.0,0.0,3.26,220.0,220.0,132.0,88.0,40.0,1998-03-13,1998-04-10,1998-03-16,3,1
10948,10948-50,19980313,19980319,GODOS,3,50,3,SPA-MA,9,16.25,0.0,23.39,146.25,146.25,87.75,58.5,40.0,1998-03-13,1998-04-10,1998-03-19,6,1
10948,10948-51,19980313,19980319,GODOS,3,51,3,SPA-MA,40,53.0,0.0,23.39,2120.0,2120.0,1272.0,848.0,40.0,1998-03-13,1998-04-10,1998-03-19,6,1
10948,10948-55,19980313,19980319,GODOS,3,55,3,SPA-MA,4,24.0,0.0,23.39,96.0,96.0,57.6,38.4,40.0,1998-03-13,1998-04-10,1998-03-19,6,1
10949,10949-6,19980313,19980317,BOTTM,2,6,3,CAN-TS,12,25.0,0.0,74.44,300.0,300.0,180.0,120.0,40.0,1998-03-13,1998-04-10,1998-03-17,4,1
10949,10949-10,19980313,19980317,BOTTM,2,10,3,CAN-TS,30,31.0,0.0,74.44,930.0,930.0,558.0,372.0,40.0,1998-03-13,1998-04-10,1998-03-17,4,1
10949,10949-17,19980313,19980317,BOTTM,2,17,3,CAN-TS,6,39.0,0.0,74.44,234.0,234.0,140.4,93.6,40.0,1998-03-13,1998-04-10,1998-03-17,4,1
10949,10949-62,19980313,19980317,BOTTM,2,62,3,CAN-TS,60,49.3,0.0,74.44,2958.0,2958.0,1774.8,1183.2,40.0,1998-03-13,1998-04-10,1998-03-17,4,1
10950,10950-4,19980316,19980323,MAGAA,1,4,2,ITA-TO,5,22.0,0.0,2.5,110.0,110.0,66.0,44.0,40.0,1998-03-16,1998-04-13,1998-03-23,7,1
10951,10951-33,19980316,19980407,RICSU,9,33,2,SWI-BE,15,2.5,0.05,30.85,37.5,35.62,22.5,13.12,36.83,1998-03-16,1998-04-27,1998-04-07,22,1
10951,10951-41,19980316,19980407,RICSU,9,41,2,SWI-BE,6,9.65,0.05,30.85,57.9,55.0,34.74,20.26,36.84,1998-03-16,1998-04-27,1998-04-07,22,1
10951,10951-75,19980316,19980407,RICSU,9,75,2,SWI-BE,50,7.75,0.05,30.85,387.5,368.12,232.5,135.62,36.84,1998-03-16,1998-04-27,1998-04-07,22,1
10952,10952-6,19980316,19980324,ALFKI,1,6,1,GER-BE,16,25.0,0.05,40.42,400.0,380.0,240.0,140.0,36.84,1998-03-16,1998-04-27,1998-03-24,8,1
10952,10952-28,19980316,19980324,ALFKI,1,28,1,GER-BE,2,45.6,0.0,40.42,91.2,91.2,54.72,36.48,40.0,1998-03-16,1998-04-27,1998-03-24,8,1
10953,10953-20,19980316,19980325,AROUT,9,20,2,UK-LO,50,81.0,0.05,23.72,4050.0,3847.5,2430.0,1417.5,36.84,1998-03-16,1998-03-30,1998-03-25,9,1
10953,10953-31,19980316,19980325,AROUT,9,31,2,UK-LO,50,12.5,0.05,23.72,625.0,593.75,375.0,218.75,36.84,1998-03-16,1998-03-30,1998-03-25,9,1
10954,10954-16,19980317,19980320,LINOD,5,16,1,VEN-CA,28,17.45,0.15,27.91,488.6,415.31,293.16,122.15,29.41,1998-03-17,1998-04-28,1998-03-20,3,1
10954,10954-31,19980317,19980320,LINOD,5,31,1,VEN-CA,25,12.5,0.15,27.91,312.5,265.62,187.5,78.12,29.41,1998-03-17,1998-04-28,1998-03-20,3,1
10954,10954-45,19980317,19980320,LINOD,5,45,1,VEN-CA,30,9.5,0.0,27.91,285.0,285.0,171.0,114.0,40.0,1998-03-17,1998-04-28,1998-03-20,3,1
10954,10954-60,19980317,19980320,LINOD,5,60,1,VEN-CA,24,34.0,0.15,27.91,816.0,693.6,489.6,204.0,29.41,1998-03-17,1998-04-28,1998-03-20,3,1
10955,10955-75,19980317,19980320,FOLKO,8,75,2,SWE-LU,12,7.75,0.2,3.26,93.0,74.4,55.8,18.6,25.0,1998-03-17,1998-04-14,1998-03-20,3,1
10956,10956-21,19980317,19980320,BLAUS,6,21,2,GER-BE,12,10.0,0.0,44.65,120.0,120.0,72.0,48.0,40.0,1998-03-17,1998-04-28,1998-03-20,3,1
10956,10956-47,19980317,19980320,BLAUS,6,47,2,GER-BE,14,9.5,0.0,44.65,133.0,133.0,79.8,53.2,40.0,1998-03-17,1998-04-28,1998-03-20,3,1
10956,10956-51,19980317,19980320,BLAUS,6,51,2,GER-BE,8,53.0,0.0,44.65,424.0,424.0,254.4,169.6,40.0,1998-03-17,1998-04-28,1998-03-20,3,1
10957,10957-30,19980318,19980327,HILAA,8,30,3,VEN-CA,30,25.89,0.0,105.36,776.7,776.7,465.9,310.8,40.02,1998-03-18,1998-04-15,1998-03-27,9,1
10957,10957-35,19980318,19980327,HILAA,8,35,3,VEN-CA,40,18.0,0.0,105.36,720.0,720.0,432.0,288.0,40.0,1998-03-18,1998-04-15,1998-03-27,9,1
10957,10957-64,19980318,19980327,HILAA,8,64,3,VEN-CA,8,33.25,0.0,105.36,266.0,266.0,159.6,106.4,40.0,1998-03-18,1998-04-15,1998-03-27,9,1
10958,10958-5,19980318,19980327,OCEAN,7,5,2,ARG-BU,20,21.35,0.0,49.56,427.0,427.0,256.2,170.8,40.0,1998-03-18,1998-04-15,1998-03-27,9,1
10958,10958-7,19980318,19980327,OCEAN,7,7,2,ARG-BU,6,30.0,0.0,49.56,180.0,180.0,108.0,72.0,40.0,1998-03-18,1998-04-15,1998-03-27,9,1
10958,10958-72,19980318,19980327,OCEAN,7,72,2,ARG-BU,5,34.8,0.0,49.56,174.0,174.0,104.4,69.6,40.0,1998-03-18,1998-04-15,1998-03-27,9,1
10959,10959-75,19980318,19980323,GOURL,6,75,2,BRA-SA,20,7.75,0.15,4.98,155.0,131.75,93.0,38.75,29.41,1998-03-18,1998-04-29,1998-03-23,5,1
10960,10960-24,19980319,19980408,HILAA,3,24,1,VEN-CA,10,4.5,0.25,2.08,45.0,33.75,27.0,6.75,20.0,1998-03-19,1998-04-02,1998-04-08,20,0
10960,10960-41,19980319,19980408,HILAA,3,41,1,VEN-CA,24,9.65,0.0,2.08,231.6,231.6,138.96,92.64,40.0,1998-03-19,1998-04-02,1998-04-08,20,0
10961,10961-52,19980319,19980330,QUEEN,8,52,1,BRA-SA,6,7.0,0.05,104.47,42.0,39.9,25.2,14.7,36.84,1998-03-19,1998-04-16,1998-03-30,11,1
10961,10961-76,19980319,19980330,QUEEN,8,76,1,BRA-SA,60,18.0,0.0,104.47,1080.0,1080.0,648.0,432.0,40.0,1998-03-19,1998-04-16,1998-03-30,11,1
10962,10962-7,19980319,19980323,QUICK,8,7,2,GER-BE,45,30.0,0.0,275.79,1350.0,1350.0,810.0,540.0,40.0,1998-03-19,1998-04-16,1998-03-23,4,1
10962,10962-13,19980319,19980323,QUICK,8,13,2,GER-BE,77,6.0,0.0,275.79,462.0,462.0,277.2,184.8,40.0,1998-03-19,1998-04-16,1998-03-23,4,1
10962,10962-53,19980319,19980323,QUICK,8,53,2,GER-BE,20,32.8,0.0,275.79,656.0,656.0,393.6,262.4,40.0,1998-03-19,1998-04-16,1998-03-23,4,1
10962,10962-69,19980319,19980323,QUICK,8,69,2,GER-BE,9,36.0,0.0,275.79,324.0,324.0,194.4,129.6,40.0,1998-03-19,1998-04-16,1998-03-23,4,1
10962,10962-76,19980319,19980323,QUICK,8,76,2,GER-BE,44,18.0,0.0,275.79,792.0,792.0,475.2,316.8,40.0,1998-03-19,1998-04-16,1998-03-23,4,1
10963,10963-60,19980319,19980326,FURIB,9,60,3,POR-LI,2,34.0,0.15,2.7,68.0,57.8,40.8,17.0,29.41,1998-03-19,1998-04-16,1998-03-26,7,1
10964,10964-18,19980320,19980324,SPECD,3,18,2,FRA-ST,6,62.5,0.0,87.38,375.0,375.0,225.0,150.0,40.0,1998-03-20,1998-04-17,1998-03-24,4,1
10964,10964-38,19980320,19980324,SPECD,3,38,2,FRA-ST,5,263.5,0.0,87.38,1317.5,1317.5,790.5,527.0,40.0,1998-03-20,1998-04-17,1998-03-24,4,1
10964,10964-69,19980320,19980324,SPECD,3,69,2,FRA-ST,10,36.0,0.0,87.38,360.0,360.0,216.0,144.0,40.0,1998-03-20,1998-04-17,1998-03-24,4,1
10965,10965-51,19980320,19980330,OLDWO,6,51,3,USA-EU,16,53.0,0.0,144.38,848.0,848.0,508.8,339.2,40.0,1998-03-20,1998-04-17,1998-03-30,10,1
10966,10966-37,19980320,19980408,CHOPS,4,37,1,SWI-BE,8,26.0,0.0,27.19,208.0,208.0,124.8,83.2,40.0,1998-03-20,1998-04-17,1998-04-08,19,1
10966,10966-56,19980320,19980408,CHOPS,4,56,1,SWI-BE,12,38.0,0.15,27.19,456.0,387.6,273.6,114.0,29.41,1998-03-20,1998-04-17,1998-04-08,19,1
10966,10966-62,19980320,19980408,CHOPS,4,62,1,SWI-BE,12,49.3,0.15,27.19,591.6,502.86,354.96,147.9,29.41,1998-03-20,1998-04-17,1998-04-08,19,1
10967,10967-19,19980323,19980402,TOMSP,2,19,2,GER-BE,12,9.2,0.0,62.22,110.4,110.4,66.24,44.16,40.0,1998-03-23,1998-04-20,1998-04-02,10,1
10967,10967-49,19980323,19980402,TOMSP,2,49,2,GER-BE,40,20.0,0.0,62.22,800.0,800.0,480.0,320.0,40.0,1998-03-23,1998-04-20,1998-04-02,10,1
10968,10968-12,19980323,19980401,ERNSH,1,12,3,AUS-GR,30,38.0,0.0,74.6,1140.0,1140.0,684.0,456.0,40.0,1998-03-23,1998-04-20,1998-04-01,9,1
10968,10968-24,19980323,19980401,ERNSH,1,24,3,AUS-GR,30,4.5,0.0,74.6,135.0,135.0,81.0,54.0,40.0,1998-03-23,1998-04-20,1998-04-01,9,1
10968,10968-64,19980323,19980401,ERNSH,1,64,3,AUS-GR,4,33.25,0.0,74.6,133.0,133.0,79.8,53.2,40.0,1998-03-23,1998-04-20,1998-04-01,9,1
10969,10969-46,19980323,19980330,COMMI,1,46,2,BRA-SA,9,12.0,0.0,0.21,108.0,108.0,64.8,43.2,40.0,1998-03-23,1998-04-20,1998-03-30,7,1
10970,10970-52,19980324,19980424,BOLID,9,52,1,SPA-MA,40,7.0,0.2,16.16,280.0,224.0,168.0,56.0,25.0,1998-03-24,1998-04-07,1998-04-24,31,0
10971,10971-29,19980324,19980402,FRANR,2,29,2,FRA-ST,14,123.79,0.0,121.82,1733.06,1733.06,1039.78,693.28,40.0,1998-03-24,1998-04-21,1998-04-02,9,1
10972,10972-17,19980324,19980326,LACOR,4,17,2,FRA-ST,6,39.0,0.0,0.02,234.0,234.0,140.4,93.6,40.0,1998-03-24,1998-04-21,1998-03-26,2,1
10972,10972-33,19980324,19980326,LACOR,4,33,2,FRA-ST,7,2.5,0.0,0.02,17.5,17.5,10.5,7.0,40.0,1998-03-24,1998-04-21,1998-03-26,2,1
10973,10973-26,19980324,19980327,LACOR,6,26,2,FRA-ST,5,31.23,0.0,15.17,156.15,156.15,93.7,62.45,39.99,1998-03-24,1998-04-21,1998-03-27,3,1
10973,10973-41,19980324,19980327,LACOR,6,41,2,FRA-ST,6,9.65,0.0,15.17,57.9,57.9,34.74,23.16,40.0,1998-03-24,1998-04-21,1998-03-27,3,1
10973,10973-75,19980324,19980327,LACOR,6,75,2,FRA-ST,10,7.75,0.0,15.17,77.5,77.5,46.5,31.0,40.0,1998-03-24,1998-04-21,1998-03-27,3,1
10974,10974-63,19980325,19980403,SPLIR,3,63,3,USA-EU,10,43.9,0.0,12.96,439.0,439.0,263.4,175.6,40.0,1998-03-25,1998-04-08,1998-04-03,9,1
10975,10975-8,19980325,19980327,BOTTM,1,8,3,CAN-TS,16,40.0,0.0,32.27,640.0,640.0,384.0,256.0,40.0,1998-03-25,1998-04-22,1998-03-27,2,1
10975,10975-75,19980325,19980327,BOTTM,1,75,3,CAN-TS,10,7.75,0.0,32.27,77.5,77.5,46.5,31.0,40.0,1998-03-25,1998-04-22,1998-03-27,2,1
10976,10976-28,19980325,19980403,HILAA,1,28,1,VEN-CA,20,45.6,0.0,37.97,912.0,912.0,547.2,364.8,40.0,1998-03-25,1998-05-06,1998-04-03,9,1
10977,10977-39,19980326,19980410,FOLKO,8,39,3,SWE-LU,30,18.0,0.0,208.5,540.0,540.0,324.0,216.0,40.0,1998-03-26,1998-04-23,1998-04-10,15,1
10977,10977-47,19980326,19980410,FOLKO,8,47,3,SWE-LU,30,9.5,0.0,208.5,285.0,285.0,171.0,114.0,40.0,1998-03-26,1998-04-23,1998-04-10,15,1
10977,10977-51,19980326,19980410,FOLKO,8,51,3,SWE-LU,10,53.0,0.0,208.5,530.0,530.0,318.0,212.0,40.0,1998-03-26,1998-04-23,1998-04-10,15,1
10977,10977-63,19980326,19980410,FOLKO,8,63,3,SWE-LU,20,43.9,0.0,208.5,878.0,878.0,526.8,351.2,40.0,1998-03-26,1998-04-23,1998-04-10,15,1
10978,10978-8,19980326,19980423,MAISD,9,8,2,BEL-BR,20,40.0,0.15,32.82,800.0,680.0,480.0,200.0,29.41,1998-03-26,1998-04-23,1998-04-23,28,1
10978,10978-21,19980326,19980423,MAISD,9,21,2,BEL-BR,40,10.0,0.15,32.82,400.0,340.0,240.0,100.0,29.41,1998-03-26,1998-04-23,1998-04-23,28,1
10978,10978-40,19980326,19980423,MAISD,9,40,2,BEL-BR,10,18.4,0.0,32.82,184.0,184.0,110.4,73.6,40.0,1998-03-26,1998-04-23,1998-04-23,28,1
10978,10978-44,19980326,19980423,MAISD,9,44,2,BEL-BR,6,19.45,0.15,32.82,116.7,99.19,70.02,29.17,29.41,1998-03-26,1998-04-23,1998-04-23,28,1
10979,10979-7,19980326,19980331,ERNSH,8,7,2,AUS-GR,18,30.0,0.0,353.07,540.0,540.0,324.0,216.0,40.0,1998-03-26,1998-04-23,1998-03-31,5,1
10979,10979-12,19980326,19980331,ERNSH,8,12,2,AUS-GR,20,38.0,0.0,353.07,760.0,760.0,456.0,304.0,40.0,1998-03-26,1998-04-23,1998-03-31,5,1
10979,10979-24,19980326,19980331,ERNSH,8,24,2,AUS-GR,80,4.5,0.0,353.07,360.0,360.0,216.0,144.0,40.0,1998-03-26,1998-04-23,1998-03-31,5,1
10979,10979-27,19980326,19980331,ERNSH,8,27,2,AUS-GR,30,43.9,0.0,353.07,1317.0,1317.0,790.2,526.8,40.0,1998-03-26,1998-04-23,1998-03-31,5,1
10979,10979-31,19980326,19980331,ERNSH,8,31,2,AUS-GR,24,12.5,0.0,353.07,300.0,300.0,180.0,120.0,40.0,1998-03-26,1998-04-23,1998-03-31,5,1
10979,10979-63,19980326,19980331,ERNSH,8,63,2,AUS-GR,35,43.9,0.0,353.07,1536.5,1536.5,921.9,614.6,40.0,1998-03-26,1998-04-23,1998-03-31,5,1
10980,10980-75,19980327,19980417,FOLKO,4,75,1,SWE-LU,40,7.75,0.2,1.26,310.0,248.0,186.0,62.0,25.0,1998-03-27,1998-05-08,1998-04-17,21,1
10981,10981-38,19980327,19980402,HANAR,1,38,2,BRA-SA,60,263.5,0.0,193.37,15810.0,15810.0,9486.0,6324.0,40.0,1998-03-27,1998-04-24,1998-04-02,6,1
10982,10982-7,19980327,19980408,BOTTM,2,7,1,CAN-TS,20,30.0,0.0,14.01,600.0,600.0,360.0,240.0,40.0,1998-03-27,1998-04-24,1998-04-08,12,1
10982,10982-43,19980327,19980408,BOTTM,2,43,1,CAN-TS,9,46.0,0.0,14.01,414.0,414.0,248.4,165.6,40.0,1998-03-27,1998-04-24,1998-04-08,12,1
10983,10983-13,19980327,19980406,SAVEA,2,13,2,USA-EU,84,6.0,0.15,657.54,504.0,428.4,302.4,126.0,29.41,1998-03-27,1998-04-24,1998-04-06,10,1
10983,10983-57,19980327,19980406,SAVEA,2,57,2,USA-EU,15,19.5,0.0,657.54,292.5,292.5,175.5,117.0,40.0,1998-03-27,1998-04-24,1998-04-06,10,1
10984,10984-16,19980330,19980403,SAVEA,1,16,3,USA-EU,55,17.45,0.0,211.22,959.75,959.75,575.85,383.9,40.0,1998-03-30,1998-04-27,1998-04-03,4,1
10984,10984-24,19980330,19980403,SAVEA,1,24,3,USA-EU,20,4.5,0.0,211.22,90.0,90.0,54.0,36.0,40.0,1998-03-30,1998-04-27,1998-04-03,4,1
10984,10984-36,19980330,19980403,SAVEA,1,36,3,USA-EU,40,19.0,0.0,211.22,760.0,760.0,456.0,304.0,40.0,1998-03-30,1998-04-27,1998-04-03,4,1
10985,10985-16,19980330,19980402,HUNGO,2,16,1,IRE-CO,36,17.45,0.1,91.51,628.2,565.38,376.92,188.46,33.33,1998-03-30,1998-04-27,1998-04-02,3,1
10985,10985-18,19980330,19980402,HUNGO,2,18,1,IRE-CO,8,62.5,0.1,91.51,500.0,450.0,300.0,150.0,33.33,1998-03-30,1998-04-27,1998-04-02,3,1
10985,10985-32,19980330,19980402,HUNGO,2,32,1,IRE-CO,35,32.0,0.1,91.51,1120.0,1008.0,672.0,336.0,33.33,1998-03-30,1998-04-27,1998-04-02,3,1
10986,10986-11,19980330,19980421,OCEAN,8,11,2,ARG-BU,30,21.0,0.0,217.86,630.0,630.0,378.0,252.0,40.0,1998-03-30,1998-04-27,1998-04-21,22,1
10986,10986-20,19980330,19980421,OCEAN,8,20,2,ARG-BU,15,81.0,0.0,217.86,1215.0,1215.0,729.0,486.0,40.0,1998-03-30,1998-04-27,1998-04-21,22,1
10986,10986-76,19980330,19980421,OCEAN,8,76,2,ARG-BU,10,18.0,0.0,217.86,180.0,180.0,108.0,72.0,40.0,1998-03-30,1998-04-27,1998-04-21,22,1
10986,10986-77,19980330,19980421,OCEAN,8,77,2,ARG-BU,15,13.0,0.0,217.86,195.0,195.0,117.0,78.0,40.0,1998-03-30,1998-04-27,1998-04-21,22,1
10987,10987-7,19980331,19980406,EASTC,8,7,1,UK-LO,60,30.0,0.0,185.48,1800.0,1800.0,1080.0,720.0,40.0,1998-03-31,1998-04-28,1998-04-06,6,1
10987,10987-43,19980331,19980406,EASTC,8,43,1,UK-LO,6,46.0,0.0,185.48,276.0,276.0,165.6,110.4,40.0,1998-03-31,1998-04-28,1998-04-06,6,1
10987,10987-72,19980331,19980406,EASTC,8,72,1,UK-LO,20,34.8,0.0,185.48,696.0,696.0,417.6,278.4,40.0,1998-03-31,1998-04-28,1998-04-06,6,1
10988,10988-7,19980331,19980410,RATTC,3,7,2,USA-EU,60,30.0,0.0,61.14,1800.0,1800.0,1080.0,720.0,40.0,1998-03-31,1998-04-28,1998-04-10,10,1
10988,10988-62,19980331,19980410,RATTC,3,62,2,USA-EU,40,49.3,0.1,61.14,1972.0,1774.8,1183.2,591.6,33.33,1998-03-31,1998-04-28,1998-04-10,10,1
10989,10989-6,19980331,19980402,QUEDE,2,6,1,BRA-SA,40,25.0,0.0,34.76,1000.0,1000.0,600.0,400.0,40.0,1998-03-31,1998-04-28,1998-04-02,2,1
10989,10989-11,19980331,19980402,QUEDE,2,11,1,BRA-SA,15,21.0,0.0,34.76,315.0,315.0,189.0,126.0,40.0,1998-03-31,1998-04-28,1998-04-02,2,1
10989,10989-41,19980331,19980402,QUEDE,2,41,1,BRA-SA,4,9.65,0.0,34.76,38.6,38.6,23.16,15.44,40.0,1998-03-31,1998-04-28,1998-04-02,2,1
10990,10990-21,19980401,19980407,ERNSH,2,21,3,AUS-GR,65,10.0,0.0,117.61,650.0,650.0,390.0,260.0,40.0,1998-04-01,1998-05-13,1998-04-07,6,1
10990,10990-34,19980401,19980407,ERNSH,2,34,3,AUS-GR,60,14.0,0.15,117.61,840.0,714.0,504.0,210.0,29.41,1998-04-01,1998-05-13,1998-04-07,6,1
10990,10990-55,19980401,19980407,ERNSH,2,55,3,AUS-GR,65,24.0,0.15,117.61,1560.0,1326.0,936.0,390.0,29.41,1998-04-01,1998-05-13,1998-04-07,6,1
10990,10990-61,19980401,19980407,ERNSH,2,61,3,AUS-GR,66,28.5,0.15,117.61,1881.0,1598.85,1128.6,470.25,29.41,1998-04-01,1998-05-13,1998-04-07,6,1
10991,10991-2,19980401,19980407,QUICK,1,2,1,GER-BE,50,19.0,0.2,38.51,950.0,760.0,570.0,190.0,25.0,1998-04-01,1998-04-29,1998-04-07,6,1
10991,10991-70,19980401,19980407,QUICK,1,70,1,GER-BE,20,15.0,0.2,38.51,300.0,240.0,180.0,60.0,25.0,1998-04-01,1998-04-29,1998-04-07,6,1
10991,10991-76,19980401,19980407,QUICK,1,76,1,GER-BE,90,18.0,0.2,38.51,1620.0,1296.0,972.0,324.0,25.0,1998-04-01,1998-04-29,1998-04-07,6,1
10992,10992-72,19980401,19980403,THEBI,1,72,3,USA-EU,2,34.8,0.0,4.27,69.6,69.6,41.76,27.84,40.0,1998-04-01,1998-04-29,1998-04-03,2,1
10993,10993-29,19980401,19980410,FOLKO,7,29,3,SWE-LU,50,123.79,0.25,8.81,6189.5,4642.12,3713.5,928.62,20.0,1998-04-01,1998-04-29,1998-04-10,9,1
10993,10993-41,19980401,19980410,FOLKO,7,41,3,SWE-LU,35,9.65,0.25,8.81,337.75,253.31,202.65,50.66,20.0,1998-04-01,1998-04-29,1998-04-10,9,1
10994,10994-59,19980402,19980409,VAFFE,2,59,3,DEN-KO,18,55.0,0.05,65.53,990.0,940.5,594.0,346.5,36.84,1998-04-02,1998-04-16,1998-04-09,7,1
10995,10995-51,19980402,19980406,PERIC,1,51,3,MEX-MÉ,20,53.0,0.0,46.0,1060.0,1060.0,636.0,424.0,40.0,1998-04-02,1998-04-30,1998-04-06,4,1
10995,10995-60,19980402,19980406,PERIC,1,60,3,MEX-MÉ,4,34.0,0.0,46.0,136.0,136.0,81.6,54.4,40.0,1998-04-02,1998-04-30,1998-04-06,4,1
10996,10996-42,19980402,19980410,QUICK,4,42,2,GER-BE,40,14.0,0.0,1.12,560.0,560.0,336.0,224.0,40.0,1998-04-02,1998-04-30,1998-04-10,8,1
10997,10997-32,19980403,19980413,LILAS,8,32,2,VEN-CA,50,32.0,0.0,73.91,1600.0,1600.0,960.0,640.0,40.0,1998-04-03,1998-05-15,1998-04-13,10,1
10997,10997-46,19980403,19980413,LILAS,8,46,2,VEN-CA,20,12.0,0.25,73.91,240.0,180.0,144.0,36.0,20.0,1998-04-03,1998-05-15,1998-04-13,10,1
10997,10997-52,19980403,19980413,LILAS,8,52,2,VEN-CA,20,7.0,0.25,73.91,140.0,105.0,84.0,21.0,20.0,1998-04-03,1998-05-15,1998-04-13,10,1
10998,10998-24,19980403,19980417,WOLZA,8,24,2,POL-WA,12,4.5,0.0,20.31,54.0,54.0,32.4,21.6,40.0,1998-04-03,1998-04-17,1998-04-17,14,1
10998,10998-61,19980403,19980417,WOLZA,8,61,2,POL-WA,7,28.5,0.0,20.31,199.5,199.5,119.7,79.8,40.0,1998-04-03,1998-04-17,1998-04-17,14,1
10998,10998-74,19980403,19980417,WOLZA,8,74,2,POL-WA,20,10.0,0.0,20.31,200.0,200.0,120.0,80.0,40.0,1998-04-03,1998-04-17,1998-04-17,14,1
10998,10998-75,19980403,19980417,WOLZA,8,75,2,POL-WA,30,7.75,0.0,20.31,232.5,232.5,139.5,93.0,40.0,1998-04-03,1998-04-17,1998-04-17,14,1
10999,10999-41,19980403,19980410,OTTIK,6,41,2,GER-BE,20,9.65,0.05,96.35,193.0,183.35,115.8,67.55,36.84,1998-04-03,1998-05-01,1998-04-10,7,1
10999,10999-51,19980403,19980410,OTTIK,6,51,2,GER-BE,15,53.0,0.05,96.35,795.0,755.25,477.0,278.25,36.84,1998-04-03,1998-05-01,1998-04-10,7,1
10999,10999-77,19980403,19980410,OTTIK,6,77,2,GER-BE,21,13.0,0.05,96.35,273.0,259.35,163.8,95.55,36.84,1998-04-03,1998-05-01,1998-04-10,7,1
11000,11000-4,19980406,19980414,RATTC,2,4,3,USA-EU,25,22.0,0.25,55.12,550.0,412.5,330.0,82.5,20.0,1998-04-06,1998-05-04,1998-04-14,8,1
11000,11000-24,19980406,19980414,RATTC,2,24,3,USA-EU,30,4.5,0.25,55.12,135.0,101.25,81.0,20.25,20.0,1998-04-06,1998-05-04,1998-04-14,8,1
11000,11000-77,19980406,19980414,RATTC,2,77,3,USA-EU,30,13.0,0.0,55.12,390.0,390.0,234.0,156.0,40.0,1998-04-06,1998-05-04,1998-04-14,8,1
11001,11001-7,19980406,19980414,FOLKO,2,7,2,SWE-LU,60,30.0,0.0,197.3,1800.0,1800.0,1080.0,720.0,40.0,1998-04-06,1998-05-04,1998-04-14,8,1
11001,11001-22,19980406,19980414,FOLKO,2,22,2,SWE-LU,25,21.0,0.0,197.3,525.0,525.0,315.0,210.0,40.0,1998-04-06,1998-05-04,1998-04-14,8,1
11001,11001-46,19980406,19980414,FOLKO,2,46,2,SWE-LU,25,12.0,0.0,197.3,300.0,300.0,180.0,120.0,40.0,1998-04-06,1998-05-04,1998-04-14,8,1
11001,11001-55,19980406,19980414,FOLKO,2,55,2,SWE-LU,6,24.0,0.0,197.3,144.0,144.0,86.4,57.6,40.0,1998-04-06,1998-05-04,1998-04-14,8,1
11002,11002-13,19980406,19980416,SAVEA,4,13,1,USA-EU,56,6.0,0.0,141.16,336.0,336.0,201.6,134.4,40.0,1998-04-06,1998-05-04,1998-04-16,10,1
11002,11002-35,19980406,19980416,SAVEA,4,35,1,USA-EU,15,18.0,0.15,141.16,270.0,229.5,162.0,67.5,29.41,1998-04-06,1998-05-04,1998-04-16,10,1
11002,11002-42,19980406,19980416,SAVEA,4,42,1,USA-EU,24,14.0,0.15,141.16,336.0,285.6,201.6,84.0,29.41,1998-04-06,1998-05-04,1998-04-16,10,1
11002,11002-55,19980406,19980416,SAVEA,4,55,1,USA-EU,40,24.0,0.0,141.16,960.0,960.0,576.0,384.0,40.0,1998-04-06,1998-05-04,1998-04-16,10,1
11003,11003-1,19980406,19980408,THECR,3,1,3,USA-EU,4,18.0,0.0,14.91,72.0,72.0,43.2,28.8,40.0,1998-04-06,1998-05-04,1998-04-08,2,1
11003,11003-40,19980406,19980408,THECR,3,40,3,USA-EU,10,18.4,0.0,14.91,184.0,184.0,110.4,73.6,40.0,1998-04-06,1998-05-04,1998-04-08,2,1
11003,11003-52,19980406,19980408,THECR,3,52,3,USA-EU,10,7.0,0.0,14.91,70.0,70.0,42.0,28.0,40.0,1998-04-06,1998-05-04,1998-04-08,2,1
11004,11004-26,19980407,19980420,MAISD,3,26,1,BEL-BR,6,31.23,0.0,44.84,187.38,187.38,112.44,74.94,39.99,1998-04-07,1998-05-05,1998-04-20,13,1
11004,11004-76,19980407,19980420,MAISD,3,76,1,BEL-BR,6,18.0,0.0,44.84,108.0,108.0,64.8,43.2,40.0,1998-04-07,1998-05-05,1998-04-20,13,1
11005,11005-1,19980407,19980410,WILMK,2,1,1,FIN-OU,2,18.0,0.0,0.75,36.0,36.0,21.6,14.4,40.0,1998-04-07,1998-05-05,1998-04-10,3,1
11005,11005-59,19980407,19980410,WILMK,2,59,1,FIN-OU,10,55.0,0.0,0.75,550.0,550.0,330.0,220.0,40.0,1998-04-07,1998-05-05,1998-04-10,3,1
11006,11006-1,19980407,19980415,GREAL,3,1,2,USA-EU,8,18.0,0.0,25.19,144.0,144.0,86.4,57.6,40.0,1998-04-07,1998-05-05,1998-04-15,8,1
11006,11006-29,19980407,19980415,GREAL,3,29,2,USA-EU,2,123.79,0.25,25.19,247.58,185.69,148.54,37.15,20.01,1998-04-07,1998-05-05,1998-04-15,8,1
11007,11007-8,19980408,19980413,PRINI,8,8,2,POR-LI,30,40.0,0.0,202.24,1200.0,1200.0,720.0,480.0,40.0,1998-04-08,1998-05-06,1998-04-13,5,1
11007,11007-29,19980408,19980413,PRINI,8,29,2,POR-LI,10,123.79,0.0,202.24,1237.9,1237.9,742.7,495.2,40.0,1998-04-08,1998-05-06,1998-04-13,5,1
11007,11007-42,19980408,19980413,PRINI,8,42,2,POR-LI,14,14.0,0.0,202.24,196.0,196.0,117.6,78.4,40.0,1998-04-08,1998-05-06,1998-04-13,5,1
11008,11008-28,19980408,,ERNSH,7,28,3,AUS-GR,70,45.6,0.05,79.46,3192.0,3032.4,1915.2,1117.2,36.84,1998-04-08,1998-05-06,,,
11008,11008-34,19980408,,ERNSH,7,34,3,AUS-GR,90,14.0,0.05,79.46,1260.0,1197.0,756.0,441.0,36.84,1998-04-08,1998-05-06,,,
11008,11008-71,19980408,,ERNSH,7,71,3,AUS-GR,21,21.5,0.0,79.46,451.5,451.5,270.9,180.6,40.0,1998-04-08,1998-05-06,,,
11009,11009-24,19980408,19980410,GODOS,2,24,1,SPA-MA,12,4.5,0.0,59.11,54.0,54.0,32.4,21.6,40.0,1998-04-08,1998-05-06,1998-04-10,2,1
11009,11009-36,19980408,19980410,GODOS,2,36,1,SPA-MA,18,19.0,0.25,59.11,342.0,256.5,205.2,51.3,20.0,1998-04-08,1998-05-06,1998-04-10,2,1
11009,11009-60,19980408,19980410,GODOS,2,60,1,SPA-MA,9,34.0,0.0,59.11,306.0,306.0,183.6,122.4,40.0,1998-04-08,1998-05-06,1998-04-10,2,1
11010,11010-7,19980409,19980421,REGGC,2,7,2,ITA-TO,20,30.0,0.0,28.71,600.0,600.0,360.0,240.0,40.0,1998-04-09,1998-05-07,1998-04-21,12,1
11010,11010-24,19980409,19980421,REGGC,2,24,2,ITA-TO,10,4.5,0.0,28.71,45.0,45.0,27.0,18.0,40.0,1998-04-09,1998-05-07,1998-04-21,12,1
11011,11011-58,19980409,19980413,ALFKI,3,58,1,GER-BE,40,13.25,0.05,1.21,530.0,503.5,318.0,185.5,36.84,1998-04-09,1998-05-07,1998-04-13,4,1
11011,11011-71,19980409,19980413,ALFKI,3,71,1,GER-BE,20,21.5,0.0,1.21,430.0,430.0,258.0,172.0,40.0,1998-04-09,1998-05-07,1998-04-13,4,1
11012,11012-19,19980409,19980417,FRANK,1,19,3,GER-BE,50,9.2,0.05,242.95,460.0,437.0,276.0,161.0,36.84,1998-04-09,1998-04-23,1998-04-17,8,1
11012,11012-60,19980409,19980417,FRANK,1,60,3,GER-BE,36,34.0,0.05,242.95,1224.0,1162.8,734.4,428.4,36.84,1998-04-09,1998-04-23,1998-04-17,8,1
11012,11012-71,19980409,19980417,FRANK,1,71,3,GER-BE,60,21.5,0.05,242.95,1290.0,1225.5,774.0,451.5,36.84,1998-04-09,1998-04-23,1998-04-17,8,1
11013,11013-23,19980409,19980410,ROMEY,2,23,1,SPA-MA,10,9.0,0.0,32.99,90.0,90.0,54.0,36.0,40.0,1998-04-09,1998-05-07,1998-04-10,1,1
11013,11013-42,19980409,19980410,ROMEY,2,42,1,SPA-MA,4,14.0,0.0,32.99,56.0,56.0,33.6,22.4,40.0,1998-04-09,1998-05-07,1998-04-10,1,1
11013,11013-45,19980409,19980410,ROMEY,2,45,1,SPA-MA,20,9.5,0.0,32.99,190.0,190.0,114.0,76.0,40.0,1998-04-09,1998-05-07,1998-04-10,1,1
11013,11013-68,19980409,19980410,ROMEY,2,68,1,SPA-MA,2,12.5,0.0,32.99,25.0,25.0,15.0,10.0,40.0,1998-04-09,1998-05-07,1998-04-10,1,1
11014,11014-41,19980410,19980415,LINOD,2,41,3,VEN-CA,28,9.65,0.1,23.6,270.2,243.18,162.12,81.06,33.33,1998-04-10,1998-05-08,1998-04-15,5,1
11015,11015-30,19980410,19980420,SANTG,2,30,2,NOR-ST,15,25.89,0.0,4.62,388.35,388.35,232.95,155.4,40.02,1998-04-10,1998-04-24,1998-04-20,10,1
11015,11015-77,19980410,19980420,SANTG,2,77,2,NOR-ST,18,13.0,0.0,4.62,234.0,234.0,140.4,93.6,40.0,1998-04-10,1998-04-24,1998-04-20,10,1
11016,11016-31,19980410,19980413,AROUT,9,31,2,UK-LO,15,12.5,0.0,33.8,187.5,187.5,112.5,75.0,40.0,1998-04-10,1998-05-08,1998-04-13,3,1
11016,11016-36,19980410,19980413,AROUT,9,36,2,UK-LO,16,19.0,0.0,33.8,304.0,304.0,182.4,121.6,40.0,1998-04-10,1998-05-08,1998-04-13,3,1
11017,11017-3,19980413,19980420,ERNSH,9,3,2,AUS-GR,25,10.0,0.0,754.26,250.0,250.0,150.0,100.0,40.0,1998-04-13,1998-05-11,1998-04-20,7,1
11017,11017-59,19980413,19980420,ERNSH,9,59,2,AUS-GR,110,55.0,0.0,754.26,6050.0,6050.0,3630.0,2420.0,40.0,1998-04-13,1998-05-11,1998-04-20,7,1
11017,11017-70,19980413,19980420,ERNSH,9,70,2,AUS-GR,30,15.0,0.0,754.26,450.0,450.0,270.0,180.0,40.0,1998-04-13,1998-05-11,1998-04-20,7,1
11018,11018-12,19980413,19980416,LONEP,4,12,2,USA-EU,20,38.0,0.0,11.65,760.0,760.0,456.0,304.0,40.0,1998-04-13,1998-05-11,1998-04-16,3,1
11018,11018-18,19980413,19980416,LONEP,4,18,2,USA-EU,10,62.5,0.0,11.65,625.0,625.0,375.0,250.0,40.0,1998-04-13,1998-05-11,1998-04-16,3,1
11018,11018-56,19980413,19980416,LONEP,4,56,2,USA-EU,5,38.0,0.0,11.65,190.0,190.0,114.0,76.0,40.0,1998-04-13,1998-05-11,1998-04-16,3,1
11019,11019-46,19980413,,RANCH,6,46,3,ARG-BU,3,12.0,0.0,3.17,36.0,36.0,21.6,14.4,40.0,1998-04-13,1998-05-11,,,
11019,11019-49,19980413,,RANCH,6,49,3,ARG-BU,2,20.0,0.0,3.17,40.0,40.0,24.0,16.0,40.0,1998-04-13,1998-05-11,,,
11020,11020-10,19980414,19980416,OTTIK,2,10,2,GER-BE,24,31.0,0.15,43.3,744.0,632.4,446.4,186.0,29.41,1998-04-14,1998-05-12,1998-04-16,2,1
11021,11021-2,19980414,19980421,QUICK,3,2,1,GER-BE,11,19.0,0.25,297.18,209.0,156.75,125.4,31.35,20.0,1998-04-14,1998-05-12,1998-04-21,7,1
11021,11021-20,19980414,19980421,QUICK,3,20,1,GER-BE,15,81.0,0.0,297.18,1215.0,1215.0,729.0,486.0,40.0,1998-04-14,1998-05-12,1998-04-21,7,1
11021,11021-26,19980414,19980421,QUICK,3,26,1,GER-BE,63,31.23,0.0,297.18,1967.49,1967.49,1180.62,786.87,39.99,1998-04-14,1998-05-12,1998-04-21,7,1
11021,11021-51,19980414,19980421,QUICK,3,51,1,GER-BE,44,53.0,0.25,297.18,2332.0,1749.0,1399.2,349.8,20.0,1998-04-14,1998-05-12,1998-04-21,7,1
11021,11021-72,19980414,19980421,QUICK,3,72,1,GER-BE,35,34.8,0.0,297.18,1218.0,1218.0,730.8,487.2,40.0,1998-04-14,1998-05-12,1998-04-21,7,1
11022,11022-19,19980414,19980504,HANAR,9,19,2,BRA-SA,35,9.2,0.0,6.27,322.0,322.0,193.2,128.8,40.0,1998-04-14,1998-05-12,1998-05-04,20,1
11022,11022-69,19980414,19980504,HANAR,9,69,2,BRA-SA,30,36.0,0.0,6.27,1080.0,1080.0,648.0,432.0,40.0,1998-04-14,1998-05-12,1998-05-04,20,1
11023,11023-7,19980414,19980424,BSBEV,1,7,2,UK-LO,4,30.0,0.0,123.83,120.0,120.0,72.0,48.0,40.0,1998-04-14,1998-04-28,1998-04-24,10,1
11023,11023-43,19980414,19980424,BSBEV,1,43,2,UK-LO,30,46.0,0.0,123.83,1380.0,1380.0,828.0,552.0,40.0,1998-04-14,1998-04-28,1998-04-24,10,1
11024,11024-26,19980415,19980420,EASTC,4,26,1,UK-LO,12,31.23,0.0,74.36,374.76,374.76,224.88,149.88,39.99,1998-04-15,1998-05-13,1998-04-20,5,1
11024,11024-33,19980415,19980420,EASTC,4,33,1,UK-LO,30,2.5,0.0,74.36,75.0,75.0,45.0,30.0,40.0,1998-04-15,1998-05-13,1998-04-20,5,1
11024,11024-65,19980415,19980420,EASTC,4,65,1,UK-LO,21,21.05,0.0,74.36,442.05,442.05,265.23,176.82,40.0,1998-04-15,1998-05-13,1998-04-20,5,1
11024,11024-71,19980415,19980420,EASTC,4,71,1,UK-LO,50,21.5,0.0,74.36,1075.0,1075.0,645.0,430.0,40.0,1998-04-15,1998-05-13,1998-04-20,5,1
11025,11025-1,19980415,19980424,WARTH,6,1,3,FIN-OU,10,18.0,0.1,29.17,180.0,162.0,108.0,54.0,33.33,1998-04-15,1998-05-13,1998-04-24,9,1
11025,11025-13,19980415,19980424,WARTH,6,13,3,FIN-OU,20,6.0,0.1,29.17,120.0,108.0,72.0,36.0,33.33,1998-04-15,1998-05-13,1998-04-24,9,1
11026,11026-18,19980415,19980428,FRANS,4,18,1,ITA-TO,8,62.5,0.0,47.09,500.0,500.0,300.0,200.0,40.0,1998-04-15,1998-05-13,1998-04-28,13,1
11026,11026-51,19980415,19980428,FRANS,4,51,1,ITA-TO,10,53.0,0.0,47.09,530.0,530.0,318.0,212.0,40.0,1998-04-15,1998-05-13,1998-04-28,13,1
11027,11027-24,19980416,19980420,BOTTM,1,24,1,CAN-TS,30,4.5,0.25,52.52,135.0,101.25,81.0,20.25,20.0,1998-04-16,1998-05-14,1998-04-20,4,1
11027,11027-62,19980416,19980420,BOTTM,1,62,1,CAN-TS,21,49.3,0.25,52.52,1035.3,776.47,621.18,155.29,20.0,1998-04-16,1998-05-14,1998-04-20,4,1
11028,11028-55,19980416,19980422,KOENE,2,55,1,GER-BE,35,24.0,0.0,29.59,840.0,840.0,504.0,336.0,40.0,1998-04-16,1998-05-14,1998-04-22,6,1
11028,11028-59,19980416,19980422,KOENE,2,59,1,GER-BE,24,55.0,0.0,29.59,1320.0,1320.0,792.0,528.0,40.0,1998-04-16,1998-05-14,1998-04-22,6,1
11029,11029-56,19980416,19980427,CHOPS,4,56,1,SWI-BE,20,38.0,0.0,47.84,760.0,760.0,456.0,304.0,40.0,1998-04-16,1998-05-14,1998-04-27,11,1
11029,11029-63,19980416,19980427,CHOPS,4,63,1,SWI-BE,12,43.9,0.0,47.84,526.8,526.8,316.08,210.72,40.0,1998-04-16,1998-05-14,1998-04-27,11,1
11030,11030-2,19980417,19980427,SAVEA,7,2,2,USA-EU,100,19.0,0.25,830.75,1900.0,1425.0,1140.0,285.0,20.0,1998-04-17,1998-05-15,1998-04-27,10,1
11030,11030-5,19980417,19980427,SAVEA,7,5,2,USA-EU,70,21.35,0.0,830.75,1494.5,1494.5,896.7,597.8,40.0,1998-04-17,1998-05-15,1998-04-27,10,1
11030,11030-29,19980417,19980427,SAVEA,7,29,2,USA-EU,60,123.79,0.25,830.75,7427.4,5570.55,4456.2,1114.35,20.0,1998-04-17,1998-05-15,1998-04-27,10,1
11030,11030-59,19980417,19980427,SAVEA,7,59,2,USA-EU,100,55.0,0.25,830.75,5500.0,4125.0,3300.0,825.0,20.0,1998-04-17,1998-05-15,1998-04-27,10,1
11031,11031-1,19980417,19980424,SAVEA,6,1,2,USA-EU,45,18.0,0.0,227.22,810.0,810.0,486.0,324.0,40.0,1998-04-17,1998-05-15,1998-04-24,7,1
11031,11031-13,19980417,19980424,SAVEA,6,13,2,USA-EU,80,6.0,0.0,227.22,480.0,480.0,288.0,192.0,40.0,1998-04-17,1998-05-15,1998-04-24,7,1
11031,11031-24,19980417,19980424,SAVEA,6,24,2,USA-EU,21,4.5,0.0,227.22,94.5,94.5,56.7,37.8,40.0,1998-04-17,1998-05-15,1998-04-24,7,1
11031,11031-64,19980417,19980424,SAVEA,6,64,2,USA-EU,20,33.25,0.0,227.22,665.0,665.0,399.0,266.0,40.0,1998-04-17,1998-05-15,1998-04-24,7,1
11031,11031-71,19980417,19980424,SAVEA,6,71,2,USA-EU,16,21.5,0.0,227.22,344.0,344.0,206.4,137.6,40.0,1998-04-17,1998-05-15,1998-04-24,7,1
11032,11032-36,19980417,19980423,WHITC,2,36,3,USA-EU,35,19.0,0.0,606.19,665.0,665.0,399.0,266.0,40.0,1998-04-17,1998-05-15,1998-04-23,6,1
11032,11032-38,19980417,19980423,WHITC,2,38,3,USA-EU,25,263.5,0.0,606.19,6587.5,6587.5,3952.5,2635.0,40.0,1998-04-17,1998-05-15,1998-04-23,6,1
11032,11032-59,19980417,19980423,WHITC,2,59,3,USA-EU,30,55.0,0.0,606.19,1650.0,1650.0,990.0,660.0,40.0,1998-04-17,1998-05-15,1998-04-23,6,1
11033,11033-53,19980417,19980423,RICSU,7,53,3,SWI-BE,70,32.8,0.1,84.74,2296.0,2066.4,1377.6,688.8,33.33,1998-04-17,1998-05-15,1998-04-23,6,1
11033,11033-69,19980417,19980423,RICSU,7,69,3,SWI-BE,36,36.0,0.1,84.74,1296.0,1166.4,777.6,388.8,33.33,1998-04-17,1998-05-15,1998-04-23,6,1
11034,11034-21,19980420,19980427,OLDWO,8,21,1,USA-EU,15,10.0,0.1,40.32,150.0,135.0,90.0,45.0,33.33,1998-04-20,1998-06-01,1998-04-27,7,1
11034,11034-44,19980420,19980427,OLDWO,8,44,1,USA-EU,12,19.45,0.0,40.32,233.4,233.4,140.04,93.36,40.0,1998-04-20,1998-06-01,1998-04-27,7,1
11034,11034-61,19980420,19980427,OLDWO,8,61,1,USA-EU,6,28.5,0.0,40.32,171.0,171.0,102.6,68.4,40.0,1998-04-20,1998-06-01,1998-04-27,7,1
11035,11035-1,19980420,19980424,SUPRD,2,1,2,BEL-BR,10,18.0,0.0,0.17,180.0,180.0,108.0,72.0,40.0,1998-04-20,1998-05-18,1998-04-24,4,1
11035,11035-35,19980420,19980424,SUPRD,2,35,2,BEL-BR,60,18.0,0.0,0.17,1080.0,1080.0,648.0,432.0,40.0,1998-04-20,1998-05-18,1998-04-24,4,1
11035,11035-42,19980420,19980424,SUPRD,2,42,2,BEL-BR,30,14.0,0.0,0.17,420.0,420.0,252.0,168.0,40.0,1998-04-20,1998-05-18,1998-04-24,4,1
11035,11035-54,19980420,19980424,SUPRD,2,54,2,BEL-BR,10,7.45,0.0,0.17,74.5,74.5,44.7,29.8,40.0,1998-04-20,1998-05-18,1998-04-24,4,1
11036,11036-13,19980420,19980422,DRACD,8,13,3,GER-BE,7,6.0,0.0,149.47,42.0,42.0,25.2,16.8,40.0,1998-04-20,1998-05-18,1998-04-22,2,1
11036,11036-59,19980420,19980422,DRACD,8,59,3,GER-BE,30,55.0,0.0,149.47,1650.0,1650.0,990.0,660.0,40.0,1998-04-20,1998-05-18,1998-04-22,2,1
11037,11037-70,19980421,19980427,GODOS,7,70,1,SPA-MA,4,15.0,0.0,3.2,60.0,60.0,36.0,24.0,40.0,1998-04-21,1998-05-19,1998-04-27,6,1
11038,11038-40,19980421,19980430,SUPRD,1,40,2,BEL-BR,5,18.4,0.2,29.59,92.0,73.6,55.2,18.4,25.0,1998-04-21,1998-05-19,1998-04-30,9,1
11038,11038-52,19980421,19980430,SUPRD,1,52,2,BEL-BR,2,7.0,0.0,29.59,14.0,14.0,8.4,5.6,40.0,1998-04-21,1998-05-19,1998-04-30,9,1
11038,11038-71,19980421,19980430,SUPRD,1,71,2,BEL-BR,30,21.5,0.0,29.59,645.0,645.0,387.0,258.0,40.0,1998-04-21,1998-05-19,1998-04-30,9,1
11039,11039-28,19980421,,LINOD,1,28,2,VEN-CA,20,45.6,0.0,65.0,912.0,912.0,547.2,364.8,40.0,1998-04-21,1998-05-19,,,
11039,11039-35,19980421,,LINOD,1,35,2,VEN-CA,24,18.0,0.0,65.0,432.0,432.0,259.2,172.8,40.0,1998-04-21,1998-05-19,,,
11039,11039-49,19980421,,LINOD,1,49,2,VEN-CA,60,20.0,0.0,65.0,1200.0,1200.0,720.0,480.0,40.0,1998-04-21,1998-05-19,,,
11039,11039-57,19980421,,LINOD,1,57,2,VEN-CA,28,19.5,0.0,65.0,546.0,546.0,327.6,218.4,40.0,1998-04-21,1998-05-19,,,
11040,11040-21,19980422,,GREAL,4,21,3,USA-EU,20,10.0,0.0,18.84,200.0,200.0,120.0,80.0,40.0,1998-04-22,1998-05-20,,,
11041,11041-2,19980422,19980428,CHOPS,3,2,2,SWI-BE,30,19.0,0.2,48.22,570.0,456.0,342.0,114.0,25.0,1998-04-22,1998-05-20,1998-04-28,6,1
11041,11041-63,19980422,19980428,CHOPS,3,63,2,SWI-BE,30,43.9,0.0,48.22,1317.0,1317.0,790.2,526.8,40.0,1998-04-22,1998-05-20,1998-04-28,6,1
11042,11042-44,19980422,19980501,COMMI,2,44,1,BRA-SA,15,19.45,0.0,29.99,291.75,291.75,175.05,116.7,40.0,1998-04-22,1998-05-06,1998-05-01,9,1
11042,11042-61,19980422,19980501,COMMI,2,61,1,BRA-SA,4,28.5,0.0,29.99,114.0,114.0,68.4,45.6,40.0,1998-04-22,1998-05-06,1998-05-01,9,1
11043,11043-11,19980422,19980429,SPECD,5,11,2,FRA-ST,10,21.0,0.0,8.8,210.0,210.0,126.0,84.0,40.0,1998-04-22,1998-05-20,1998-04-29,7,1
11044,11044-62,19980423,19980501,WOLZA,4,62,1,POL-WA,12,49.3,0.0,8.72,591.6,591.6,354.96,236.64,40.0,1998-04-23,1998-05-21,1998-05-01,8,1
11045,11045-33,19980423,,BOTTM,6,33,2,CAN-TS,15,2.5,0.0,70.58,37.5,37.5,22.5,15.0,40.0,1998-04-23,1998-05-21,,,
11045,11045-51,19980423,,BOTTM,6,51,2,CAN-TS,24,53.0,0.0,70.58,1272.0,1272.0,763.2,508.8,40.0,1998-04-23,1998-05-21,,,
11046,11046-12,19980423,19980424,WANDK,8,12,2,GER-BE,20,38.0,0.05,71.64,760.0,722.0,456.0,266.0,36.84,1998-04-23,1998-05-21,1998-04-24,1,1
11046,11046-32,19980423,19980424,WANDK,8,32,2,GER-BE,15,32.0,0.05,71.64,480.0,456.0,288.0,168.0,36.84,1998-04-23,1998-05-21,1998-04-24,1,1
11046,11046-35,19980423,19980424,WANDK,8,35,2,GER-BE,18,18.0,0.05,71.64,324.0,307.8,194.4,113.4,36.84,1998-04-23,1998-05-21,1998-04-24,1,1
11047,11047-1,19980424,19980501,EASTC,7,1,3,UK-LO,25,18.0,0.25,46.62,450.0,337.5,270.0,67.5,20.0,1998-04-24,1998-05-22,1998-05-01,7,1
11047,11047-5,19980424,19980501,EASTC,7,5,3,UK-LO,30,21.35,0.25,46.62,640.5,480.38,384.3,96.08,20.0,1998-04-24,1998-05-22,1998-05-01,7,1
11048,11048-68,19980424,19980430,BOTTM,7,68,3,CAN-TS,42,12.5,0.0,24.12,525.0,525.0,315.0,210.0,40.0,1998-04-24,1998-05-22,1998-04-30,6,1
11049,11049-2,19980424,19980504,GOURL,3,2,1,BRA-SA,10,19.0,0.2,8.34,190.0,152.0,114.0,38.0,25.0,1998-04-24,1998-05-22,1998-05-04,10,1
11049,11049-12,19980424,19980504,GOURL,3,12,1,BRA-SA,4,38.0,0.2,8.34,152.0,121.6,91.2,30.4,25.0,1998-04-24,1998-05-22,1998-05-04,10,1
11050,11050-76,19980427,19980505,FOLKO,8,76,2,SWE-LU,50,18.0,0.1,59.41,900.0,810.0,540.0,270.0,33.33,1998-04-27,1998-05-25,1998-05-05,8,1
11051,11051-24,19980427,,LAMAI,7,24,3,FRA-ST,10,4.5,0.2,2.79,45.0,36.0,27.0,9.0,25.0,1998-04-27,1998-05-25,,,
11052,11052-43,19980427,19980501,HANAR,3,43,1,BRA-SA,30,46.0,0.2,67.26,1380.0,1104.0,828.0,276.0,25.0,1998-04-27,1998-05-25,1998-05-01,4,1
11052,11052-61,19980427,19980501,HANAR,3,61,1,BRA-SA,10,28.5,0.2,67.26,285.0,228.0,171.0,57.0,25.0,1998-04-27,1998-05-25,1998-05-01,4,1
11053,11053-18,19980427,19980429,PICCO,2,18,2,AUS-GR,35,62.5,0.2,53.05,2187.5,1750.0,1312.5,437.5,25.0,1998-04-27,1998-05-25,1998-04-29,2,1
11053,11053-32,19980427,19980429,PICCO,2,32,2,AUS-GR,20,32.0,0.0,53.05,640.0,640.0,384.0,256.0,40.0,1998-04-27,1998-05-25,1998-04-29,2,1
11053,11053-64,19980427,19980429,PICCO,2,64,2,AUS-GR,25,33.25,0.2,53.05,831.25,665.0,498.75,166.25,25.0,1998-04-27,1998-05-25,1998-04-29,2,1
11054,11054-33,19980428,,CACTU,8,33,1,ARG-BU,10,2.5,0.0,0.33,25.0,25.0,15.0,10.0,40.0,1998-04-28,1998-05-26,,,
11054,11054-67,19980428,,CACTU,8,67,1,ARG-BU,20,14.0,0.0,0.33,280.0,280.0,168.0,112.0,40.0,1998-04-28,1998-05-26,,,
11055,11055-24,19980428,19980505,HILAA,7,24,2,VEN-CA,15,4.5,0.0,120.92,67.5,67.5,40.5,27.0,40.0,1998-04-28,1998-05-26,1998-05-05,7,1
11055,11055-25,19980428,19980505,HILAA,7,25,2,VEN-CA,15,14.0,0.0,120.92,210.0,210.0,126.0,84.0,40.0,1998-04-28,1998-05-26,1998-05-05,7,1
11055,11055-51,19980428,19980505,HILAA,7,51,2,VEN-CA,20,53.0,0.0,120.92,1060.0,1060.0,636.0,424.0,40.0,1998-04-28,1998-05-26,1998-05-05,7,1
11055,11055-57,19980428,19980505,HILAA,7,57,2,VEN-CA,20,19.5,0.0,120.92,390.0,390.0,234.0,156.0,40.0,1998-04-28,1998-05-26,1998-05-05,7,1
11056,11056-7,19980428,19980501,EASTC,8,7,2,UK-LO,40,30.0,0.0,278.96,1200.0,1200.0,720.0,480.0,40.0,1998-04-28,1998-05-12,1998-05-01,3,1
11056,11056-55,19980428,19980501,EASTC,8,55,2,UK-LO,35,24.0,0.0,278.96,840.0,840.0,504.0,336.0,40.0,1998-04-28,1998-05-12,1998-05-01,3,1
11056,11056-60,19980428,19980501,EASTC,8,60,2,UK-LO,50,34.0,0.0,278.96,1700.0,1700.0,1020.0,680.0,40.0,1998-04-28,1998-05-12,1998-05-01,3,1
11057,11057-70,19980429,19980501,NORTS,3,70,3,UK-LO,3,15.0,0.0,4.13,45.0,45.0,27.0,18.0,40.0,1998-04-29,1998-05-27,1998-05-01,2,1
11058,11058-21,19980429,,BLAUS,9,21,3,GER-BE,3,10.0,0.0,31.14,30.0,30.0,18.0,12.0,40.0,1998-04-29,1998-05-27,,,
11058,11058-60,19980429,,BLAUS,9,60,3,GER-BE,21,34.0,0.0,31.14,714.0,714.0,428.4,285.6,40.0,1998-04-29,1998-05-27,,,
11058,11058-61,19980429,,BLAUS,9,61,3,GER-BE,4,28.5,0.0,31.14,114.0,114.0,68.4,45.6,40.0,1998-04-29,1998-05-27,,,
11059,11059-13,19980429,,RICAR,2,13,2,BRA-SA,30,6.0,0.0,85.8,180.0,180.0,108.0,72.0,40.0,1998-04-29,1998-06-10,,,
11059,11059-17,19980429,,RICAR,2,17,2,BRA-SA,12,39.0,0.0,85.8,468.0,468.0,280.8,187.2,40.0,1998-04-29,1998-06-10,,,
11059,11059-60,19980429,,RICAR,2,60,2,BRA-SA,35,34.0,0.0,85.8,1190.0,1190.0,714.0,476.0,40.0,1998-04-29,1998-06-10,,,
11060,11060-60,19980430,19980504,FRANS,2,60,2,ITA-TO,4,34.0,0.0,10.98,136.0,136.0,81.6,54.4,40.0,1998-04-30,1998-05-28,1998-05-04,4,1
11060,11060-77,19980430,19980504,FRANS,2,77,2,ITA-TO,10,13.0,0.0,10.98,130.0,130.0,78.0,52.0,40.0,1998-04-30,1998-05-28,1998-05-04,4,1
11061,11061-60,19980430,,GREAL,4,60,3,USA-EU,15,34.0,0.0,14.01,510.0,510.0,306.0,204.0,40.0,1998-04-30,1998-06-11,,,
11062,11062-53,19980430,,REGGC,4,53,2,ITA-TO,10,32.8,0.2,29.93,328.0,262.4,196.8,65.6,25.0,1998-04-30,1998-05-28,,,
11062,11062-70,19980430,,REGGC,4,70,2,ITA-TO,12,15.0,0.2,29.93,180.0,144.0,108.0,36.0,25.0,1998-04-30,1998-05-28,,,
11063,11063-34,19980430,19980506,HUNGO,3,34,2,IRE-CO,30,14.0,0.0,81.73,420.0,420.0,252.0,168.0,40.0,1998-04-30,1998-05-28,1998-05-06,6,1
11063,11063-40,19980430,19980506,HUNGO,3,40,2,IRE-CO,40,18.4,0.1,81.73,736.0,662.4,441.6,220.8,33.33,1998-04-30,1998-05-28,1998-05-06,6,1
11063,11063-41,19980430,19980506,HUNGO,3,41,2,IRE-CO,30,9.65,0.1,81.73,289.5,260.55,173.7,86.85,33.33,1998-04-30,1998-05-28,1998-05-06,6,1
11064,11064-17,19980501,19980504,SAVEA,1,17,1,USA-EU,77,39.0,0.1,30.09,3003.0,2702.7,1801.8,900.9,33.33,1998-05-01,1998-05-29,1998-05-04,3,1
11064,11064-41,19980501,19980504,SAVEA,1,41,1,USA-EU,12,9.65,0.0,30.09,115.8,115.8,69.48,46.32,40.0,1998-05-01,1998-05-29,1998-05-04,3,1
11064,11064-53,19980501,19980504,SAVEA,1,53,1,USA-EU,25,32.8,0.1,30.09,820.0,738.0,492.0,246.0,33.33,1998-05-01,1998-05-29,1998-05-04,3,1
11064,11064-55,19980501,19980504,SAVEA,1,55,1,USA-EU,4,24.0,0.1,30.09,96.0,86.4,57.6,28.8,33.33,1998-05-01,1998-05-29,1998-05-04,3,1
11064,11064-68,19980501,19980504,SAVEA,1,68,1,USA-EU,55,12.5,0.0,30.09,687.5,687.5,412.5,275.0,40.0,1998-05-01,1998-05-29,1998-05-04,3,1
11065,11065-30,19980501,,LILAS,8,30,1,VEN-CA,4,25.89,0.25,12.91,103.56,77.67,62.12,15.55,20.02,1998-05-01,1998-05-29,,,
11065,11065-54,19980501,,LILAS,8,54,1,VEN-CA,20,7.45,0.25,12.91,149.0,111.75,89.4,22.35,20.0,1998-05-01,1998-05-29,,,
11066,11066-16,19980501,19980504,WHITC,7,16,2,USA-EU,3,17.45,0.0,44.72,52.35,52.35,31.41,20.94,40.0,1998-05-01,1998-05-29,1998-05-04,3,1
11066,11066-19,19980501,19980504,WHITC,7,19,2,USA-EU,42,9.2,0.0,44.72,386.4,386.4,231.84,154.56,40.0,1998-05-01,1998-05-29,1998-05-04,3,1
11066,11066-34,19980501,19980504,WHITC,7,34,2,USA-EU,35,14.0,0.0,44.72,490.0,490.0,294.0,196.0,40.0,1998-05-01,1998-05-29,1998-05-04,3,1
11067,11067-41,19980504,19980506,DRACD,1,41,2,GER-BE,9,9.65,0.0,7.98,86.85,86.85,52.11,34.74,40.0,1998-05-04,1998-05-18,1998-05-06,2,1
11068,11068-28,19980504,,QUEEN,8,28,2,BRA-SA,8,45.6,0.15,81.75,364.8,310.08,218.88,91.2,29.41,1998-05-04,1998-06-01,,,
11068,11068-43,19980504,,QUEEN,8,43,2,BRA-SA,36,46.0,0.15,81.75,1656.0,1407.6,993.6,414.0,29.41,1998-05-04,1998-06-01,,,
11068,11068-77,19980504,,QUEEN,8,77,2,BRA-SA,28,13.0,0.15,81.75,364.0,309.4,218.4,91.0,29.41,1998-05-04,1998-06-01,,,
11069,11069-39,19980504,19980506,TORTU,1,39,2,MEX-MÉ,20,18.0,0.0,15.67,360.0,360.0,216.0,144.0,40.0,1998-05-04,1998-06-01,1998-05-06,2,1
11070,11070-1,19980505,,LEHMS,2,1,1,GER-BE,40,18.0,0.15,136.0,720.0,612.0,432.0,180.0,29.41,1998-05-05,1998-06-02,,,
11070,11070-2,19980505,,LEHMS,2,2,1,GER-BE,20,19.0,0.15,136.0,380.0,323.0,228.0,95.0,29.41,1998-05-05,1998-06-02,,,
11070,11070-16,19980505,,LEHMS,2,16,1,GER-BE,30,17.45,0.15,136.0,523.5,444.97,314.1,130.87,29.41,1998-05-05,1998-06-02,,,
11070,11070-31,19980505,,LEHMS,2,31,1,GER-BE,20,12.5,0.0,136.0,250.0,250.0,150.0,100.0,40.0,1998-05-05,1998-06-02,,,
11071,11071-7,19980505,,LILAS,1,7,1,VEN-CA,15,30.0,0.05,0.93,450.0,427.5,270.0,157.5,36.84,1998-05-05,1998-06-02,,,
11071,11071-13,19980505,,LILAS,1,13,1,VEN-CA,10,6.0,0.05,0.93,60.0,57.0,36.0,21.0,36.84,1998-05-05,1998-06-02,,,
11072,11072-2,19980505,,ERNSH,4,2,2,AUS-GR,8,19.0,0.0,258.64,152.0,152.0,91.2,60.8,40.0,1998-05-05,1998-06-02,,,
11072,11072-41,19980505,,ERNSH,4,41,2,AUS-GR,40,9.65,0.0,258.64,386.0,386.0,231.6,154.4,40.0,1998-05-05,1998-06-02,,,
11072,11072-50,19980505,,ERNSH,4,50,2,AUS-GR,22,16.25,0.0,258.64,357.5,357.5,214.5,143.0,40.0,1998-05-05,1998-06-02,,,
11072,11072-64,19980505,,ERNSH,4,64,2,AUS-GR,130,33.25,0.0,258.64,4322.5,4322.5,2593.5,1729.0,40.0,1998-05-05,1998-06-02,,,
11073,11073-11,19980505,,PERIC,2,11,2,MEX-MÉ,10,21.0,0.0,24.95,210.0,210.0,126.0,84.0,40.0,1998-05-05,1998-06-02,,,
11073,11073-24,19980505,,PERIC,2,24,2,MEX-MÉ,20,4.5,0.0,24.95,90.0,90.0,54.0,36.0,40.0,1998-05-05,1998-06-02,,,
11074,11074-16,19980506,,SIMOB,7,16,2,DEN-KO,14,17.45,0.05,18.44,244.3,232.09,146.58,85.51,36.84,1998-05-06,1998-06-03,,,
11075,11075-2,19980506,,RICSU,8,2,2,SWI-BE,10,19.0,0.15,6.19,190.0,161.5,114.0,47.5,29.41,1998-05-06,1998-06-03,,,
11075,11075-46,19980506,,RICSU,8,46,2,SWI-BE,30,12.0,0.15,6.19,360.0,306.0,216.0,90.0,29.41,1998-05-06,1998-06-03,,,
11075,11075-76,19980506,,RICSU,8,76,2,SWI-BE,2,18.0,0.15,6.19,36.0,30.6,21.6,9.0,29.41,1998-05-06,1998-06-03,,,
11076,11076-6,19980506,,BONAP,4,6,2,FRA-ST,20,25.0,0.25,38.28,500.0,375.0,300.0,75.0,20.0,1998-05-06,1998-06-03,,,
11076,11076-14,19980506,,BONAP,4,14,2,FRA-ST,20,23.25,0.25,38.28,465.0,348.75,279.0,69.75,20.0,1998-05-06,1998-06-03,,,
11076,11076-19,19980506,,BONAP,4,19,2,FRA-ST,10,9.2,0.25,38.28,92.0,69.0,55.2,13.8,20.0,1998-05-06,1998-06-03,,,
11077,11077-2,19980506,,RATTC,1,2,2,USA-EU,24,19.0,0.2,8.53,456.0,364.8,273.6,91.2,25.0,1998-05-06,1998-06-03,,,
11077,11077-3,19980506,,RATTC,1,3,2,USA-EU,4,10.0,0.0,8.53,40.0,40.0,24.0,16.0,40.0,1998-05-06,1998-06-03,,,
11077,11077-4,19980506,,RATTC,1,4,2,USA-EU,1,22.0,0.0,8.53,22.0,22.0,13.2,8.8,40.0,1998-05-06,1998-06-03,,,
11077,11077-6,19980506,,RATTC,1,6,2,USA-EU,1,25.0,0.02,8.53,25.0,24.5,15.0,9.5,38.78,1998-05-06,1998-06-03,,,
11077,11077-7,19980506,,RATTC,1,7,2,USA-EU,1,30.0,0.05,8.53,30.0,28.5,18.0,10.5,36.84,1998-05-06,1998-06-03,,,
11077,11077-8,19980506,,RATTC,1,8,2,USA-EU,2,40.0,0.1,8.53,80.0,72.0,48.0,24.0,33.33,1998-05-06,1998-06-03,,,
11077,11077-10,19980506,,RATTC,1,10,2,USA-EU,1,31.0,0.0,8.53,31.0,31.0,18.6,12.4,40.0,1998-05-06,1998-06-03,,,
11077,11077-12,19980506,,RATTC,1,12,2,USA-EU,2,38.0,0.05,8.53,76.0,72.2,45.6,26.6,36.84,1998-05-06,1998-06-03,,,
11077,11077-13,19980506,,RATTC,1,13,2,USA-EU,4,6.0,0.0,8.53,24.0,24.0,14.4,9.6,40.0,1998-05-06,1998-06-03,,,
11077,11077-14,19980506,,RATTC,1,14,2,USA-EU,1,23.25,0.03,8.53,23.25,22.55,13.95,8.6,38.14,1998-05-06,1998-06-03,,,
11077,11077-16,19980506,,RATTC,1,16,2,USA-EU,2,17.45,0.03,8.53,34.9,33.85,20.94,12.91,38.14,1998-05-06,1998-06-03,,,
11077,11077-20,19980506,,RATTC,1,20,2,USA-EU,1,81.0,0.04,8.53,81.0,77.76,48.6,29.16,37.5,1998-05-06,1998-06-03,,,
11077,11077-23,19980506,,RATTC,1,23,2,USA-EU,2,9.0,0.0,8.53,18.0,18.0,10.8,7.2,40.0,1998-05-06,1998-06-03,,,
11077,11077-32,19980506,,RATTC,1,32,2,USA-EU,1,32.0,0.0,8.53,32.0,32.0,19.2,12.8,40.0,1998-05-06,1998-06-03,,,
11077,11077-39,19980506,,RATTC,1,39,2,USA-EU,2,18.0,0.05,8.53,36.0,34.2,21.6,12.6,36.84,1998-05-06,1998-06-03,,,
11077,11077-41,19980506,,RATTC,1,41,2,USA-EU,3,9.65,0.0,8.53,28.95,28.95,17.37,11.58,40.0,1998-05-06,1998-06-03,,,
11077,11077-46,19980506,,RATTC,1,46,2,USA-EU,3,12.0,0.02,8.53,36.0,35.28,21.6,13.68,38.78,1998-05-06,1998-06-03,,,
11077,11077-52,19980506,,RATTC,1,52,2,USA-EU,2,7.0,0.0,8.53,14.0,14.0,8.4,5.6,40.0,1998-05-06,1998-06-03,,,
11077,11077-55,19980506,,RATTC,1,55,2,USA-EU,2,24.0,0.0,8.53,48.0,48.0,28.8,19.2,40.0,1998-05-06,1998-06-03,,,
11077,11077-60,19980506,,RATTC,1,60,2,USA-EU,2,34.0,0.06,8.53,68.0,63.92,40.8,23.12,36.17,1998-05-06,1998-06-03,,,
11077,11077-64,19980506,,RATTC,1,64,2,USA-EU,2,33.25,0.03,8.53,66.5,64.5,39.9,24.6,38.14,1998-05-06,1998-06-03,,,
11077,11077-66,19980506,,RATTC,1,66,2,USA-EU,1,17.0,0.0,8.53,17.0,17.0,10.2,6.8,40.0,1998-05-06,1998-06-03,,,
11077,11077-73,19980506,,RATTC,1,73,2,USA-EU,2,15.0,0.01,8.53,30.0,29.7,18.0,11.7,39.39,1998-05-06,1998-06-03,,,
11077,11077-75,19980506,,RATTC,1,75,2,USA-EU,4,7.75,0.0,8.53,31.0,31.0,18.6,12.4,40.0,1998-05-06,1998-06-03,,,
11077,11077-77,19980506,,RATTC,1,77,2,USA-EU,2,13.0,0.0,8.53,26.0,26.0,15.6,10.4,40.0,1998-05-06,1998-06-03,,,
